2026-01-29 12:38:47.198 - voice - ovos_dinkum_listener.service:__init__:169 - INFO - Starting Voice Service
2026-01-29 12:38:47.210 - voice - ovos_dinkum_listener.service:on_alive:96 - INFO - DinkumVoiceService is alive.
2026-01-29 12:38:47.211 - voice - ovos_dinkum_listener.service:_before_start:372 - INFO - Starting service...
2026-01-29 12:38:47.283 - voice - ovos_dinkum_listener.service:_connect_to_bus:476 - INFO - Connected to Mycroft Core message bus
2026-01-29 12:38:48.972 - voice - ovos_dinkum_listener.service:on_alive:96 - INFO - DinkumVoiceService is alive.
2026-01-29 12:38:48.976 - voice - ovos_dinkum_listener.voice_loop.hotwords:load_hotword_engines:124 - INFO - creating hotword engines
2026-01-29 12:38:48.978 - voice - ovos_microphone_plugin_alsa:_run:113 - ERROR - Failed to open microphone
Traceback (most recent call last):
  File "/home/ovos/.venv/lib/python3.13/site-packages/ovos_microphone_plugin_alsa/__init__.py", line 78, in _run
    mic = alsaaudio.PCM(
        type=alsaaudio.PCM_CAPTURE,
    ...<6 lines>...
        periodsize=self.period_size,
    )
alsaaudio.ALSAAudioError: Host is down [default]
2026-01-29 12:38:48.980 - voice - ovos_plugin_manager.wakewords:load_module:141 - INFO - Loading "hey_mycroft" wake word via ovos-ww-plugin-precise-lite with config: {'module': 'ovos-ww-plugin-precise-lite', 'model': 'https://github.com/OpenVoiceOS/precise-lite-models/raw/master/wakewords/en/hey_mycroft.tflite', 'expected_duration': 3, 'trigger_level': 3, 'sensitivity': 0.5, 'listen': True, 'fallback_ww': 'hey_mycroft_precise'}
2026-01-29 12:38:50.559 - voice - ovos_plugin_manager.wakewords:load_module:148 - INFO - Loaded the Wake Word hey_mycroft with module ovos-ww-plugin-precise-lite
2026-01-29 12:38:50.571 - voice - ovos_ww_plugin_precise_lite:download_model:49 - INFO - Downloading model for precise-lite:
2026-01-29 12:38:50.572 - voice - ovos_ww_plugin_precise_lite:download_model:50 - INFO - https://github.com/OpenVoiceOS/precise-lite-models/raw/master/wakewords/en/hey_mycroft.tflite
2026-01-29 12:38:51.124 - voice - ovos_ww_plugin_precise_lite:download_model:55 - INFO - Model downloaded to /home/ovos/.local/share/precise-lite/hey_mycroft.tflite
2026-01-29 12:38:51.187 - voice - ovos_dinkum_listener.voice_loop.hotwords:load_hotword_engines:173 - INFO - Loading hotword: hey_mycroft with engine: <ovos_ww_plugin_precise_lite.PreciseLiteHotwordPlugin object at 0x7ffec1620830>
2026-01-29 12:38:51.190 - voice - ovos_plugin_manager.wakewords:load_module:141 - INFO - Loading "wake_up" wake word via ovos-ww-plugin-vosk with config: {'module': 'ovos-ww-plugin-vosk', 'rule': 'fuzzy', 'samples': ['wake up'], 'lang': 'en-us', 'wakeup': True, 'fallback_ww': 'wake_up_pocketsphinx'}
2026-01-29 12:38:51.199 - voice - ovos_plugin_manager.wakewords:load_module:148 - INFO - Loaded the Wake Word wake_up with module ovos-ww-plugin-vosk
2026-01-29 12:38:51.200 - voice - ovos_ww_plugin_vosk:download_model:114 - INFO - Downloading model for vosk http://alphacephei.com/vosk/models/vosk-model-small-en-us-0.15.zip
2026-01-29 12:38:51.201 - voice - ovos_ww_plugin_vosk:download_model:115 - INFO - this might take a while
2026-01-29 12:39:04.938 - voice - ovos_ww_plugin_vosk:download_model:120 - INFO - Model downloaded to /home/ovos/.local/share/vosk/vosk-model-small-en-us-0.15
2026-01-29 12:39:05.383 - voice - ovos_dinkum_listener.voice_loop.hotwords:load_hotword_engines:173 - INFO - Loading hotword: wake_up with engine: <ovos_ww_plugin_vosk.VoskWakeWordPlugin object at 0x7ffea05ccd70>
2026-01-29 12:39:05.384 - voice - ovos_dinkum_listener.voice_loop.hotwords:load_hotword_engines:217 - WARNING - No stop words loaded
2026-01-29 12:39:05.384 - voice - ovos_dinkum_listener.voice_loop.voice_loop:start:190 - INFO - Listening mode: ListeningMode.WAKEWORD
2026-01-29 12:39:05.385 - voice - ovos_dinkum_listener.voice_loop.voice_loop:start:191 - INFO - VAD pre-wake enabled: False
2026-01-29 12:39:08.387 - voice - ovos_dinkum_listener.service:on_started:100 - INFO - DinkumVoiceService started.
2026-01-29 12:39:08.388 - voice - ovos_dinkum_listener.service:on_started:100 - INFO - DinkumVoiceService started.
2026-01-29 12:39:08.388 - voice - ovos_dinkum_listener.service:on_ready:92 - INFO - DinkumVoiceService is ready.
2026-01-29 12:39:08.389 - voice - ovos_dinkum_listener.service:run:349 - INFO - Service ready
2026-01-29 12:39:08.390 - voice - ovos_dinkum_listener.voice_loop.voice_loop:run:255 - INFO - Starting loop in mode: ListeningMode.WAKEWORD
2026-01-29 12:56:12.963 - voice - ovos_dinkum_listener.service:__init__:169 - INFO - Starting Voice Service
2026-01-29 12:56:12.976 - voice - ovos_dinkum_listener.service:on_alive:96 - INFO - DinkumVoiceService is alive.
2026-01-29 12:56:12.976 - voice - ovos_dinkum_listener.service:_before_start:372 - INFO - Starting service...
2026-01-29 12:56:13.049 - voice - ovos_dinkum_listener.service:_connect_to_bus:476 - INFO - Connected to Mycroft Core message bus
2026-01-29 12:56:13.607 - voice - ovos_dinkum_listener.service:on_alive:96 - INFO - DinkumVoiceService is alive.
2026-01-29 12:56:13.612 - voice - ovos_dinkum_listener.voice_loop.hotwords:load_hotword_engines:124 - INFO - creating hotword engines
2026-01-29 12:56:13.612 - voice - ovos_microphone_plugin_alsa:_run:113 - ERROR - Failed to open microphone
Traceback (most recent call last):
  File "/home/ovos/.venv/lib/python3.13/site-packages/ovos_microphone_plugin_alsa/__init__.py", line 78, in _run
    mic = alsaaudio.PCM(
        type=alsaaudio.PCM_CAPTURE,
    ...<6 lines>...
        periodsize=self.period_size,
    )
alsaaudio.ALSAAudioError: Host is down [default]
2026-01-29 12:56:13.614 - voice - ovos_plugin_manager.wakewords:load_module:141 - INFO - Loading "hey_mycroft" wake word via ovos-ww-plugin-precise-lite with config: {'module': 'ovos-ww-plugin-precise-lite', 'model': 'https://github.com/OpenVoiceOS/precise-lite-models/raw/master/wakewords/en/hey_mycroft.tflite', 'expected_duration': 3, 'trigger_level': 3, 'sensitivity': 0.5, 'listen': True, 'fallback_ww': 'hey_mycroft_precise'}
2026-01-29 12:56:14.452 - voice - ovos_plugin_manager.wakewords:load_module:148 - INFO - Loaded the Wake Word hey_mycroft with module ovos-ww-plugin-precise-lite
2026-01-29 12:56:14.455 - voice - ovos_dinkum_listener.voice_loop.hotwords:load_hotword_engines:173 - INFO - Loading hotword: hey_mycroft with engine: <ovos_ww_plugin_precise_lite.PreciseLiteHotwordPlugin object at 0x7ffeb2178830>
2026-01-29 12:56:14.457 - voice - ovos_plugin_manager.wakewords:load_module:141 - INFO - Loading "wake_up" wake word via ovos-ww-plugin-vosk with config: {'module': 'ovos-ww-plugin-vosk', 'rule': 'fuzzy', 'samples': ['wake up'], 'lang': 'en-us', 'wakeup': True, 'fallback_ww': 'wake_up_pocketsphinx'}
2026-01-29 12:56:14.465 - voice - ovos_plugin_manager.wakewords:load_module:148 - INFO - Loaded the Wake Word wake_up with module ovos-ww-plugin-vosk
2026-01-29 12:56:14.926 - voice - ovos_dinkum_listener.voice_loop.hotwords:load_hotword_engines:173 - INFO - Loading hotword: wake_up with engine: <ovos_ww_plugin_vosk.VoskWakeWordPlugin object at 0x7ffe951b8d70>
2026-01-29 12:56:14.927 - voice - ovos_dinkum_listener.voice_loop.hotwords:load_hotword_engines:217 - WARNING - No stop words loaded
2026-01-29 12:56:14.928 - voice - ovos_dinkum_listener.voice_loop.voice_loop:start:190 - INFO - Listening mode: ListeningMode.WAKEWORD
2026-01-29 12:56:14.928 - voice - ovos_dinkum_listener.voice_loop.voice_loop:start:191 - INFO - VAD pre-wake enabled: False
2026-01-29 12:56:17.931 - voice - ovos_dinkum_listener.service:on_started:100 - INFO - DinkumVoiceService started.
2026-01-29 12:56:17.932 - voice - ovos_dinkum_listener.service:on_started:100 - INFO - DinkumVoiceService started.
2026-01-29 12:56:17.932 - voice - ovos_dinkum_listener.service:on_ready:92 - INFO - DinkumVoiceService is ready.
2026-01-29 12:56:17.933 - voice - ovos_dinkum_listener.service:run:349 - INFO - Service ready
2026-01-29 12:56:17.933 - voice - ovos_dinkum_listener.voice_loop.voice_loop:run:255 - INFO - Starting loop in mode: ListeningMode.WAKEWORD
2026-01-29 13:07:12.164 - voice - ovos_bus_client.client.client:on_error:112 - WARNING - Could not send message because connection has closed
2026-01-29 13:07:12.165 - voice - ovos_bus_client.client.client:on_error:130 - WARNING - Message Bus Client will reconnect in 5.0 seconds.
2026-01-29 13:07:17.168 - voice - ovos_bus_client.client.client:on_error:114 - WARNING - Connection Refused. Is Messagebus Service running?
2026-01-29 13:07:17.169 - voice - ovos_bus_client.client.client:on_error:130 - WARNING - Message Bus Client will reconnect in 10.0 seconds.
2026-01-29 13:07:59.155 - voice - ovos_dinkum_listener.service:__init__:169 - INFO - Starting Voice Service
2026-01-29 13:07:59.177 - voice - ovos_dinkum_listener.service:on_alive:96 - INFO - DinkumVoiceService is alive.
2026-01-29 13:07:59.178 - voice - ovos_dinkum_listener.service:_before_start:372 - INFO - Starting service...
2026-01-29 13:07:59.266 - voice - ovos_dinkum_listener.service:_connect_to_bus:476 - INFO - Connected to Mycroft Core message bus
2026-01-29 13:08:02.233 - voice - ovos_dinkum_listener.service:on_alive:96 - INFO - DinkumVoiceService is alive.
2026-01-29 13:08:02.235 - voice - ovos_dinkum_listener.voice_loop.hotwords:load_hotword_engines:124 - INFO - creating hotword engines
2026-01-29 13:08:02.241 - voice - ovos_plugin_manager.wakewords:load_module:141 - INFO - Loading "hey_mycroft" wake word via ovos-ww-plugin-precise-lite with config: {'module': 'ovos-ww-plugin-precise-lite', 'model': 'https://github.com/OpenVoiceOS/precise-lite-models/raw/master/wakewords/en/hey_mycroft.tflite', 'expected_duration': 3, 'trigger_level': 3, 'sensitivity': 0.5, 'listen': True, 'fallback_ww': 'hey_mycroft_precise'}
2026-01-29 13:08:02.242 - voice - ovos_microphone_plugin_alsa:_run:113 - ERROR - Failed to open microphone
Traceback (most recent call last):
  File "/home/ovos/.venv/lib/python3.13/site-packages/ovos_microphone_plugin_alsa/__init__.py", line 78, in _run
    mic = alsaaudio.PCM(
        type=alsaaudio.PCM_CAPTURE,
    ...<6 lines>...
        periodsize=self.period_size,
    )
alsaaudio.ALSAAudioError: Host is down [default]
2026-01-29 13:08:04.133 - voice - ovos_plugin_manager.wakewords:load_module:148 - INFO - Loaded the Wake Word hey_mycroft with module ovos-ww-plugin-precise-lite
2026-01-29 13:08:04.212 - voice - ovos_dinkum_listener.voice_loop.hotwords:load_hotword_engines:173 - INFO - Loading hotword: hey_mycroft with engine: <ovos_ww_plugin_precise_lite.PreciseLiteHotwordPlugin object at 0x7fff81770830>
2026-01-29 13:08:04.218 - voice - ovos_plugin_manager.wakewords:load_module:141 - INFO - Loading "wake_up" wake word via ovos-ww-plugin-vosk with config: {'module': 'ovos-ww-plugin-vosk', 'rule': 'fuzzy', 'samples': ['wake up'], 'lang': 'en-us', 'wakeup': True, 'fallback_ww': 'wake_up_pocketsphinx'}
2026-01-29 13:08:04.225 - voice - ovos_plugin_manager.wakewords:load_module:148 - INFO - Loaded the Wake Word wake_up with module ovos-ww-plugin-vosk
2026-01-29 13:08:05.532 - voice - ovos_dinkum_listener.voice_loop.hotwords:load_hotword_engines:173 - INFO - Loading hotword: wake_up with engine: <ovos_ww_plugin_vosk.VoskWakeWordPlugin object at 0x7fff64784d70>
2026-01-29 13:08:05.533 - voice - ovos_dinkum_listener.voice_loop.hotwords:load_hotword_engines:217 - WARNING - No stop words loaded
2026-01-29 13:08:05.534 - voice - ovos_dinkum_listener.voice_loop.voice_loop:start:190 - INFO - Listening mode: ListeningMode.WAKEWORD
2026-01-29 13:08:05.534 - voice - ovos_dinkum_listener.voice_loop.voice_loop:start:191 - INFO - VAD pre-wake enabled: False
2026-01-29 13:08:08.537 - voice - ovos_dinkum_listener.service:on_started:100 - INFO - DinkumVoiceService started.
2026-01-29 13:08:08.538 - voice - ovos_dinkum_listener.service:on_started:100 - INFO - DinkumVoiceService started.
2026-01-29 13:08:08.538 - voice - ovos_dinkum_listener.service:on_ready:92 - INFO - DinkumVoiceService is ready.
2026-01-29 13:08:08.539 - voice - ovos_dinkum_listener.service:run:349 - INFO - Service ready
2026-01-29 13:08:08.539 - voice - ovos_dinkum_listener.voice_loop.voice_loop:run:255 - INFO - Starting loop in mode: ListeningMode.WAKEWORD
2026-01-29 13:32:08.122 - voice - ovos_bus_client.client.client:on_error:112 - WARNING - Could not send message because connection has closed
2026-01-29 13:32:08.123 - voice - ovos_bus_client.client.client:on_error:130 - WARNING - Message Bus Client will reconnect in 5.0 seconds.
2026-01-29 13:32:13.125 - voice - ovos_bus_client.client.client:on_error:114 - WARNING - Connection Refused. Is Messagebus Service running?
2026-01-29 13:32:13.126 - voice - ovos_bus_client.client.client:on_error:130 - WARNING - Message Bus Client will reconnect in 10.0 seconds.
2026-01-29 13:32:55.020 - voice - ovos_dinkum_listener.service:__init__:169 - INFO - Starting Voice Service
2026-01-29 13:32:55.039 - voice - ovos_dinkum_listener.service:on_alive:96 - INFO - DinkumVoiceService is alive.
2026-01-29 13:32:55.040 - voice - ovos_dinkum_listener.service:_before_start:372 - INFO - Starting service...
2026-01-29 13:32:55.133 - voice - ovos_dinkum_listener.service:_connect_to_bus:476 - INFO - Connected to Mycroft Core message bus
2026-01-29 13:32:57.855 - voice - ovos_dinkum_listener.service:on_alive:96 - INFO - DinkumVoiceService is alive.
2026-01-29 13:32:57.859 - voice - ovos_dinkum_listener.voice_loop.hotwords:load_hotword_engines:124 - INFO - creating hotword engines
2026-01-29 13:32:57.861 - voice - ovos_microphone_plugin_alsa:_run:113 - ERROR - Failed to open microphone
Traceback (most recent call last):
  File "/home/ovos/.venv/lib/python3.13/site-packages/ovos_microphone_plugin_alsa/__init__.py", line 78, in _run
    mic = alsaaudio.PCM(
        type=alsaaudio.PCM_CAPTURE,
    ...<6 lines>...
        periodsize=self.period_size,
    )
alsaaudio.ALSAAudioError: Host is down [default]
2026-01-29 13:32:57.863 - voice - ovos_plugin_manager.wakewords:load_module:141 - INFO - Loading "hey_mycroft" wake word via ovos-ww-plugin-precise-lite with config: {'module': 'ovos-ww-plugin-precise-lite', 'model': 'https://github.com/OpenVoiceOS/precise-lite-models/raw/master/wakewords/en/hey_mycroft.tflite', 'expected_duration': 3, 'trigger_level': 3, 'sensitivity': 0.5, 'listen': True, 'fallback_ww': 'hey_mycroft_precise'}
2026-01-29 13:32:59.776 - voice - ovos_plugin_manager.wakewords:load_module:148 - INFO - Loaded the Wake Word hey_mycroft with module ovos-ww-plugin-precise-lite
2026-01-29 13:32:59.883 - voice - ovos_dinkum_listener.voice_loop.hotwords:load_hotword_engines:173 - INFO - Loading hotword: hey_mycroft with engine: <ovos_ww_plugin_precise_lite.PreciseLiteHotwordPlugin object at 0x7fff15588830>
2026-01-29 13:32:59.891 - voice - ovos_plugin_manager.wakewords:load_module:141 - INFO - Loading "wake_up" wake word via ovos-ww-plugin-vosk with config: {'module': 'ovos-ww-plugin-vosk', 'rule': 'fuzzy', 'samples': ['wake up'], 'lang': 'en-us', 'wakeup': True, 'fallback_ww': 'wake_up_pocketsphinx'}
2026-01-29 13:32:59.899 - voice - ovos_plugin_manager.wakewords:load_module:148 - INFO - Loaded the Wake Word wake_up with module ovos-ww-plugin-vosk
2026-01-29 13:33:01.175 - voice - ovos_dinkum_listener.voice_loop.hotwords:load_hotword_engines:173 - INFO - Loading hotword: wake_up with engine: <ovos_ww_plugin_vosk.VoskWakeWordPlugin object at 0x7ffef8524d70>
2026-01-29 13:33:01.176 - voice - ovos_dinkum_listener.voice_loop.hotwords:load_hotword_engines:217 - WARNING - No stop words loaded
2026-01-29 13:33:01.178 - voice - ovos_dinkum_listener.voice_loop.voice_loop:start:190 - INFO - Listening mode: ListeningMode.WAKEWORD
2026-01-29 13:33:01.178 - voice - ovos_dinkum_listener.voice_loop.voice_loop:start:191 - INFO - VAD pre-wake enabled: False
2026-01-29 13:33:04.182 - voice - ovos_dinkum_listener.service:on_started:100 - INFO - DinkumVoiceService started.
2026-01-29 13:33:04.186 - voice - ovos_dinkum_listener.service:on_started:100 - INFO - DinkumVoiceService started.
2026-01-29 13:33:04.187 - voice - ovos_dinkum_listener.service:on_ready:92 - INFO - DinkumVoiceService is ready.
2026-01-29 13:33:04.188 - voice - ovos_dinkum_listener.service:run:349 - INFO - Service ready
2026-01-29 13:33:04.188 - voice - ovos_dinkum_listener.voice_loop.voice_loop:run:255 - INFO - Starting loop in mode: ListeningMode.WAKEWORD
2026-01-29 13:37:39.936 - voice - ovos_bus_client.client.client:on_error:112 - WARNING - Could not send message because connection has closed
2026-01-29 13:37:39.939 - voice - ovos_bus_client.client.client:on_error:130 - WARNING - Message Bus Client will reconnect in 5.0 seconds.
2026-01-29 14:16:53.524 - voice - ovos_dinkum_listener.service:__init__:169 - INFO - Starting Voice Service
2026-01-29 14:16:53.539 - voice - ovos_dinkum_listener.service:on_alive:96 - INFO - DinkumVoiceService is alive.
2026-01-29 14:16:53.541 - voice - ovos_dinkum_listener.service:_before_start:372 - INFO - Starting service...
2026-01-29 14:16:53.840 - voice - ovos_dinkum_listener.service:_connect_to_bus:476 - INFO - Connected to Mycroft Core message bus
2026-01-29 14:16:54.512 - voice - ovos_dinkum_listener.service:on_alive:96 - INFO - DinkumVoiceService is alive.
2026-01-29 14:16:54.516 - voice - ovos_dinkum_listener.voice_loop.hotwords:load_hotword_engines:124 - INFO - creating hotword engines
2026-01-29 14:16:54.518 - voice - ovos_microphone_plugin_alsa:_run:113 - ERROR - Failed to open microphone
Traceback (most recent call last):
  File "/home/ovos/.venv/lib/python3.13/site-packages/ovos_microphone_plugin_alsa/__init__.py", line 78, in _run
    mic = alsaaudio.PCM(
        type=alsaaudio.PCM_CAPTURE,
    ...<6 lines>...
        periodsize=self.period_size,
    )
alsaaudio.ALSAAudioError: Host is down [default]
2026-01-29 14:16:54.519 - voice - ovos_plugin_manager.wakewords:load_module:141 - INFO - Loading "hey_mycroft" wake word via ovos-ww-plugin-precise-lite with config: {'module': 'ovos-ww-plugin-precise-lite', 'model': 'https://github.com/OpenVoiceOS/precise-lite-models/raw/master/wakewords/en/hey_mycroft.tflite', 'expected_duration': 3, 'trigger_level': 3, 'sensitivity': 0.5, 'listen': True, 'fallback_ww': 'hey_mycroft_precise'}
2026-01-29 14:16:55.382 - voice - ovos_plugin_manager.wakewords:load_module:148 - INFO - Loaded the Wake Word hey_mycroft with module ovos-ww-plugin-precise-lite
2026-01-29 14:16:55.385 - voice - ovos_dinkum_listener.voice_loop.hotwords:load_hotword_engines:173 - INFO - Loading hotword: hey_mycroft with engine: <ovos_ww_plugin_precise_lite.PreciseLiteHotwordPlugin object at 0x7ffef2130830>
2026-01-29 14:16:55.387 - voice - ovos_plugin_manager.wakewords:load_module:141 - INFO - Loading "wake_up" wake word via ovos-ww-plugin-vosk with config: {'module': 'ovos-ww-plugin-vosk', 'rule': 'fuzzy', 'samples': ['wake up'], 'lang': 'en-us', 'wakeup': True, 'fallback_ww': 'wake_up_pocketsphinx'}
2026-01-29 14:16:55.394 - voice - ovos_plugin_manager.wakewords:load_module:148 - INFO - Loaded the Wake Word wake_up with module ovos-ww-plugin-vosk
2026-01-29 14:16:56.014 - voice - ovos_dinkum_listener.voice_loop.hotwords:load_hotword_engines:173 - INFO - Loading hotword: wake_up with engine: <ovos_ww_plugin_vosk.VoskWakeWordPlugin object at 0x7ffed5140d70>
2026-01-29 14:16:56.015 - voice - ovos_dinkum_listener.voice_loop.hotwords:load_hotword_engines:217 - WARNING - No stop words loaded
2026-01-29 14:16:56.016 - voice - ovos_dinkum_listener.voice_loop.voice_loop:start:190 - INFO - Listening mode: ListeningMode.WAKEWORD
2026-01-29 14:16:56.017 - voice - ovos_dinkum_listener.voice_loop.voice_loop:start:191 - INFO - VAD pre-wake enabled: False
2026-01-29 14:16:59.019 - voice - ovos_dinkum_listener.service:on_started:100 - INFO - DinkumVoiceService started.
2026-01-29 14:16:59.020 - voice - ovos_dinkum_listener.service:on_started:100 - INFO - DinkumVoiceService started.
2026-01-29 14:16:59.021 - voice - ovos_dinkum_listener.service:on_ready:92 - INFO - DinkumVoiceService is ready.
2026-01-29 14:16:59.021 - voice - ovos_dinkum_listener.service:run:349 - INFO - Service ready
2026-01-29 14:16:59.022 - voice - ovos_dinkum_listener.voice_loop.voice_loop:run:255 - INFO - Starting loop in mode: ListeningMode.WAKEWORD
2026-01-29 14:32:02.547 - voice - ovos_dinkum_listener.service:__init__:169 - INFO - Starting Voice Service
2026-01-29 14:32:02.566 - voice - ovos_dinkum_listener.service:on_alive:96 - INFO - DinkumVoiceService is alive.
2026-01-29 14:32:02.568 - voice - ovos_dinkum_listener.service:_before_start:372 - INFO - Starting service...
2026-01-29 14:32:02.659 - voice - ovos_dinkum_listener.service:_connect_to_bus:476 - INFO - Connected to Mycroft Core message bus
2026-01-29 14:32:03.893 - voice - ovos_dinkum_listener.service:on_alive:96 - INFO - DinkumVoiceService is alive.
2026-01-29 14:32:03.899 - voice - ovos_dinkum_listener.voice_loop.hotwords:load_hotword_engines:124 - INFO - creating hotword engines
2026-01-29 14:32:03.900 - voice - ovos_microphone_plugin_alsa:_run:113 - ERROR - Failed to open microphone
Traceback (most recent call last):
  File "/home/ovos/.venv/lib/python3.13/site-packages/ovos_microphone_plugin_alsa/__init__.py", line 78, in _run
    mic = alsaaudio.PCM(
        type=alsaaudio.PCM_CAPTURE,
    ...<6 lines>...
        periodsize=self.period_size,
    )
alsaaudio.ALSAAudioError: Host is down [default]
2026-01-29 14:32:03.902 - voice - ovos_plugin_manager.wakewords:load_module:141 - INFO - Loading "hey_mycroft" wake word via ovos-ww-plugin-precise-lite with config: {'module': 'ovos-ww-plugin-precise-lite', 'model': 'https://github.com/OpenVoiceOS/precise-lite-models/raw/master/wakewords/en/hey_mycroft.tflite', 'expected_duration': 3, 'trigger_level': 3, 'sensitivity': 0.5, 'listen': True, 'fallback_ww': 'hey_mycroft_precise'}
2026-01-29 14:32:04.871 - voice - ovos_plugin_manager.wakewords:load_module:148 - INFO - Loaded the Wake Word hey_mycroft with module ovos-ww-plugin-precise-lite
2026-01-29 14:32:04.875 - voice - ovos_dinkum_listener.voice_loop.hotwords:load_hotword_engines:173 - INFO - Loading hotword: hey_mycroft with engine: <ovos_ww_plugin_precise_lite.PreciseLiteHotwordPlugin object at 0x7ffeebea4830>
2026-01-29 14:32:04.877 - voice - ovos_plugin_manager.wakewords:load_module:141 - INFO - Loading "wake_up" wake word via ovos-ww-plugin-vosk with config: {'module': 'ovos-ww-plugin-vosk', 'rule': 'fuzzy', 'samples': ['wake up'], 'lang': 'en-us', 'wakeup': True, 'fallback_ww': 'wake_up_pocketsphinx'}
2026-01-29 14:32:04.899 - voice - ovos_plugin_manager.wakewords:load_module:148 - INFO - Loaded the Wake Word wake_up with module ovos-ww-plugin-vosk
2026-01-29 14:32:05.760 - voice - ovos_dinkum_listener.voice_loop.hotwords:load_hotword_engines:173 - INFO - Loading hotword: wake_up with engine: <ovos_ww_plugin_vosk.VoskWakeWordPlugin object at 0x7ffecee88d70>
2026-01-29 14:32:05.761 - voice - ovos_dinkum_listener.voice_loop.hotwords:load_hotword_engines:217 - WARNING - No stop words loaded
2026-01-29 14:32:05.762 - voice - ovos_dinkum_listener.voice_loop.voice_loop:start:190 - INFO - Listening mode: ListeningMode.WAKEWORD
2026-01-29 14:32:05.763 - voice - ovos_dinkum_listener.voice_loop.voice_loop:start:191 - INFO - VAD pre-wake enabled: False
2026-01-29 14:32:08.765 - voice - ovos_dinkum_listener.service:on_started:100 - INFO - DinkumVoiceService started.
2026-01-29 14:32:08.766 - voice - ovos_dinkum_listener.service:on_started:100 - INFO - DinkumVoiceService started.
2026-01-29 14:32:08.768 - voice - ovos_dinkum_listener.service:on_ready:92 - INFO - DinkumVoiceService is ready.
2026-01-29 14:32:08.769 - voice - ovos_dinkum_listener.service:run:349 - INFO - Service ready
2026-01-29 14:32:08.770 - voice - ovos_dinkum_listener.voice_loop.voice_loop:run:255 - INFO - Starting loop in mode: ListeningMode.WAKEWORD
2026-01-29 14:37:31.209 - voice - ovos_dinkum_listener.service:__init__:169 - INFO - Starting Voice Service
2026-01-29 14:37:31.225 - voice - ovos_dinkum_listener.service:on_alive:96 - INFO - DinkumVoiceService is alive.
2026-01-29 14:37:31.226 - voice - ovos_dinkum_listener.service:_before_start:372 - INFO - Starting service...
2026-01-29 14:37:31.333 - voice - ovos_dinkum_listener.service:_connect_to_bus:476 - INFO - Connected to Mycroft Core message bus
2026-01-29 14:37:32.229 - voice - ovos_dinkum_listener.service:on_alive:96 - INFO - DinkumVoiceService is alive.
2026-01-29 14:37:32.234 - voice - ovos_dinkum_listener.voice_loop.hotwords:load_hotword_engines:124 - INFO - creating hotword engines
2026-01-29 14:37:32.235 - voice - ovos_microphone_plugin_alsa:_run:113 - ERROR - Failed to open microphone
Traceback (most recent call last):
  File "/home/ovos/.venv/lib/python3.13/site-packages/ovos_microphone_plugin_alsa/__init__.py", line 78, in _run
    mic = alsaaudio.PCM(
        type=alsaaudio.PCM_CAPTURE,
    ...<6 lines>...
        periodsize=self.period_size,
    )
alsaaudio.ALSAAudioError: Host is down [default]
2026-01-29 14:37:32.237 - voice - ovos_plugin_manager.wakewords:load_module:141 - INFO - Loading "hey_mycroft" wake word via ovos-ww-plugin-precise-lite with config: {'module': 'ovos-ww-plugin-precise-lite', 'model': 'https://github.com/OpenVoiceOS/precise-lite-models/raw/master/wakewords/en/hey_mycroft.tflite', 'expected_duration': 3, 'trigger_level': 3, 'sensitivity': 0.5, 'listen': True, 'fallback_ww': 'hey_mycroft_precise'}
2026-01-29 14:37:33.196 - voice - ovos_plugin_manager.wakewords:load_module:148 - INFO - Loaded the Wake Word hey_mycroft with module ovos-ww-plugin-precise-lite
2026-01-29 14:37:33.199 - voice - ovos_dinkum_listener.voice_loop.hotwords:load_hotword_engines:173 - INFO - Loading hotword: hey_mycroft with engine: <ovos_ww_plugin_precise_lite.PreciseLiteHotwordPlugin object at 0x7ffee3340830>
2026-01-29 14:37:33.202 - voice - ovos_plugin_manager.wakewords:load_module:141 - INFO - Loading "wake_up" wake word via ovos-ww-plugin-vosk with config: {'module': 'ovos-ww-plugin-vosk', 'rule': 'fuzzy', 'samples': ['wake up'], 'lang': 'en-us', 'wakeup': True, 'fallback_ww': 'wake_up_pocketsphinx'}
2026-01-29 14:37:33.221 - voice - ovos_plugin_manager.wakewords:load_module:148 - INFO - Loaded the Wake Word wake_up with module ovos-ww-plugin-vosk
2026-01-29 14:37:34.256 - voice - ovos_dinkum_listener.voice_loop.hotwords:load_hotword_engines:173 - INFO - Loading hotword: wake_up with engine: <ovos_ww_plugin_vosk.VoskWakeWordPlugin object at 0x7ffec6390d70>
2026-01-29 14:37:34.257 - voice - ovos_dinkum_listener.voice_loop.hotwords:load_hotword_engines:217 - WARNING - No stop words loaded
2026-01-29 14:37:34.258 - voice - ovos_dinkum_listener.voice_loop.voice_loop:start:190 - INFO - Listening mode: ListeningMode.WAKEWORD
2026-01-29 14:37:34.263 - voice - ovos_dinkum_listener.voice_loop.voice_loop:start:191 - INFO - VAD pre-wake enabled: False
2026-01-29 14:37:37.269 - voice - ovos_dinkum_listener.service:on_started:100 - INFO - DinkumVoiceService started.
2026-01-29 14:37:37.271 - voice - ovos_dinkum_listener.service:on_started:100 - INFO - DinkumVoiceService started.
2026-01-29 14:37:37.271 - voice - ovos_dinkum_listener.service:on_ready:92 - INFO - DinkumVoiceService is ready.
2026-01-29 14:37:37.272 - voice - ovos_dinkum_listener.service:run:349 - INFO - Service ready
2026-01-29 14:37:37.272 - voice - ovos_dinkum_listener.voice_loop.voice_loop:run:255 - INFO - Starting loop in mode: ListeningMode.WAKEWORD
2026-01-29 14:42:47.001 - voice - ovos_dinkum_listener.service:__init__:169 - INFO - Starting Voice Service
2026-01-29 14:42:47.016 - voice - ovos_dinkum_listener.service:on_alive:96 - INFO - DinkumVoiceService is alive.
2026-01-29 14:42:47.017 - voice - ovos_dinkum_listener.service:_before_start:372 - INFO - Starting service...
2026-01-29 14:42:47.118 - voice - ovos_dinkum_listener.service:_connect_to_bus:476 - INFO - Connected to Mycroft Core message bus
2026-01-29 14:42:47.884 - voice - ovos_dinkum_listener.service:on_alive:96 - INFO - DinkumVoiceService is alive.
2026-01-29 14:42:47.888 - voice - ovos_dinkum_listener.voice_loop.hotwords:load_hotword_engines:124 - INFO - creating hotword engines
2026-01-29 14:42:47.889 - voice - ovos_microphone_plugin_alsa:_run:113 - ERROR - Failed to open microphone
Traceback (most recent call last):
  File "/home/ovos/.venv/lib/python3.13/site-packages/ovos_microphone_plugin_alsa/__init__.py", line 78, in _run
    mic = alsaaudio.PCM(
        type=alsaaudio.PCM_CAPTURE,
    ...<6 lines>...
        periodsize=self.period_size,
    )
alsaaudio.ALSAAudioError: Host is down [default]
2026-01-29 14:42:47.891 - voice - ovos_plugin_manager.wakewords:load_module:141 - INFO - Loading "hey_mycroft" wake word via ovos-ww-plugin-precise-lite with config: {'module': 'ovos-ww-plugin-precise-lite', 'model': 'https://github.com/OpenVoiceOS/precise-lite-models/raw/master/wakewords/en/hey_mycroft.tflite', 'expected_duration': 3, 'trigger_level': 3, 'sensitivity': 0.5, 'listen': True, 'fallback_ww': 'hey_mycroft_precise'}
2026-01-29 14:42:48.815 - voice - ovos_plugin_manager.wakewords:load_module:148 - INFO - Loaded the Wake Word hey_mycroft with module ovos-ww-plugin-precise-lite
2026-01-29 14:42:48.818 - voice - ovos_dinkum_listener.voice_loop.hotwords:load_hotword_engines:173 - INFO - Loading hotword: hey_mycroft with engine: <ovos_ww_plugin_precise_lite.PreciseLiteHotwordPlugin object at 0x7fff47f60830>
2026-01-29 14:42:48.820 - voice - ovos_plugin_manager.wakewords:load_module:141 - INFO - Loading "wake_up" wake word via ovos-ww-plugin-vosk with config: {'module': 'ovos-ww-plugin-vosk', 'rule': 'fuzzy', 'samples': ['wake up'], 'lang': 'en-us', 'wakeup': True, 'fallback_ww': 'wake_up_pocketsphinx'}
2026-01-29 14:42:48.827 - voice - ovos_plugin_manager.wakewords:load_module:148 - INFO - Loaded the Wake Word wake_up with module ovos-ww-plugin-vosk
2026-01-29 14:42:49.366 - voice - ovos_dinkum_listener.voice_loop.hotwords:load_hotword_engines:173 - INFO - Loading hotword: wake_up with engine: <ovos_ww_plugin_vosk.VoskWakeWordPlugin object at 0x7fff2af8cd70>
2026-01-29 14:42:49.367 - voice - ovos_dinkum_listener.voice_loop.hotwords:load_hotword_engines:217 - WARNING - No stop words loaded
2026-01-29 14:42:49.368 - voice - ovos_dinkum_listener.voice_loop.voice_loop:start:190 - INFO - Listening mode: ListeningMode.WAKEWORD
2026-01-29 14:42:49.369 - voice - ovos_dinkum_listener.voice_loop.voice_loop:start:191 - INFO - VAD pre-wake enabled: False
2026-01-29 14:42:52.371 - voice - ovos_dinkum_listener.service:on_started:100 - INFO - DinkumVoiceService started.
2026-01-29 14:42:52.372 - voice - ovos_dinkum_listener.service:on_started:100 - INFO - DinkumVoiceService started.
2026-01-29 14:42:52.373 - voice - ovos_dinkum_listener.service:on_ready:92 - INFO - DinkumVoiceService is ready.
2026-01-29 14:42:52.373 - voice - ovos_dinkum_listener.service:run:349 - INFO - Service ready
2026-01-29 14:42:52.373 - voice - ovos_dinkum_listener.voice_loop.voice_loop:run:255 - INFO - Starting loop in mode: ListeningMode.WAKEWORD
2026-01-29 14:46:30.022 - voice - ovos_dinkum_listener.service:__init__:169 - INFO - Starting Voice Service
2026-01-29 14:46:30.035 - voice - ovos_dinkum_listener.service:on_alive:96 - INFO - DinkumVoiceService is alive.
2026-01-29 14:46:30.036 - voice - ovos_dinkum_listener.service:_before_start:372 - INFO - Starting service...
2026-01-29 14:46:30.108 - voice - ovos_dinkum_listener.service:_connect_to_bus:476 - INFO - Connected to Mycroft Core message bus
2026-01-29 14:46:30.658 - voice - ovos_dinkum_listener.service:on_alive:96 - INFO - DinkumVoiceService is alive.
2026-01-29 14:46:30.659 - voice - ovos_dinkum_listener.voice_loop.hotwords:load_hotword_engines:124 - INFO - creating hotword engines
2026-01-29 14:46:30.664 - voice - ovos_microphone_plugin_alsa:_run:113 - ERROR - Failed to open microphone
Traceback (most recent call last):
  File "/home/ovos/.venv/lib/python3.13/site-packages/ovos_microphone_plugin_alsa/__init__.py", line 78, in _run
    mic = alsaaudio.PCM(
        type=alsaaudio.PCM_CAPTURE,
    ...<6 lines>...
        periodsize=self.period_size,
    )
alsaaudio.ALSAAudioError: Host is down [default]
2026-01-29 14:46:30.666 - voice - ovos_plugin_manager.wakewords:load_module:141 - INFO - Loading "hey_mycroft" wake word via ovos-ww-plugin-precise-lite with config: {'module': 'ovos-ww-plugin-precise-lite', 'model': 'https://github.com/OpenVoiceOS/precise-lite-models/raw/master/wakewords/en/hey_mycroft.tflite', 'expected_duration': 3, 'trigger_level': 3, 'sensitivity': 0.5, 'listen': True, 'fallback_ww': 'hey_mycroft_precise'}
2026-01-29 14:46:31.469 - voice - ovos_plugin_manager.wakewords:load_module:148 - INFO - Loaded the Wake Word hey_mycroft with module ovos-ww-plugin-precise-lite
2026-01-29 14:46:31.472 - voice - ovos_dinkum_listener.voice_loop.hotwords:load_hotword_engines:173 - INFO - Loading hotword: hey_mycroft with engine: <ovos_ww_plugin_precise_lite.PreciseLiteHotwordPlugin object at 0x7fff86c18830>
2026-01-29 14:46:31.473 - voice - ovos_plugin_manager.wakewords:load_module:141 - INFO - Loading "wake_up" wake word via ovos-ww-plugin-vosk with config: {'module': 'ovos-ww-plugin-vosk', 'rule': 'fuzzy', 'samples': ['wake up'], 'lang': 'en-us', 'wakeup': True, 'fallback_ww': 'wake_up_pocketsphinx'}
2026-01-29 14:46:31.481 - voice - ovos_plugin_manager.wakewords:load_module:148 - INFO - Loaded the Wake Word wake_up with module ovos-ww-plugin-vosk
2026-01-29 14:46:31.892 - voice - ovos_dinkum_listener.voice_loop.hotwords:load_hotword_engines:173 - INFO - Loading hotword: wake_up with engine: <ovos_ww_plugin_vosk.VoskWakeWordPlugin object at 0x7fff69ce0d70>
2026-01-29 14:46:31.893 - voice - ovos_dinkum_listener.voice_loop.hotwords:load_hotword_engines:217 - WARNING - No stop words loaded
2026-01-29 14:46:31.893 - voice - ovos_dinkum_listener.voice_loop.voice_loop:start:190 - INFO - Listening mode: ListeningMode.WAKEWORD
2026-01-29 14:46:31.894 - voice - ovos_dinkum_listener.voice_loop.voice_loop:start:191 - INFO - VAD pre-wake enabled: False
2026-01-29 14:46:34.896 - voice - ovos_dinkum_listener.service:on_started:100 - INFO - DinkumVoiceService started.
2026-01-29 14:46:34.896 - voice - ovos_dinkum_listener.service:on_started:100 - INFO - DinkumVoiceService started.
2026-01-29 14:46:34.897 - voice - ovos_dinkum_listener.service:on_ready:92 - INFO - DinkumVoiceService is ready.
2026-01-29 14:46:34.897 - voice - ovos_dinkum_listener.service:run:349 - INFO - Service ready
2026-01-29 14:46:34.898 - voice - ovos_dinkum_listener.voice_loop.voice_loop:run:255 - INFO - Starting loop in mode: ListeningMode.WAKEWORD
2026-01-29 14:46:53.838 - voice - ovos_bus_client.client.client:on_error:112 - WARNING - Could not send message because connection has closed
2026-01-29 14:46:53.839 - voice - ovos_bus_client.client.client:on_error:130 - WARNING - Message Bus Client will reconnect in 5.0 seconds.
2026-01-29 15:30:10.208 - voice - ovos_dinkum_listener.service:__init__:169 - INFO - Starting Voice Service
2026-01-29 15:30:10.223 - voice - ovos_dinkum_listener.service:on_alive:96 - INFO - DinkumVoiceService is alive.
2026-01-29 15:30:10.224 - voice - ovos_dinkum_listener.service:_before_start:372 - INFO - Starting service...
2026-01-29 15:30:10.301 - voice - ovos_dinkum_listener.service:_connect_to_bus:476 - INFO - Connected to Mycroft Core message bus
2026-01-29 15:30:11.026 - voice - ovos_dinkum_listener.service:on_alive:96 - INFO - DinkumVoiceService is alive.
2026-01-29 15:30:11.030 - voice - ovos_dinkum_listener.voice_loop.hotwords:load_hotword_engines:124 - INFO - creating hotword engines
2026-01-29 15:30:11.031 - voice - ovos_microphone_plugin_alsa:_run:113 - ERROR - Failed to open microphone
Traceback (most recent call last):
  File "/home/ovos/.venv/lib/python3.13/site-packages/ovos_microphone_plugin_alsa/__init__.py", line 78, in _run
    mic = alsaaudio.PCM(
        type=alsaaudio.PCM_CAPTURE,
    ...<6 lines>...
        periodsize=self.period_size,
    )
alsaaudio.ALSAAudioError: Host is down [default]
2026-01-29 15:30:11.033 - voice - ovos_plugin_manager.wakewords:load_module:141 - INFO - Loading "hey_mycroft" wake word via ovos-ww-plugin-precise-lite with config: {'module': 'ovos-ww-plugin-precise-lite', 'model': 'https://github.com/OpenVoiceOS/precise-lite-models/raw/master/wakewords/en/hey_mycroft.tflite', 'expected_duration': 3, 'trigger_level': 3, 'sensitivity': 0.5, 'listen': True, 'fallback_ww': 'hey_mycroft_precise'}
2026-01-29 15:30:11.935 - voice - ovos_plugin_manager.wakewords:load_module:148 - INFO - Loaded the Wake Word hey_mycroft with module ovos-ww-plugin-precise-lite
2026-01-29 15:30:11.938 - voice - ovos_dinkum_listener.voice_loop.hotwords:load_hotword_engines:173 - INFO - Loading hotword: hey_mycroft with engine: <ovos_ww_plugin_precise_lite.PreciseLiteHotwordPlugin object at 0x7ffea6aa0830>
2026-01-29 15:30:11.940 - voice - ovos_plugin_manager.wakewords:load_module:141 - INFO - Loading "wake_up" wake word via ovos-ww-plugin-vosk with config: {'module': 'ovos-ww-plugin-vosk', 'rule': 'fuzzy', 'samples': ['wake up'], 'lang': 'en-us', 'wakeup': True, 'fallback_ww': 'wake_up_pocketsphinx'}
2026-01-29 15:30:11.947 - voice - ovos_plugin_manager.wakewords:load_module:148 - INFO - Loaded the Wake Word wake_up with module ovos-ww-plugin-vosk
2026-01-29 15:30:12.456 - voice - ovos_dinkum_listener.voice_loop.hotwords:load_hotword_engines:173 - INFO - Loading hotword: wake_up with engine: <ovos_ww_plugin_vosk.VoskWakeWordPlugin object at 0x7ffe89ac8d70>
2026-01-29 15:30:12.457 - voice - ovos_dinkum_listener.voice_loop.hotwords:load_hotword_engines:217 - WARNING - No stop words loaded
2026-01-29 15:30:12.458 - voice - ovos_dinkum_listener.voice_loop.voice_loop:start:190 - INFO - Listening mode: ListeningMode.WAKEWORD
2026-01-29 15:30:12.460 - voice - ovos_dinkum_listener.voice_loop.voice_loop:start:191 - INFO - VAD pre-wake enabled: False
2026-01-29 15:30:15.463 - voice - ovos_dinkum_listener.service:on_started:100 - INFO - DinkumVoiceService started.
2026-01-29 15:30:15.464 - voice - ovos_dinkum_listener.service:on_started:100 - INFO - DinkumVoiceService started.
2026-01-29 15:30:15.465 - voice - ovos_dinkum_listener.service:on_ready:92 - INFO - DinkumVoiceService is ready.
2026-01-29 15:30:15.465 - voice - ovos_dinkum_listener.service:run:349 - INFO - Service ready
2026-01-29 15:30:15.465 - voice - ovos_dinkum_listener.voice_loop.voice_loop:run:255 - INFO - Starting loop in mode: ListeningMode.WAKEWORD
2026-01-29 15:38:18.948 - voice - ovos_bus_client.client.client:on_error:112 - WARNING - Could not send message because connection has closed
2026-01-29 15:38:18.949 - voice - ovos_bus_client.client.client:on_error:130 - WARNING - Message Bus Client will reconnect in 5.0 seconds.
2026-01-29 15:38:23.951 - voice - ovos_bus_client.client.client:on_error:114 - WARNING - Connection Refused. Is Messagebus Service running?
2026-01-29 15:38:23.952 - voice - ovos_bus_client.client.client:on_error:130 - WARNING - Message Bus Client will reconnect in 10.0 seconds.
2026-01-29 15:39:04.904 - voice - ovos_dinkum_listener.service:__init__:169 - INFO - Starting Voice Service
2026-01-29 15:39:04.955 - voice - ovos_dinkum_listener.service:on_alive:96 - INFO - DinkumVoiceService is alive.
2026-01-29 15:39:04.961 - voice - ovos_dinkum_listener.service:_before_start:372 - INFO - Starting service...
2026-01-29 15:39:05.110 - voice - ovos_dinkum_listener.service:_connect_to_bus:476 - INFO - Connected to Mycroft Core message bus
2026-01-29 15:39:07.812 - voice - ovos_dinkum_listener.service:on_alive:96 - INFO - DinkumVoiceService is alive.
2026-01-29 15:39:07.814 - voice - ovos_dinkum_listener.voice_loop.hotwords:load_hotword_engines:124 - INFO - creating hotword engines
2026-01-29 15:39:07.817 - voice - ovos_microphone_plugin_alsa:_run:113 - ERROR - Failed to open microphone
Traceback (most recent call last):
  File "/home/ovos/.venv/lib/python3.13/site-packages/ovos_microphone_plugin_alsa/__init__.py", line 78, in _run
    mic = alsaaudio.PCM(
        type=alsaaudio.PCM_CAPTURE,
    ...<6 lines>...
        periodsize=self.period_size,
    )
alsaaudio.ALSAAudioError: Host is down [default]
2026-01-29 15:39:07.820 - voice - ovos_plugin_manager.wakewords:load_module:141 - INFO - Loading "hey_mycroft" wake word via ovos-ww-plugin-precise-lite with config: {'module': 'ovos-ww-plugin-precise-lite', 'model': 'https://github.com/OpenVoiceOS/precise-lite-models/raw/master/wakewords/en/hey_mycroft.tflite', 'expected_duration': 3, 'trigger_level': 3, 'sensitivity': 0.5, 'listen': True, 'fallback_ww': 'hey_mycroft_precise'}
2026-01-29 15:39:09.487 - voice - ovos_plugin_manager.wakewords:load_module:148 - INFO - Loaded the Wake Word hey_mycroft with module ovos-ww-plugin-precise-lite
2026-01-29 15:39:09.564 - voice - ovos_dinkum_listener.voice_loop.hotwords:load_hotword_engines:173 - INFO - Loading hotword: hey_mycroft with engine: <ovos_ww_plugin_precise_lite.PreciseLiteHotwordPlugin object at 0x7fff1b5b8830>
2026-01-29 15:39:09.569 - voice - ovos_plugin_manager.wakewords:load_module:141 - INFO - Loading "wake_up" wake word via ovos-ww-plugin-vosk with config: {'module': 'ovos-ww-plugin-vosk', 'rule': 'fuzzy', 'samples': ['wake up'], 'lang': 'en-us', 'wakeup': True, 'fallback_ww': 'wake_up_pocketsphinx'}
2026-01-29 15:39:09.577 - voice - ovos_plugin_manager.wakewords:load_module:148 - INFO - Loaded the Wake Word wake_up with module ovos-ww-plugin-vosk
2026-01-29 15:39:10.745 - voice - ovos_dinkum_listener.voice_loop.hotwords:load_hotword_engines:173 - INFO - Loading hotword: wake_up with engine: <ovos_ww_plugin_vosk.VoskWakeWordPlugin object at 0x7ffefa628d70>
2026-01-29 15:39:10.747 - voice - ovos_dinkum_listener.voice_loop.hotwords:load_hotword_engines:217 - WARNING - No stop words loaded
2026-01-29 15:39:10.750 - voice - ovos_dinkum_listener.voice_loop.voice_loop:start:190 - INFO - Listening mode: ListeningMode.WAKEWORD
2026-01-29 15:39:10.751 - voice - ovos_dinkum_listener.voice_loop.voice_loop:start:191 - INFO - VAD pre-wake enabled: False
2026-01-29 15:39:13.757 - voice - ovos_dinkum_listener.service:on_started:100 - INFO - DinkumVoiceService started.
2026-01-29 15:39:13.758 - voice - ovos_dinkum_listener.service:on_started:100 - INFO - DinkumVoiceService started.
2026-01-29 15:39:13.758 - voice - ovos_dinkum_listener.service:on_ready:92 - INFO - DinkumVoiceService is ready.
2026-01-29 15:39:13.759 - voice - ovos_dinkum_listener.service:run:349 - INFO - Service ready
2026-01-29 15:39:13.759 - voice - ovos_dinkum_listener.voice_loop.voice_loop:run:255 - INFO - Starting loop in mode: ListeningMode.WAKEWORD
2026-01-29 15:39:32.973 - voice - ovos_bus_client.client.client:on_error:112 - WARNING - Could not send message because connection has closed
2026-01-29 15:39:32.975 - voice - ovos_bus_client.client.client:on_error:130 - WARNING - Message Bus Client will reconnect in 5.0 seconds.
2026-01-29 15:39:37.977 - voice - ovos_bus_client.client.client:on_error:114 - WARNING - Connection Refused. Is Messagebus Service running?
2026-01-29 15:39:37.978 - voice - ovos_bus_client.client.client:on_error:130 - WARNING - Message Bus Client will reconnect in 10.0 seconds.
2026-01-29 15:40:17.439 - voice - ovos_dinkum_listener.service:__init__:169 - INFO - Starting Voice Service
2026-01-29 15:40:17.486 - voice - ovos_dinkum_listener.service:on_alive:96 - INFO - DinkumVoiceService is alive.
2026-01-29 15:40:17.490 - voice - ovos_dinkum_listener.service:_before_start:372 - INFO - Starting service...
2026-01-29 15:40:17.618 - voice - ovos_dinkum_listener.service:_connect_to_bus:476 - INFO - Connected to Mycroft Core message bus
2026-01-29 15:40:20.861 - voice - ovos_dinkum_listener.service:on_alive:96 - INFO - DinkumVoiceService is alive.
2026-01-29 15:40:20.863 - voice - ovos_dinkum_listener.voice_loop.hotwords:load_hotword_engines:124 - INFO - creating hotword engines
2026-01-29 15:40:20.866 - voice - ovos_microphone_plugin_alsa:_run:113 - ERROR - Failed to open microphone
Traceback (most recent call last):
  File "/home/ovos/.venv/lib/python3.13/site-packages/ovos_microphone_plugin_alsa/__init__.py", line 78, in _run
    mic = alsaaudio.PCM(
        type=alsaaudio.PCM_CAPTURE,
    ...<6 lines>...
        periodsize=self.period_size,
    )
alsaaudio.ALSAAudioError: Host is down [default]
2026-01-29 15:40:20.868 - voice - ovos_plugin_manager.wakewords:load_module:141 - INFO - Loading "hey_mycroft" wake word via ovos-ww-plugin-precise-lite with config: {'module': 'ovos-ww-plugin-precise-lite', 'model': 'https://github.com/OpenVoiceOS/precise-lite-models/raw/master/wakewords/en/hey_mycroft.tflite', 'expected_duration': 3, 'trigger_level': 3, 'sensitivity': 0.5, 'listen': True, 'fallback_ww': 'hey_mycroft_precise'}
2026-01-29 15:40:22.839 - voice - ovos_plugin_manager.wakewords:load_module:148 - INFO - Loaded the Wake Word hey_mycroft with module ovos-ww-plugin-precise-lite
2026-01-29 15:40:22.942 - voice - ovos_dinkum_listener.voice_loop.hotwords:load_hotword_engines:173 - INFO - Loading hotword: hey_mycroft with engine: <ovos_ww_plugin_precise_lite.PreciseLiteHotwordPlugin object at 0x7fff13d30830>
2026-01-29 15:40:22.948 - voice - ovos_plugin_manager.wakewords:load_module:141 - INFO - Loading "wake_up" wake word via ovos-ww-plugin-vosk with config: {'module': 'ovos-ww-plugin-vosk', 'rule': 'fuzzy', 'samples': ['wake up'], 'lang': 'en-us', 'wakeup': True, 'fallback_ww': 'wake_up_pocketsphinx'}
2026-01-29 15:40:22.955 - voice - ovos_plugin_manager.wakewords:load_module:148 - INFO - Loaded the Wake Word wake_up with module ovos-ww-plugin-vosk
2026-01-29 15:40:24.234 - voice - ovos_dinkum_listener.voice_loop.hotwords:load_hotword_engines:173 - INFO - Loading hotword: wake_up with engine: <ovos_ww_plugin_vosk.VoskWakeWordPlugin object at 0x7ffef6eccd70>
2026-01-29 15:40:24.235 - voice - ovos_dinkum_listener.voice_loop.hotwords:load_hotword_engines:217 - WARNING - No stop words loaded
2026-01-29 15:40:24.236 - voice - ovos_dinkum_listener.voice_loop.voice_loop:start:190 - INFO - Listening mode: ListeningMode.WAKEWORD
2026-01-29 15:40:24.237 - voice - ovos_dinkum_listener.voice_loop.voice_loop:start:191 - INFO - VAD pre-wake enabled: False
2026-01-29 15:40:27.265 - voice - ovos_dinkum_listener.service:on_started:100 - INFO - DinkumVoiceService started.
2026-01-29 15:40:27.266 - voice - ovos_dinkum_listener.service:on_started:100 - INFO - DinkumVoiceService started.
2026-01-29 15:40:27.267 - voice - ovos_dinkum_listener.service:on_ready:92 - INFO - DinkumVoiceService is ready.
2026-01-29 15:40:27.267 - voice - ovos_dinkum_listener.service:run:349 - INFO - Service ready
2026-01-29 15:40:27.268 - voice - ovos_dinkum_listener.voice_loop.voice_loop:run:255 - INFO - Starting loop in mode: ListeningMode.WAKEWORD
2026-01-29 15:55:29.232 - voice - ovos_bus_client.client.client:on_error:112 - WARNING - Could not send message because connection has closed
2026-01-29 15:55:29.233 - voice - ovos_bus_client.client.client:on_error:130 - WARNING - Message Bus Client will reconnect in 5.0 seconds.
2026-01-29 15:55:34.235 - voice - ovos_bus_client.client.client:on_error:114 - WARNING - Connection Refused. Is Messagebus Service running?
2026-01-29 15:55:34.236 - voice - ovos_bus_client.client.client:on_error:130 - WARNING - Message Bus Client will reconnect in 10.0 seconds.
2026-01-29 15:56:14.758 - voice - ovos_dinkum_listener.service:__init__:169 - INFO - Starting Voice Service
2026-01-29 15:56:14.832 - voice - ovos_dinkum_listener.service:on_alive:96 - INFO - DinkumVoiceService is alive.
2026-01-29 15:56:14.836 - voice - ovos_dinkum_listener.service:_before_start:372 - INFO - Starting service...
2026-01-29 15:56:14.973 - voice - ovos_dinkum_listener.service:_connect_to_bus:476 - INFO - Connected to Mycroft Core message bus
2026-01-29 15:56:18.420 - voice - ovos_dinkum_listener.service:on_alive:96 - INFO - DinkumVoiceService is alive.
2026-01-29 15:56:18.424 - voice - ovos_dinkum_listener.voice_loop.hotwords:load_hotword_engines:124 - INFO - creating hotword engines
2026-01-29 15:56:18.426 - voice - ovos_microphone_plugin_alsa:_run:113 - ERROR - Failed to open microphone
Traceback (most recent call last):
  File "/home/ovos/.venv/lib/python3.13/site-packages/ovos_microphone_plugin_alsa/__init__.py", line 78, in _run
    mic = alsaaudio.PCM(
        type=alsaaudio.PCM_CAPTURE,
    ...<6 lines>...
        periodsize=self.period_size,
    )
alsaaudio.ALSAAudioError: Host is down [default]
2026-01-29 15:56:18.428 - voice - ovos_plugin_manager.wakewords:load_module:141 - INFO - Loading "hey_mycroft" wake word via ovos-ww-plugin-precise-lite with config: {'module': 'ovos-ww-plugin-precise-lite', 'model': 'https://github.com/OpenVoiceOS/precise-lite-models/raw/master/wakewords/en/hey_mycroft.tflite', 'expected_duration': 3, 'trigger_level': 3, 'sensitivity': 0.5, 'listen': True, 'fallback_ww': 'hey_mycroft_precise'}
2026-01-29 15:56:20.505 - voice - ovos_plugin_manager.wakewords:load_module:148 - INFO - Loaded the Wake Word hey_mycroft with module ovos-ww-plugin-precise-lite
2026-01-29 15:56:20.617 - voice - ovos_dinkum_listener.voice_loop.hotwords:load_hotword_engines:173 - INFO - Loading hotword: hey_mycroft with engine: <ovos_ww_plugin_precise_lite.PreciseLiteHotwordPlugin object at 0x7fff14e60830>
2026-01-29 15:56:20.624 - voice - ovos_plugin_manager.wakewords:load_module:141 - INFO - Loading "wake_up" wake word via ovos-ww-plugin-vosk with config: {'module': 'ovos-ww-plugin-vosk', 'rule': 'fuzzy', 'samples': ['wake up'], 'lang': 'en-us', 'wakeup': True, 'fallback_ww': 'wake_up_pocketsphinx'}
2026-01-29 15:56:20.633 - voice - ovos_plugin_manager.wakewords:load_module:148 - INFO - Loaded the Wake Word wake_up with module ovos-ww-plugin-vosk
2026-01-29 15:56:22.095 - voice - ovos_dinkum_listener.voice_loop.hotwords:load_hotword_engines:173 - INFO - Loading hotword: wake_up with engine: <ovos_ww_plugin_vosk.VoskWakeWordPlugin object at 0x7ffef7e94d70>
2026-01-29 15:56:22.095 - voice - ovos_dinkum_listener.voice_loop.hotwords:load_hotword_engines:217 - WARNING - No stop words loaded
2026-01-29 15:56:22.097 - voice - ovos_dinkum_listener.voice_loop.voice_loop:start:190 - INFO - Listening mode: ListeningMode.WAKEWORD
2026-01-29 15:56:22.097 - voice - ovos_dinkum_listener.voice_loop.voice_loop:start:191 - INFO - VAD pre-wake enabled: False
2026-01-29 15:56:25.113 - voice - ovos_dinkum_listener.service:on_started:100 - INFO - DinkumVoiceService started.
2026-01-29 15:56:25.166 - voice - ovos_dinkum_listener.service:on_started:100 - INFO - DinkumVoiceService started.
2026-01-29 15:56:25.172 - voice - ovos_dinkum_listener.service:on_ready:92 - INFO - DinkumVoiceService is ready.
2026-01-29 15:56:25.173 - voice - ovos_dinkum_listener.service:run:349 - INFO - Service ready
2026-01-29 15:56:25.173 - voice - ovos_dinkum_listener.voice_loop.voice_loop:run:255 - INFO - Starting loop in mode: ListeningMode.WAKEWORD
2026-01-29 16:35:35.120 - voice - ovos_dinkum_listener.service:__init__:169 - INFO - Starting Voice Service
2026-01-29 16:35:35.145 - voice - ovos_dinkum_listener.service:on_alive:96 - INFO - DinkumVoiceService is alive.
2026-01-29 16:35:35.145 - voice - ovos_dinkum_listener.service:_before_start:372 - INFO - Starting service...
2026-01-29 16:36:55.275 - voice - ovos_dinkum_listener.service:_connect_to_bus:476 - INFO - Connected to Mycroft Core message bus
2026-01-29 16:36:57.034 - voice - ovos_dinkum_listener.service:on_alive:96 - INFO - DinkumVoiceService is alive.
2026-01-29 16:36:57.038 - voice - ovos_dinkum_listener.voice_loop.hotwords:load_hotword_engines:124 - INFO - creating hotword engines
2026-01-29 16:36:57.039 - voice - ovos_microphone_plugin_alsa:_run:113 - ERROR - Failed to open microphone
Traceback (most recent call last):
  File "/home/ovos/.venv/lib/python3.13/site-packages/ovos_microphone_plugin_alsa/__init__.py", line 78, in _run
    mic = alsaaudio.PCM(
        type=alsaaudio.PCM_CAPTURE,
    ...<6 lines>...
        periodsize=self.period_size,
    )
alsaaudio.ALSAAudioError: Host is down [default]
2026-01-29 16:36:57.040 - voice - ovos_plugin_manager.wakewords:load_module:141 - INFO - Loading "hey_mycroft" wake word via ovos-ww-plugin-precise-lite with config: {'module': 'ovos-ww-plugin-precise-lite', 'model': 'https://github.com/OpenVoiceOS/precise-lite-models/raw/master/wakewords/en/hey_mycroft.tflite', 'expected_duration': 3, 'trigger_level': 3, 'sensitivity': 0.5, 'listen': True, 'fallback_ww': 'hey_mycroft_precise'}
2026-01-29 16:36:58.294 - voice - ovos_plugin_manager.wakewords:load_module:148 - INFO - Loaded the Wake Word hey_mycroft with module ovos-ww-plugin-precise-lite
2026-01-29 16:36:58.353 - voice - ovos_dinkum_listener.voice_loop.hotwords:load_hotword_engines:173 - INFO - Loading hotword: hey_mycroft with engine: <ovos_ww_plugin_precise_lite.PreciseLiteHotwordPlugin object at 0x7fff22fb8830>
2026-01-29 16:36:58.356 - voice - ovos_plugin_manager.wakewords:load_module:141 - INFO - Loading "wake_up" wake word via ovos-ww-plugin-vosk with config: {'module': 'ovos-ww-plugin-vosk', 'rule': 'fuzzy', 'samples': ['wake up'], 'lang': 'en-us', 'wakeup': True, 'fallback_ww': 'wake_up_pocketsphinx'}
2026-01-29 16:36:58.364 - voice - ovos_plugin_manager.wakewords:load_module:148 - INFO - Loaded the Wake Word wake_up with module ovos-ww-plugin-vosk
2026-01-29 16:36:59.452 - voice - ovos_dinkum_listener.voice_loop.hotwords:load_hotword_engines:173 - INFO - Loading hotword: wake_up with engine: <ovos_ww_plugin_vosk.VoskWakeWordPlugin object at 0x7fff142c8d70>
2026-01-29 16:36:59.452 - voice - ovos_dinkum_listener.voice_loop.hotwords:load_hotword_engines:217 - WARNING - No stop words loaded
2026-01-29 16:36:59.453 - voice - ovos_dinkum_listener.voice_loop.voice_loop:start:190 - INFO - Listening mode: ListeningMode.WAKEWORD
2026-01-29 16:36:59.454 - voice - ovos_dinkum_listener.voice_loop.voice_loop:start:191 - INFO - VAD pre-wake enabled: False
2026-01-29 16:37:02.456 - voice - ovos_dinkum_listener.service:on_started:100 - INFO - DinkumVoiceService started.
2026-01-29 16:37:02.456 - voice - ovos_dinkum_listener.service:on_started:100 - INFO - DinkumVoiceService started.
2026-01-29 16:37:02.457 - voice - ovos_dinkum_listener.service:on_ready:92 - INFO - DinkumVoiceService is ready.
2026-01-29 16:37:02.457 - voice - ovos_dinkum_listener.service:run:349 - INFO - Service ready
2026-01-29 16:37:02.458 - voice - ovos_dinkum_listener.voice_loop.voice_loop:run:255 - INFO - Starting loop in mode: ListeningMode.WAKEWORD
2026-01-29 18:03:16.084 - voice - ovos_dinkum_listener.service:__init__:169 - INFO - Starting Voice Service
2026-01-29 18:03:16.101 - voice - ovos_dinkum_listener.service:on_alive:96 - INFO - DinkumVoiceService is alive.
2026-01-29 18:03:16.102 - voice - ovos_dinkum_listener.service:_before_start:372 - INFO - Starting service...
2026-01-29 18:03:16.274 - voice - ovos_dinkum_listener.service:_connect_to_bus:476 - INFO - Connected to Mycroft Core message bus
2026-01-29 18:03:17.242 - voice - ovos_dinkum_listener.service:on_alive:96 - INFO - DinkumVoiceService is alive.
2026-01-29 18:03:17.247 - voice - ovos_dinkum_listener.voice_loop.hotwords:load_hotword_engines:124 - INFO - creating hotword engines
2026-01-29 18:03:17.248 - voice - ovos_microphone_plugin_alsa:_run:113 - ERROR - Failed to open microphone
Traceback (most recent call last):
  File "/home/ovos/.venv/lib/python3.13/site-packages/ovos_microphone_plugin_alsa/__init__.py", line 78, in _run
    mic = alsaaudio.PCM(
        type=alsaaudio.PCM_CAPTURE,
    ...<6 lines>...
        periodsize=self.period_size,
    )
alsaaudio.ALSAAudioError: Host is down [default]
2026-01-29 18:03:17.251 - voice - ovos_plugin_manager.wakewords:load_module:141 - INFO - Loading "hey_mycroft" wake word via ovos-ww-plugin-precise-lite with config: {'module': 'ovos-ww-plugin-precise-lite', 'model': 'https://github.com/OpenVoiceOS/precise-lite-models/raw/master/wakewords/en/hey_mycroft.tflite', 'expected_duration': 3, 'trigger_level': 3, 'sensitivity': 0.5, 'listen': True, 'fallback_ww': 'hey_mycroft_precise'}
2026-01-29 18:03:18.197 - voice - ovos_plugin_manager.wakewords:load_module:148 - INFO - Loaded the Wake Word hey_mycroft with module ovos-ww-plugin-precise-lite
2026-01-29 18:03:18.203 - voice - ovos_dinkum_listener.voice_loop.hotwords:load_hotword_engines:173 - INFO - Loading hotword: hey_mycroft with engine: <ovos_ww_plugin_precise_lite.PreciseLiteHotwordPlugin object at 0x7ffeea060830>
2026-01-29 18:03:18.206 - voice - ovos_plugin_manager.wakewords:load_module:141 - INFO - Loading "wake_up" wake word via ovos-ww-plugin-vosk with config: {'module': 'ovos-ww-plugin-vosk', 'rule': 'fuzzy', 'samples': ['wake up'], 'lang': 'en-us', 'wakeup': True, 'fallback_ww': 'wake_up_pocketsphinx'}
2026-01-29 18:03:18.219 - voice - ovos_plugin_manager.wakewords:load_module:148 - INFO - Loaded the Wake Word wake_up with module ovos-ww-plugin-vosk
2026-01-29 18:03:19.087 - voice - ovos_dinkum_listener.voice_loop.hotwords:load_hotword_engines:173 - INFO - Loading hotword: wake_up with engine: <ovos_ww_plugin_vosk.VoskWakeWordPlugin object at 0x7ffecd168d70>
2026-01-29 18:03:19.088 - voice - ovos_dinkum_listener.voice_loop.hotwords:load_hotword_engines:217 - WARNING - No stop words loaded
2026-01-29 18:03:19.090 - voice - ovos_dinkum_listener.voice_loop.voice_loop:start:190 - INFO - Listening mode: ListeningMode.WAKEWORD
2026-01-29 18:03:19.091 - voice - ovos_dinkum_listener.voice_loop.voice_loop:start:191 - INFO - VAD pre-wake enabled: False
2026-01-29 18:03:22.094 - voice - ovos_dinkum_listener.service:on_started:100 - INFO - DinkumVoiceService started.
2026-01-29 18:03:22.095 - voice - ovos_dinkum_listener.service:on_started:100 - INFO - DinkumVoiceService started.
2026-01-29 18:03:22.095 - voice - ovos_dinkum_listener.service:on_ready:92 - INFO - DinkumVoiceService is ready.
2026-01-29 18:03:22.096 - voice - ovos_dinkum_listener.service:run:349 - INFO - Service ready
2026-01-29 18:03:22.096 - voice - ovos_dinkum_listener.voice_loop.voice_loop:run:255 - INFO - Starting loop in mode: ListeningMode.WAKEWORD
2026-01-29 19:19:44.474 - voice - ovos_dinkum_listener.service:__init__:169 - INFO - Starting Voice Service
2026-01-29 19:19:44.492 - voice - ovos_dinkum_listener.service:on_alive:96 - INFO - DinkumVoiceService is alive.
2026-01-29 19:19:44.492 - voice - ovos_dinkum_listener.service:_before_start:372 - INFO - Starting service...
2026-01-29 19:21:04.606 - voice - ovos_dinkum_listener.service:_connect_to_bus:476 - INFO - Connected to Mycroft Core message bus
2026-01-29 19:21:06.346 - voice - ovos_dinkum_listener.service:on_alive:96 - INFO - DinkumVoiceService is alive.
2026-01-29 19:21:06.350 - voice - ovos_dinkum_listener.voice_loop.hotwords:load_hotword_engines:124 - INFO - creating hotword engines
2026-01-29 19:21:06.351 - voice - ovos_microphone_plugin_alsa:_run:113 - ERROR - Failed to open microphone
Traceback (most recent call last):
  File "/home/ovos/.venv/lib/python3.13/site-packages/ovos_microphone_plugin_alsa/__init__.py", line 78, in _run
    mic = alsaaudio.PCM(
        type=alsaaudio.PCM_CAPTURE,
    ...<6 lines>...
        periodsize=self.period_size,
    )
alsaaudio.ALSAAudioError: Host is down [default]
2026-01-29 19:21:06.353 - voice - ovos_plugin_manager.wakewords:load_module:141 - INFO - Loading "hey_mycroft" wake word via ovos-ww-plugin-precise-lite with config: {'module': 'ovos-ww-plugin-precise-lite', 'model': 'https://github.com/OpenVoiceOS/precise-lite-models/raw/master/wakewords/en/hey_mycroft.tflite', 'expected_duration': 3, 'trigger_level': 3, 'sensitivity': 0.5, 'listen': True, 'fallback_ww': 'hey_mycroft_precise'}
2026-01-29 19:21:07.644 - voice - ovos_plugin_manager.wakewords:load_module:148 - INFO - Loaded the Wake Word hey_mycroft with module ovos-ww-plugin-precise-lite
2026-01-29 19:21:07.713 - voice - ovos_dinkum_listener.voice_loop.hotwords:load_hotword_engines:173 - INFO - Loading hotword: hey_mycroft with engine: <ovos_ww_plugin_precise_lite.PreciseLiteHotwordPlugin object at 0x7ffebbc28830>
2026-01-29 19:21:07.718 - voice - ovos_plugin_manager.wakewords:load_module:141 - INFO - Loading "wake_up" wake word via ovos-ww-plugin-vosk with config: {'module': 'ovos-ww-plugin-vosk', 'rule': 'fuzzy', 'samples': ['wake up'], 'lang': 'en-us', 'wakeup': True, 'fallback_ww': 'wake_up_pocketsphinx'}
2026-01-29 19:21:07.724 - voice - ovos_plugin_manager.wakewords:load_module:148 - INFO - Loaded the Wake Word wake_up with module ovos-ww-plugin-vosk
2026-01-29 19:21:08.833 - voice - ovos_dinkum_listener.voice_loop.hotwords:load_hotword_engines:173 - INFO - Loading hotword: wake_up with engine: <ovos_ww_plugin_vosk.VoskWakeWordPlugin object at 0x7ffe9ec24d70>
2026-01-29 19:21:08.834 - voice - ovos_dinkum_listener.voice_loop.hotwords:load_hotword_engines:217 - WARNING - No stop words loaded
2026-01-29 19:21:08.835 - voice - ovos_dinkum_listener.voice_loop.voice_loop:start:190 - INFO - Listening mode: ListeningMode.WAKEWORD
2026-01-29 19:21:08.835 - voice - ovos_dinkum_listener.voice_loop.voice_loop:start:191 - INFO - VAD pre-wake enabled: False
2026-01-29 19:21:11.837 - voice - ovos_dinkum_listener.service:on_started:100 - INFO - DinkumVoiceService started.
2026-01-29 19:21:11.838 - voice - ovos_dinkum_listener.service:on_started:100 - INFO - DinkumVoiceService started.
2026-01-29 19:21:11.839 - voice - ovos_dinkum_listener.service:on_ready:92 - INFO - DinkumVoiceService is ready.
2026-01-29 19:21:11.839 - voice - ovos_dinkum_listener.service:run:349 - INFO - Service ready
2026-01-29 19:21:11.839 - voice - ovos_dinkum_listener.voice_loop.voice_loop:run:255 - INFO - Starting loop in mode: ListeningMode.WAKEWORD
2026-01-30 09:30:03.774 - voice - ovos_bus_client.client.client:on_error:112 - WARNING - Could not send message because connection has closed
2026-01-30 09:30:03.776 - voice - ovos_bus_client.client.client:on_error:130 - WARNING - Message Bus Client will reconnect in 5.0 seconds.
2026-01-30 19:10:51.994 - voice - ovos_dinkum_listener.service:__init__:169 - INFO - Starting Voice Service
2026-01-30 19:10:52.039 - voice - ovos_dinkum_listener.service:on_alive:96 - INFO - DinkumVoiceService is alive.
2026-01-30 19:10:52.040 - voice - ovos_dinkum_listener.service:_before_start:372 - INFO - Starting service...
2026-01-30 19:10:52.168 - voice - ovos_dinkum_listener.service:_connect_to_bus:476 - INFO - Connected to Mycroft Core message bus
2026-01-30 19:10:53.103 - voice - ovos_dinkum_listener.service:on_alive:96 - INFO - DinkumVoiceService is alive.
2026-01-30 19:10:53.110 - voice - ovos_dinkum_listener.voice_loop.hotwords:load_hotword_engines:124 - INFO - creating hotword engines
2026-01-30 19:10:53.112 - voice - ovos_plugin_manager.wakewords:load_module:141 - INFO - Loading "hey_mycroft" wake word via ovos-ww-plugin-precise-lite with config: {'module': 'ovos-ww-plugin-precise-lite', 'model': 'https://github.com/OpenVoiceOS/precise-lite-models/raw/master/wakewords/en/hey_mycroft.tflite', 'expected_duration': 3, 'trigger_level': 3, 'sensitivity': 0.5, 'listen': True, 'fallback_ww': 'hey_mycroft_precise'}
2026-01-30 19:10:53.113 - voice - ovos_microphone_plugin_alsa:_run:113 - ERROR - Failed to open microphone
Traceback (most recent call last):
  File "/home/ovos/.venv/lib/python3.13/site-packages/ovos_microphone_plugin_alsa/__init__.py", line 78, in _run
    mic = alsaaudio.PCM(
        type=alsaaudio.PCM_CAPTURE,
    ...<6 lines>...
        periodsize=self.period_size,
    )
alsaaudio.ALSAAudioError: Host is down [default]
2026-01-30 19:10:54.540 - voice - ovos_plugin_manager.wakewords:load_module:148 - INFO - Loaded the Wake Word hey_mycroft with module ovos-ww-plugin-precise-lite
2026-01-30 19:10:54.548 - voice - ovos_dinkum_listener.voice_loop.hotwords:load_hotword_engines:173 - INFO - Loading hotword: hey_mycroft with engine: <ovos_ww_plugin_precise_lite.PreciseLiteHotwordPlugin object at 0x7ffe9db50830>
2026-01-30 19:10:54.551 - voice - ovos_plugin_manager.wakewords:load_module:141 - INFO - Loading "wake_up" wake word via ovos-ww-plugin-vosk with config: {'module': 'ovos-ww-plugin-vosk', 'rule': 'fuzzy', 'samples': ['wake up'], 'lang': 'en-us', 'wakeup': True, 'fallback_ww': 'wake_up_pocketsphinx'}
2026-01-30 19:10:54.565 - voice - ovos_plugin_manager.wakewords:load_module:148 - INFO - Loaded the Wake Word wake_up with module ovos-ww-plugin-vosk
2026-01-30 19:10:55.288 - voice - ovos_dinkum_listener.voice_loop.hotwords:load_hotword_engines:173 - INFO - Loading hotword: wake_up with engine: <ovos_ww_plugin_vosk.VoskWakeWordPlugin object at 0x7ffe80b5cd70>
2026-01-30 19:10:55.289 - voice - ovos_dinkum_listener.voice_loop.hotwords:load_hotword_engines:217 - WARNING - No stop words loaded
2026-01-30 19:10:55.290 - voice - ovos_dinkum_listener.voice_loop.voice_loop:start:190 - INFO - Listening mode: ListeningMode.WAKEWORD
2026-01-30 19:10:55.291 - voice - ovos_dinkum_listener.voice_loop.voice_loop:start:191 - INFO - VAD pre-wake enabled: False
2026-01-30 19:10:58.294 - voice - ovos_dinkum_listener.service:on_started:100 - INFO - DinkumVoiceService started.
2026-01-30 19:10:58.294 - voice - ovos_dinkum_listener.service:on_started:100 - INFO - DinkumVoiceService started.
2026-01-30 19:10:58.295 - voice - ovos_dinkum_listener.service:on_ready:92 - INFO - DinkumVoiceService is ready.
2026-01-30 19:10:58.296 - voice - ovos_dinkum_listener.service:run:349 - INFO - Service ready
2026-01-30 19:10:58.296 - voice - ovos_dinkum_listener.voice_loop.voice_loop:run:255 - INFO - Starting loop in mode: ListeningMode.WAKEWORD
2026-01-30 19:10:38.323 - voice - ovos_dinkum_listener.service:__init__:169 - INFO - Starting Voice Service
2026-01-30 19:10:38.353 - voice - ovos_dinkum_listener.service:on_alive:96 - INFO - DinkumVoiceService is alive.
2026-01-30 19:10:38.355 - voice - ovos_dinkum_listener.service:_before_start:372 - INFO - Starting service...
2026-01-30 19:11:58.470 - voice - ovos_dinkum_listener.service:_connect_to_bus:476 - INFO - Connected to Mycroft Core message bus
2026-01-30 19:12:00.295 - voice - ovos_dinkum_listener.service:on_alive:96 - INFO - DinkumVoiceService is alive.
2026-01-30 19:12:00.299 - voice - ovos_dinkum_listener.voice_loop.hotwords:load_hotword_engines:124 - INFO - creating hotword engines
2026-01-30 19:12:00.300 - voice - ovos_microphone_plugin_alsa:_run:113 - ERROR - Failed to open microphone
Traceback (most recent call last):
  File "/home/ovos/.venv/lib/python3.13/site-packages/ovos_microphone_plugin_alsa/__init__.py", line 78, in _run
    mic = alsaaudio.PCM(
        type=alsaaudio.PCM_CAPTURE,
    ...<6 lines>...
        periodsize=self.period_size,
    )
alsaaudio.ALSAAudioError: Host is down [default]
2026-01-30 19:12:00.302 - voice - ovos_plugin_manager.wakewords:load_module:141 - INFO - Loading "hey_mycroft" wake word via ovos-ww-plugin-precise-lite with config: {'module': 'ovos-ww-plugin-precise-lite', 'model': 'https://github.com/OpenVoiceOS/precise-lite-models/raw/master/wakewords/en/hey_mycroft.tflite', 'expected_duration': 3, 'trigger_level': 3, 'sensitivity': 0.5, 'listen': True, 'fallback_ww': 'hey_mycroft_precise'}
2026-01-30 19:12:01.568 - voice - ovos_plugin_manager.wakewords:load_module:148 - INFO - Loaded the Wake Word hey_mycroft with module ovos-ww-plugin-precise-lite
2026-01-30 19:12:01.626 - voice - ovos_dinkum_listener.voice_loop.hotwords:load_hotword_engines:173 - INFO - Loading hotword: hey_mycroft with engine: <ovos_ww_plugin_precise_lite.PreciseLiteHotwordPlugin object at 0x7fff84e68830>
2026-01-30 19:12:01.630 - voice - ovos_plugin_manager.wakewords:load_module:141 - INFO - Loading "wake_up" wake word via ovos-ww-plugin-vosk with config: {'module': 'ovos-ww-plugin-vosk', 'rule': 'fuzzy', 'samples': ['wake up'], 'lang': 'en-us', 'wakeup': True, 'fallback_ww': 'wake_up_pocketsphinx'}
2026-01-30 19:12:01.637 - voice - ovos_plugin_manager.wakewords:load_module:148 - INFO - Loaded the Wake Word wake_up with module ovos-ww-plugin-vosk
2026-01-30 19:12:02.725 - voice - ovos_dinkum_listener.voice_loop.hotwords:load_hotword_engines:173 - INFO - Loading hotword: wake_up with engine: <ovos_ww_plugin_vosk.VoskWakeWordPlugin object at 0x7fff67e94d70>
2026-01-30 19:12:02.726 - voice - ovos_dinkum_listener.voice_loop.hotwords:load_hotword_engines:217 - WARNING - No stop words loaded
2026-01-30 19:12:02.726 - voice - ovos_dinkum_listener.voice_loop.voice_loop:start:190 - INFO - Listening mode: ListeningMode.WAKEWORD
2026-01-30 19:12:02.727 - voice - ovos_dinkum_listener.voice_loop.voice_loop:start:191 - INFO - VAD pre-wake enabled: False
2026-01-30 19:12:05.729 - voice - ovos_dinkum_listener.service:on_started:100 - INFO - DinkumVoiceService started.
2026-01-30 19:12:05.729 - voice - ovos_dinkum_listener.service:on_started:100 - INFO - DinkumVoiceService started.
2026-01-30 19:12:05.730 - voice - ovos_dinkum_listener.service:on_ready:92 - INFO - DinkumVoiceService is ready.
2026-01-30 19:12:05.730 - voice - ovos_dinkum_listener.service:run:349 - INFO - Service ready
2026-01-30 19:12:05.731 - voice - ovos_dinkum_listener.voice_loop.voice_loop:run:255 - INFO - Starting loop in mode: ListeningMode.WAKEWORD
2026-01-31 09:03:51.950 - voice - ovos_dinkum_listener.service:__init__:169 - INFO - Starting Voice Service
2026-01-31 09:03:51.967 - voice - ovos_dinkum_listener.service:on_alive:96 - INFO - DinkumVoiceService is alive.
2026-01-31 09:03:51.968 - voice - ovos_dinkum_listener.service:_before_start:372 - INFO - Starting service...
2026-01-31 09:05:12.070 - voice - ovos_dinkum_listener.service:_connect_to_bus:476 - INFO - Connected to Mycroft Core message bus
2026-01-31 09:05:14.014 - voice - ovos_dinkum_listener.service:on_alive:96 - INFO - DinkumVoiceService is alive.
2026-01-31 09:05:14.017 - voice - ovos_dinkum_listener.voice_loop.hotwords:load_hotword_engines:124 - INFO - creating hotword engines
2026-01-31 09:05:14.018 - voice - ovos_microphone_plugin_alsa:_run:113 - ERROR - Failed to open microphone
Traceback (most recent call last):
  File "/home/ovos/.venv/lib/python3.13/site-packages/ovos_microphone_plugin_alsa/__init__.py", line 78, in _run
    mic = alsaaudio.PCM(
        type=alsaaudio.PCM_CAPTURE,
    ...<6 lines>...
        periodsize=self.period_size,
    )
alsaaudio.ALSAAudioError: Host is down [default]
2026-01-31 09:05:14.020 - voice - ovos_plugin_manager.wakewords:load_module:141 - INFO - Loading "hey_mycroft" wake word via ovos-ww-plugin-precise-lite with config: {'module': 'ovos-ww-plugin-precise-lite', 'model': 'https://github.com/OpenVoiceOS/precise-lite-models/raw/master/wakewords/en/hey_mycroft.tflite', 'expected_duration': 3, 'trigger_level': 3, 'sensitivity': 0.5, 'listen': True, 'fallback_ww': 'hey_mycroft_precise'}
2026-01-31 09:05:15.352 - voice - ovos_plugin_manager.wakewords:load_module:148 - INFO - Loaded the Wake Word hey_mycroft with module ovos-ww-plugin-precise-lite
2026-01-31 09:05:15.420 - voice - ovos_dinkum_listener.voice_loop.hotwords:load_hotword_engines:173 - INFO - Loading hotword: hey_mycroft with engine: <ovos_ww_plugin_precise_lite.PreciseLiteHotwordPlugin object at 0x7ffebc458830>
2026-01-31 09:05:15.424 - voice - ovos_plugin_manager.wakewords:load_module:141 - INFO - Loading "wake_up" wake word via ovos-ww-plugin-vosk with config: {'module': 'ovos-ww-plugin-vosk', 'rule': 'fuzzy', 'samples': ['wake up'], 'lang': 'en-us', 'wakeup': True, 'fallback_ww': 'wake_up_pocketsphinx'}
2026-01-31 09:05:15.431 - voice - ovos_plugin_manager.wakewords:load_module:148 - INFO - Loaded the Wake Word wake_up with module ovos-ww-plugin-vosk
2026-01-31 09:05:16.535 - voice - ovos_dinkum_listener.voice_loop.hotwords:load_hotword_engines:173 - INFO - Loading hotword: wake_up with engine: <ovos_ww_plugin_vosk.VoskWakeWordPlugin object at 0x7ffe9f460d70>
2026-01-31 09:05:16.536 - voice - ovos_dinkum_listener.voice_loop.hotwords:load_hotword_engines:217 - WARNING - No stop words loaded
2026-01-31 09:05:16.537 - voice - ovos_dinkum_listener.voice_loop.voice_loop:start:190 - INFO - Listening mode: ListeningMode.WAKEWORD
2026-01-31 09:05:16.537 - voice - ovos_dinkum_listener.voice_loop.voice_loop:start:191 - INFO - VAD pre-wake enabled: False
2026-01-31 09:05:19.539 - voice - ovos_dinkum_listener.service:on_started:100 - INFO - DinkumVoiceService started.
2026-01-31 09:05:19.540 - voice - ovos_dinkum_listener.service:on_started:100 - INFO - DinkumVoiceService started.
2026-01-31 09:05:19.541 - voice - ovos_dinkum_listener.service:on_ready:92 - INFO - DinkumVoiceService is ready.
2026-01-31 09:05:19.541 - voice - ovos_dinkum_listener.service:run:349 - INFO - Service ready
2026-01-31 09:05:19.541 - voice - ovos_dinkum_listener.voice_loop.voice_loop:run:255 - INFO - Starting loop in mode: ListeningMode.WAKEWORD
2026-01-31 09:09:00.455 - voice - ovos_dinkum_listener.service:__init__:169 - INFO - Starting Voice Service
2026-01-31 09:09:00.482 - voice - ovos_dinkum_listener.service:on_alive:96 - INFO - DinkumVoiceService is alive.
2026-01-31 09:09:00.483 - voice - ovos_dinkum_listener.service:_before_start:372 - INFO - Starting service...
2026-01-31 09:10:20.578 - voice - ovos_dinkum_listener.service:_connect_to_bus:476 - INFO - Connected to Mycroft Core message bus
2026-01-31 09:10:22.342 - voice - ovos_dinkum_listener.service:on_alive:96 - INFO - DinkumVoiceService is alive.
2026-01-31 09:10:22.344 - voice - ovos_dinkum_listener.voice_loop.hotwords:load_hotword_engines:124 - INFO - creating hotword engines
2026-01-31 09:10:22.347 - voice - ovos_microphone_plugin_alsa:_run:113 - ERROR - Failed to open microphone
Traceback (most recent call last):
  File "/home/ovos/.venv/lib/python3.13/site-packages/ovos_microphone_plugin_alsa/__init__.py", line 78, in _run
    mic = alsaaudio.PCM(
        type=alsaaudio.PCM_CAPTURE,
    ...<6 lines>...
        periodsize=self.period_size,
    )
alsaaudio.ALSAAudioError: Host is down [default]
2026-01-31 09:10:22.349 - voice - ovos_plugin_manager.wakewords:load_module:141 - INFO - Loading "hey_mycroft" wake word via ovos-ww-plugin-precise-lite with config: {'module': 'ovos-ww-plugin-precise-lite', 'model': 'https://github.com/OpenVoiceOS/precise-lite-models/raw/master/wakewords/en/hey_mycroft.tflite', 'expected_duration': 3, 'trigger_level': 3, 'sensitivity': 0.5, 'listen': True, 'fallback_ww': 'hey_mycroft_precise'}
2026-01-31 09:10:23.613 - voice - ovos_plugin_manager.wakewords:load_module:148 - INFO - Loaded the Wake Word hey_mycroft with module ovos-ww-plugin-precise-lite
2026-01-31 09:10:23.671 - voice - ovos_dinkum_listener.voice_loop.hotwords:load_hotword_engines:173 - INFO - Loading hotword: hey_mycroft with engine: <ovos_ww_plugin_precise_lite.PreciseLiteHotwordPlugin object at 0x7fff29bc8830>
2026-01-31 09:10:23.675 - voice - ovos_plugin_manager.wakewords:load_module:141 - INFO - Loading "wake_up" wake word via ovos-ww-plugin-vosk with config: {'module': 'ovos-ww-plugin-vosk', 'rule': 'fuzzy', 'samples': ['wake up'], 'lang': 'en-us', 'wakeup': True, 'fallback_ww': 'wake_up_pocketsphinx'}
2026-01-31 09:10:23.683 - voice - ovos_plugin_manager.wakewords:load_module:148 - INFO - Loaded the Wake Word wake_up with module ovos-ww-plugin-vosk
2026-01-31 09:10:24.769 - voice - ovos_dinkum_listener.voice_loop.hotwords:load_hotword_engines:173 - INFO - Loading hotword: wake_up with engine: <ovos_ww_plugin_vosk.VoskWakeWordPlugin object at 0x7fff0cb8cd70>
2026-01-31 09:10:24.770 - voice - ovos_dinkum_listener.voice_loop.hotwords:load_hotword_engines:217 - WARNING - No stop words loaded
2026-01-31 09:10:24.770 - voice - ovos_dinkum_listener.voice_loop.voice_loop:start:190 - INFO - Listening mode: ListeningMode.WAKEWORD
2026-01-31 09:10:24.771 - voice - ovos_dinkum_listener.voice_loop.voice_loop:start:191 - INFO - VAD pre-wake enabled: False
2026-01-31 09:10:27.774 - voice - ovos_dinkum_listener.service:on_started:100 - INFO - DinkumVoiceService started.
2026-01-31 09:10:27.775 - voice - ovos_dinkum_listener.service:on_started:100 - INFO - DinkumVoiceService started.
2026-01-31 09:10:27.775 - voice - ovos_dinkum_listener.service:on_ready:92 - INFO - DinkumVoiceService is ready.
2026-01-31 09:10:27.776 - voice - ovos_dinkum_listener.service:run:349 - INFO - Service ready
2026-01-31 09:10:27.776 - voice - ovos_dinkum_listener.voice_loop.voice_loop:run:255 - INFO - Starting loop in mode: ListeningMode.WAKEWORD
2026-01-31 13:00:58.993 - voice - ovos_dinkum_listener.service:__init__:169 - INFO - Starting Voice Service
2026-01-31 13:00:59.015 - voice - ovos_dinkum_listener.service:on_alive:96 - INFO - DinkumVoiceService is alive.
2026-01-31 13:00:59.016 - voice - ovos_dinkum_listener.service:_before_start:372 - INFO - Starting service...
2026-01-31 13:01:59.132 - voice - ovos_dinkum_listener.service:_connect_to_bus:476 - INFO - Connected to Mycroft Core message bus
2026-01-31 13:02:00.622 - voice - ovos_dinkum_listener.service:on_alive:96 - INFO - DinkumVoiceService is alive.
2026-01-31 13:02:00.626 - voice - ovos_dinkum_listener.voice_loop.hotwords:load_hotword_engines:124 - INFO - creating hotword engines
2026-01-31 13:02:00.627 - voice - ovos_microphone_plugin_alsa:_run:113 - ERROR - Failed to open microphone
Traceback (most recent call last):
  File "/home/ovos/.venv/lib/python3.13/site-packages/ovos_microphone_plugin_alsa/__init__.py", line 78, in _run
    mic = alsaaudio.PCM(
        type=alsaaudio.PCM_CAPTURE,
    ...<6 lines>...
        periodsize=self.period_size,
    )
alsaaudio.ALSAAudioError: Host is down [default]
2026-01-31 13:02:00.629 - voice - ovos_plugin_manager.wakewords:load_module:141 - INFO - Loading "hey_mycroft" wake word via ovos-ww-plugin-precise-lite with config: {'module': 'ovos-ww-plugin-precise-lite', 'model': 'https://github.com/OpenVoiceOS/precise-lite-models/raw/master/wakewords/en/hey_mycroft.tflite', 'expected_duration': 3, 'trigger_level': 3, 'sensitivity': 0.5, 'listen': True, 'fallback_ww': 'hey_mycroft_precise'}
2026-01-31 13:02:01.882 - voice - ovos_plugin_manager.wakewords:load_module:148 - INFO - Loaded the Wake Word hey_mycroft with module ovos-ww-plugin-precise-lite
2026-01-31 13:02:01.940 - voice - ovos_dinkum_listener.voice_loop.hotwords:load_hotword_engines:173 - INFO - Loading hotword: hey_mycroft with engine: <ovos_ww_plugin_precise_lite.PreciseLiteHotwordPlugin object at 0x7ffef5c98830>
2026-01-31 13:02:01.944 - voice - ovos_plugin_manager.wakewords:load_module:141 - INFO - Loading "wake_up" wake word via ovos-ww-plugin-vosk with config: {'module': 'ovos-ww-plugin-vosk', 'rule': 'fuzzy', 'samples': ['wake up'], 'lang': 'en-us', 'wakeup': True, 'fallback_ww': 'wake_up_pocketsphinx'}
2026-01-31 13:02:01.951 - voice - ovos_plugin_manager.wakewords:load_module:148 - INFO - Loaded the Wake Word wake_up with module ovos-ww-plugin-vosk
2026-01-31 13:02:03.042 - voice - ovos_dinkum_listener.voice_loop.hotwords:load_hotword_engines:173 - INFO - Loading hotword: wake_up with engine: <ovos_ww_plugin_vosk.VoskWakeWordPlugin object at 0x7ffed8cd8d70>
2026-01-31 13:02:03.043 - voice - ovos_dinkum_listener.voice_loop.hotwords:load_hotword_engines:217 - WARNING - No stop words loaded
2026-01-31 13:02:03.044 - voice - ovos_dinkum_listener.voice_loop.voice_loop:start:190 - INFO - Listening mode: ListeningMode.WAKEWORD
2026-01-31 13:02:03.044 - voice - ovos_dinkum_listener.voice_loop.voice_loop:start:191 - INFO - VAD pre-wake enabled: False
2026-01-31 13:02:06.046 - voice - ovos_dinkum_listener.service:on_started:100 - INFO - DinkumVoiceService started.
2026-01-31 13:02:06.047 - voice - ovos_dinkum_listener.service:on_started:100 - INFO - DinkumVoiceService started.
2026-01-31 13:02:06.047 - voice - ovos_dinkum_listener.service:on_ready:92 - INFO - DinkumVoiceService is ready.
2026-01-31 13:02:06.048 - voice - ovos_dinkum_listener.service:run:349 - INFO - Service ready
2026-01-31 13:02:06.048 - voice - ovos_dinkum_listener.voice_loop.voice_loop:run:255 - INFO - Starting loop in mode: ListeningMode.WAKEWORD
2026-01-31 13:31:22.327 - voice - ovos_dinkum_listener.service:__init__:169 - INFO - Starting Voice Service
2026-01-31 13:31:22.345 - voice - ovos_dinkum_listener.service:on_alive:96 - INFO - DinkumVoiceService is alive.
2026-01-31 13:31:22.346 - voice - ovos_dinkum_listener.service:_before_start:372 - INFO - Starting service...
2026-01-31 13:32:22.465 - voice - ovos_dinkum_listener.service:_connect_to_bus:476 - INFO - Connected to Mycroft Core message bus
2026-01-31 13:32:23.973 - voice - ovos_dinkum_listener.service:on_alive:96 - INFO - DinkumVoiceService is alive.
2026-01-31 13:32:23.977 - voice - ovos_dinkum_listener.voice_loop.hotwords:load_hotword_engines:124 - INFO - creating hotword engines
2026-01-31 13:32:23.978 - voice - ovos_microphone_plugin_alsa:_run:113 - ERROR - Failed to open microphone
Traceback (most recent call last):
  File "/home/ovos/.venv/lib/python3.13/site-packages/ovos_microphone_plugin_alsa/__init__.py", line 78, in _run
    mic = alsaaudio.PCM(
        type=alsaaudio.PCM_CAPTURE,
    ...<6 lines>...
        periodsize=self.period_size,
    )
alsaaudio.ALSAAudioError: Host is down [default]
2026-01-31 13:32:23.980 - voice - ovos_plugin_manager.wakewords:load_module:141 - INFO - Loading "wake_up" wake word via ovos-ww-plugin-vosk with config: {'module': 'ovos-ww-plugin-vosk', 'rule': 'fuzzy', 'samples': ['wake up'], 'lang': 'en-us', 'wakeup': True, 'fallback_ww': 'wake_up_pocketsphinx'}
2026-01-31 13:32:25.243 - voice - ovos_plugin_manager.wakewords:load_module:148 - INFO - Loaded the Wake Word wake_up with module ovos-ww-plugin-vosk
2026-01-31 13:32:26.370 - voice - ovos_dinkum_listener.voice_loop.hotwords:load_hotword_engines:173 - INFO - Loading hotword: wake_up with engine: <ovos_ww_plugin_vosk.VoskWakeWordPlugin object at 0x7fff15d69010>
2026-01-31 13:32:26.371 - voice - ovos_plugin_manager.wakewords:load_module:141 - INFO - Loading "hey_k9" wake word via ovos-ww-plugin-precise-lite with config: {'module': 'ovos-ww-plugin-precise-lite', 'model': '/home/ovos/.local/share/mycroft/hey_k9.tflite', 'listen': True, 'active': True, 'expected_duration': 3, 'trigger_level': 3, 'sensitivity': 0.5}
2026-01-31 13:32:26.378 - voice - ovos_plugin_manager.wakewords:load_module:148 - INFO - Loaded the Wake Word hey_k9 with module ovos-ww-plugin-precise-lite
2026-01-31 13:32:26.379 - voice - ovos_plugin_manager.wakewords:create_hotword:173 - ERROR - Failed to load hotword: hey_k9 - ovos-ww-plugin-precise-lite
2026-01-31 13:32:26.380 - voice - ovos_plugin_manager.wakewords:create_hotword:174 - ERROR - Model not found
Traceback (most recent call last):
  File "/home/ovos/.venv/lib/python3.13/site-packages/ovos_plugin_manager/wakewords.py", line 171, in create_hotword
    return cls.load_module(module, hotword, ww_config, lang, loop)
           ~~~~~~~~~~~~~~~^^^^^^^^^^^^^^^^^^^^^^^^^^^^^^^^^^^^^^^^
  File "/home/ovos/.venv/lib/python3.13/site-packages/ovos_plugin_manager/wakewords.py", line 149, in load_module
    return clazz(hotword, hotword_config, lang=lang)
  File "/home/ovos/.venv/lib/python3.13/site-packages/ovos_ww_plugin_precise_lite/__init__.py", line 30, in __init__
    raise ValueError("Model not found")
ValueError: Model not found
2026-01-31 13:32:26.381 - voice - ovos_dinkum_listener.voice_loop.hotwords:load_hotword_engines:206 - ERROR - Failed to load hotword: hey_k9
2026-01-31 13:32:26.382 - voice - ovos_dinkum_listener.voice_loop.hotwords:load_hotword_engines:211 - ERROR - No listen words loaded
2026-01-31 13:32:26.383 - voice - ovos_dinkum_listener.voice_loop.hotwords:load_hotword_engines:217 - WARNING - No stop words loaded
2026-01-31 13:32:26.383 - voice - ovos_dinkum_listener.voice_loop.voice_loop:start:190 - INFO - Listening mode: ListeningMode.WAKEWORD
2026-01-31 13:32:26.384 - voice - ovos_dinkum_listener.voice_loop.voice_loop:start:191 - INFO - VAD pre-wake enabled: False
2026-01-31 13:32:29.386 - voice - ovos_dinkum_listener.service:on_started:100 - INFO - DinkumVoiceService started.
2026-01-31 13:32:29.387 - voice - ovos_dinkum_listener.service:on_started:100 - INFO - DinkumVoiceService started.
2026-01-31 13:32:29.387 - voice - ovos_dinkum_listener.service:on_ready:92 - INFO - DinkumVoiceService is ready.
2026-01-31 13:32:29.388 - voice - ovos_dinkum_listener.service:run:349 - INFO - Service ready
2026-01-31 13:32:29.388 - voice - ovos_dinkum_listener.voice_loop.voice_loop:run:255 - INFO - Starting loop in mode: ListeningMode.WAKEWORD
2026-02-01 12:39:08.793 - voice - ovos_config.config:_on_file_change:318 - INFO - /home/ovos/.config/mycroft/mycroft.conf changed on disk
2026-02-01 12:39:08.795 - voice - ovos_dinkum_listener.service:reload_configuration:1067 - INFO - Reloading changed configuration
2026-02-01 12:39:08.796 - voice - ovos_dinkum_listener.service:on_alive:96 - INFO - DinkumVoiceService is alive.
2026-02-01 12:39:08.797 - voice - ovos_dinkum_listener.service:reload_configuration:1108 - INFO - Reloading Hotwords
2026-02-01 12:39:08.841 - voice - ovos_dinkum_listener.voice_loop.hotwords:load_hotword_engines:124 - INFO - creating hotword engines
2026-02-01 12:39:08.843 - voice - ovos_plugin_manager.wakewords:load_module:141 - INFO - Loading "wake_up" wake word via ovos-ww-plugin-vosk with config: {'module': 'ovos-ww-plugin-vosk', 'rule': 'fuzzy', 'samples': ['wake up', '[unk]'], 'lang': 'en-us', 'wakeup': True, 'fallback_ww': 'wake_up_pocketsphinx'}
2026-02-01 12:39:08.851 - voice - ovos_plugin_manager.wakewords:load_module:148 - INFO - Loaded the Wake Word wake_up with module ovos-ww-plugin-vosk
2026-02-01 12:39:09.285 - voice - ovos_dinkum_listener.voice_loop.hotwords:load_hotword_engines:173 - INFO - Loading hotword: wake_up with engine: <ovos_ww_plugin_vosk.VoskWakeWordPlugin object at 0x7ffef90139d0>
2026-02-01 12:39:09.287 - voice - ovos_plugin_manager.wakewords:load_module:141 - INFO - Loading "hey_k9" wake word via ovos-ww-plugin-precise-lite with config: {'module': 'ovos-ww-plugin-precise-lite', 'model': '/home/ovos/.local/share/mycroft/hey_k9.tflite', 'listen': True, 'active': True, 'expected_duration': 3, 'trigger_level': 3, 'sensitivity': 0.5}
2026-02-01 12:39:09.295 - voice - ovos_plugin_manager.wakewords:load_module:148 - INFO - Loaded the Wake Word hey_k9 with module ovos-ww-plugin-precise-lite
2026-02-01 12:39:09.297 - voice - ovos_plugin_manager.wakewords:create_hotword:173 - ERROR - Failed to load hotword: hey_k9 - ovos-ww-plugin-precise-lite
2026-02-01 12:39:09.297 - voice - ovos_plugin_manager.wakewords:create_hotword:174 - ERROR - Model not found
Traceback (most recent call last):
  File "/home/ovos/.venv/lib/python3.13/site-packages/ovos_plugin_manager/wakewords.py", line 171, in create_hotword
    return cls.load_module(module, hotword, ww_config, lang, loop)
           ~~~~~~~~~~~~~~~^^^^^^^^^^^^^^^^^^^^^^^^^^^^^^^^^^^^^^^^
  File "/home/ovos/.venv/lib/python3.13/site-packages/ovos_plugin_manager/wakewords.py", line 149, in load_module
    return clazz(hotword, hotword_config, lang=lang)
  File "/home/ovos/.venv/lib/python3.13/site-packages/ovos_ww_plugin_precise_lite/__init__.py", line 30, in __init__
    raise ValueError("Model not found")
ValueError: Model not found
2026-02-01 12:39:09.299 - voice - ovos_dinkum_listener.voice_loop.hotwords:load_hotword_engines:206 - ERROR - Failed to load hotword: hey_k9
2026-02-01 12:39:09.300 - voice - ovos_dinkum_listener.voice_loop.hotwords:load_hotword_engines:211 - ERROR - No listen words loaded
2026-02-01 12:39:09.301 - voice - ovos_dinkum_listener.voice_loop.hotwords:load_hotword_engines:217 - WARNING - No stop words loaded
2026-02-01 12:39:09.302 - voice - ovos_dinkum_listener.service:reload_configuration:1117 - INFO - Reloading Listener
2026-02-01 12:39:09.354 - voice - ovos_dinkum_listener.voice_loop.voice_loop:run:339 - INFO - Loop stopped running
2026-02-01 12:39:09.367 - voice - ovos_dinkum_listener.voice_loop.voice_loop:start:190 - INFO - Listening mode: ListeningMode.WAKEWORD
2026-02-01 12:39:09.369 - voice - ovos_dinkum_listener.voice_loop.voice_loop:start:191 - INFO - VAD pre-wake enabled: False
2026-02-01 12:39:09.368 - voice - ovos_microphone_plugin_alsa:_run:113 - ERROR - Failed to open microphone
Traceback (most recent call last):
  File "/home/ovos/.venv/lib/python3.13/site-packages/ovos_microphone_plugin_alsa/__init__.py", line 78, in _run
    mic = alsaaudio.PCM(
        type=alsaaudio.PCM_CAPTURE,
    ...<6 lines>...
        periodsize=self.period_size,
    )
alsaaudio.ALSAAudioError: Host is down [default]
2026-02-01 12:39:09.371 - voice - ovos_dinkum_listener.voice_loop.voice_loop:run:255 - INFO - Starting loop in mode: ListeningMode.WAKEWORD
2026-02-01 12:39:09.372 - voice - ovos_dinkum_listener.service:on_ready:92 - INFO - DinkumVoiceService is ready.
2026-02-01 12:39:09.373 - voice - ovos_dinkum_listener.service:reload_configuration:1154 - INFO - Reload Completed
2026-02-01 12:41:32.074 - voice - ovos_dinkum_listener.service:__init__:169 - INFO - Starting Voice Service
2026-02-01 12:41:32.110 - voice - ovos_dinkum_listener.service:on_alive:96 - INFO - DinkumVoiceService is alive.
2026-02-01 12:41:32.111 - voice - ovos_dinkum_listener.service:_before_start:372 - INFO - Starting service...
2026-02-01 12:41:32.255 - voice - ovos_dinkum_listener.service:_connect_to_bus:476 - INFO - Connected to Mycroft Core message bus
2026-02-01 12:41:34.156 - voice - ovos_dinkum_listener.service:on_alive:96 - INFO - DinkumVoiceService is alive.
2026-02-01 12:41:34.157 - voice - ovos_dinkum_listener.voice_loop.hotwords:load_hotword_engines:124 - INFO - creating hotword engines
2026-02-01 12:41:34.169 - voice - ovos_plugin_manager.wakewords:load_module:141 - INFO - Loading "wake_up" wake word via ovos-ww-plugin-vosk with config: {'module': 'ovos-ww-plugin-vosk', 'rule': 'fuzzy', 'samples': ['wake up'], 'lang': 'en-us', 'wakeup': True, 'fallback_ww': 'wake_up_pocketsphinx'}
2026-02-01 12:41:34.177 - voice - ovos_microphone_plugin_alsa:_run:113 - ERROR - Failed to open microphone
Traceback (most recent call last):
  File "/home/ovos/.venv/lib/python3.13/site-packages/ovos_microphone_plugin_alsa/__init__.py", line 78, in _run
    mic = alsaaudio.PCM(
        type=alsaaudio.PCM_CAPTURE,
    ...<6 lines>...
        periodsize=self.period_size,
    )
alsaaudio.ALSAAudioError: Host is down [default]
2026-02-01 12:41:35.426 - voice - ovos_plugin_manager.wakewords:load_module:148 - INFO - Loaded the Wake Word wake_up with module ovos-ww-plugin-vosk
2026-02-01 12:41:36.011 - voice - ovos_dinkum_listener.voice_loop.hotwords:load_hotword_engines:173 - INFO - Loading hotword: wake_up with engine: <ovos_ww_plugin_vosk.VoskWakeWordPlugin object at 0x7ffed8341010>
2026-02-01 12:41:36.013 - voice - ovos_plugin_manager.wakewords:load_module:141 - INFO - Loading "hey_k9" wake word via ovos-ww-plugin-precise-lite with config: {'module': 'ovos-ww-plugin-precise-lite', 'model': '/home/ovos/.local/share/mycroft/hey_k9.tflite', 'listen': True, 'active': True, 'expected_duration': 3, 'trigger_level': 3, 'sensitivity': 0.5}
2026-02-01 12:41:36.021 - voice - ovos_plugin_manager.wakewords:load_module:148 - INFO - Loaded the Wake Word hey_k9 with module ovos-ww-plugin-precise-lite
2026-02-01 12:41:36.023 - voice - ovos_plugin_manager.wakewords:create_hotword:173 - ERROR - Failed to load hotword: hey_k9 - ovos-ww-plugin-precise-lite
2026-02-01 12:41:36.023 - voice - ovos_plugin_manager.wakewords:create_hotword:174 - ERROR - Model not found
Traceback (most recent call last):
  File "/home/ovos/.venv/lib/python3.13/site-packages/ovos_plugin_manager/wakewords.py", line 171, in create_hotword
    return cls.load_module(module, hotword, ww_config, lang, loop)
           ~~~~~~~~~~~~~~~^^^^^^^^^^^^^^^^^^^^^^^^^^^^^^^^^^^^^^^^
  File "/home/ovos/.venv/lib/python3.13/site-packages/ovos_plugin_manager/wakewords.py", line 149, in load_module
    return clazz(hotword, hotword_config, lang=lang)
  File "/home/ovos/.venv/lib/python3.13/site-packages/ovos_ww_plugin_precise_lite/__init__.py", line 30, in __init__
    raise ValueError("Model not found")
ValueError: Model not found
2026-02-01 12:41:36.026 - voice - ovos_dinkum_listener.voice_loop.hotwords:load_hotword_engines:206 - ERROR - Failed to load hotword: hey_k9
2026-02-01 12:41:36.027 - voice - ovos_dinkum_listener.voice_loop.hotwords:load_hotword_engines:211 - ERROR - No listen words loaded
2026-02-01 12:41:36.028 - voice - ovos_dinkum_listener.voice_loop.hotwords:load_hotword_engines:217 - WARNING - No stop words loaded
2026-02-01 12:41:36.029 - voice - ovos_dinkum_listener.voice_loop.voice_loop:start:190 - INFO - Listening mode: ListeningMode.WAKEWORD
2026-02-01 12:41:36.030 - voice - ovos_dinkum_listener.voice_loop.voice_loop:start:191 - INFO - VAD pre-wake enabled: False
2026-02-01 12:41:39.033 - voice - ovos_dinkum_listener.service:on_started:100 - INFO - DinkumVoiceService started.
2026-02-01 12:41:39.034 - voice - ovos_dinkum_listener.service:on_started:100 - INFO - DinkumVoiceService started.
2026-02-01 12:41:39.034 - voice - ovos_dinkum_listener.service:on_ready:92 - INFO - DinkumVoiceService is ready.
2026-02-01 12:41:39.035 - voice - ovos_dinkum_listener.service:run:349 - INFO - Service ready
2026-02-01 12:41:39.035 - voice - ovos_dinkum_listener.voice_loop.voice_loop:run:255 - INFO - Starting loop in mode: ListeningMode.WAKEWORD
2026-02-01 12:43:45.777 - voice - ovos_dinkum_listener.service:__init__:169 - INFO - Starting Voice Service
2026-02-01 12:43:45.790 - voice - ovos_dinkum_listener.service:on_alive:96 - INFO - DinkumVoiceService is alive.
2026-02-01 12:43:45.791 - voice - ovos_dinkum_listener.service:_before_start:372 - INFO - Starting service...
2026-02-01 12:45:05.898 - voice - ovos_dinkum_listener.service:_connect_to_bus:476 - INFO - Connected to Mycroft Core message bus
2026-02-01 12:45:06.488 - voice - ovos_dinkum_listener.service:on_alive:96 - INFO - DinkumVoiceService is alive.
2026-02-01 12:45:06.490 - voice - ovos_dinkum_listener.voice_loop.hotwords:load_hotword_engines:124 - INFO - creating hotword engines
2026-02-01 12:45:06.493 - voice - ovos_microphone_plugin_alsa:_run:113 - ERROR - Failed to open microphone
Traceback (most recent call last):
  File "/home/ovos/.venv/lib/python3.13/site-packages/ovos_microphone_plugin_alsa/__init__.py", line 78, in _run
    mic = alsaaudio.PCM(
        type=alsaaudio.PCM_CAPTURE,
    ...<6 lines>...
        periodsize=self.period_size,
    )
alsaaudio.ALSAAudioError: Host is down [default]
2026-02-01 12:45:06.495 - voice - ovos_plugin_manager.wakewords:load_module:141 - INFO - Loading "wake_up" wake word via ovos-ww-plugin-vosk with config: {'module': 'ovos-ww-plugin-vosk', 'rule': 'fuzzy', 'samples': ['wake up'], 'lang': 'en-us', 'wakeup': True, 'fallback_ww': 'wake_up_pocketsphinx'}
2026-02-01 12:45:07.292 - voice - ovos_plugin_manager.wakewords:load_module:148 - INFO - Loaded the Wake Word wake_up with module ovos-ww-plugin-vosk
2026-02-01 12:45:07.712 - voice - ovos_dinkum_listener.voice_loop.hotwords:load_hotword_engines:173 - INFO - Loading hotword: wake_up with engine: <ovos_ww_plugin_vosk.VoskWakeWordPlugin object at 0x7ffe9a535010>
2026-02-01 12:45:07.714 - voice - ovos_plugin_manager.wakewords:load_module:141 - INFO - Loading "hey_k9" wake word via ovos-ww-plugin-precise-lite with config: {'module': 'ovos-ww-plugin-precise-lite', 'model': '/home/ovos/.local/share/mycroft/hey_k9.tflite', 'listen': True, 'active': True, 'expected_duration': 3, 'trigger_level': 3, 'sensitivity': 0.5}
2026-02-01 12:45:07.720 - voice - ovos_plugin_manager.wakewords:load_module:148 - INFO - Loaded the Wake Word hey_k9 with module ovos-ww-plugin-precise-lite
2026-02-01 12:45:07.721 - voice - ovos_plugin_manager.wakewords:create_hotword:173 - ERROR - Failed to load hotword: hey_k9 - ovos-ww-plugin-precise-lite
2026-02-01 12:45:07.721 - voice - ovos_plugin_manager.wakewords:create_hotword:174 - ERROR - Model not found
Traceback (most recent call last):
  File "/home/ovos/.venv/lib/python3.13/site-packages/ovos_plugin_manager/wakewords.py", line 171, in create_hotword
    return cls.load_module(module, hotword, ww_config, lang, loop)
           ~~~~~~~~~~~~~~~^^^^^^^^^^^^^^^^^^^^^^^^^^^^^^^^^^^^^^^^
  File "/home/ovos/.venv/lib/python3.13/site-packages/ovos_plugin_manager/wakewords.py", line 149, in load_module
    return clazz(hotword, hotword_config, lang=lang)
  File "/home/ovos/.venv/lib/python3.13/site-packages/ovos_ww_plugin_precise_lite/__init__.py", line 30, in __init__
    raise ValueError("Model not found")
ValueError: Model not found
2026-02-01 12:45:07.722 - voice - ovos_dinkum_listener.voice_loop.hotwords:load_hotword_engines:206 - ERROR - Failed to load hotword: hey_k9
2026-02-01 12:45:07.723 - voice - ovos_dinkum_listener.voice_loop.hotwords:load_hotword_engines:211 - ERROR - No listen words loaded
2026-02-01 12:45:07.723 - voice - ovos_dinkum_listener.voice_loop.hotwords:load_hotword_engines:217 - WARNING - No stop words loaded
2026-02-01 12:45:07.724 - voice - ovos_dinkum_listener.voice_loop.voice_loop:start:190 - INFO - Listening mode: ListeningMode.WAKEWORD
2026-02-01 12:45:07.725 - voice - ovos_dinkum_listener.voice_loop.voice_loop:start:191 - INFO - VAD pre-wake enabled: False
2026-02-01 12:45:10.726 - voice - ovos_dinkum_listener.service:on_started:100 - INFO - DinkumVoiceService started.
2026-02-01 12:45:10.727 - voice - ovos_dinkum_listener.service:on_started:100 - INFO - DinkumVoiceService started.
2026-02-01 12:45:10.728 - voice - ovos_dinkum_listener.service:on_ready:92 - INFO - DinkumVoiceService is ready.
2026-02-01 12:45:10.728 - voice - ovos_dinkum_listener.service:run:349 - INFO - Service ready
2026-02-01 12:45:10.728 - voice - ovos_dinkum_listener.voice_loop.voice_loop:run:255 - INFO - Starting loop in mode: ListeningMode.WAKEWORD
2026-02-01 13:05:26.288 - voice - ovos_dinkum_listener.service:__init__:169 - INFO - Starting Voice Service
2026-02-01 13:05:26.305 - voice - ovos_dinkum_listener.service:on_alive:96 - INFO - DinkumVoiceService is alive.
2026-02-01 13:05:26.306 - voice - ovos_dinkum_listener.service:_before_start:372 - INFO - Starting service...
2026-02-01 13:06:26.425 - voice - ovos_dinkum_listener.service:_connect_to_bus:476 - INFO - Connected to Mycroft Core message bus
2026-02-01 13:06:27.934 - voice - ovos_dinkum_listener.service:on_alive:96 - INFO - DinkumVoiceService is alive.
2026-02-01 13:06:27.938 - voice - ovos_dinkum_listener.voice_loop.hotwords:load_hotword_engines:124 - INFO - creating hotword engines
2026-02-01 13:06:27.939 - voice - ovos_microphone_plugin_alsa:_run:113 - ERROR - Failed to open microphone
Traceback (most recent call last):
  File "/home/ovos/.venv/lib/python3.13/site-packages/ovos_microphone_plugin_alsa/__init__.py", line 78, in _run
    mic = alsaaudio.PCM(
        type=alsaaudio.PCM_CAPTURE,
    ...<6 lines>...
        periodsize=self.period_size,
    )
alsaaudio.ALSAAudioError: Host is down [default]
2026-02-01 13:06:27.941 - voice - ovos_plugin_manager.wakewords:load_module:141 - INFO - Loading "wake_up" wake word via ovos-ww-plugin-vosk with config: {'module': 'ovos-ww-plugin-vosk', 'rule': 'fuzzy', 'samples': ['wake up'], 'lang': 'en-us', 'wakeup': True, 'fallback_ww': 'wake_up_pocketsphinx'}
2026-02-01 13:06:29.200 - voice - ovos_plugin_manager.wakewords:load_module:148 - INFO - Loaded the Wake Word wake_up with module ovos-ww-plugin-vosk
2026-02-01 13:06:30.287 - voice - ovos_dinkum_listener.voice_loop.hotwords:load_hotword_engines:173 - INFO - Loading hotword: wake_up with engine: <ovos_ww_plugin_vosk.VoskWakeWordPlugin object at 0x7fff6fe29010>
2026-02-01 13:06:30.288 - voice - ovos_plugin_manager.wakewords:load_module:141 - INFO - Loading "hey_k9" wake word via ovos-ww-plugin-precise-lite with config: {'module': 'ovos-ww-plugin-precise-lite', 'model': '/home/ovos/.local/share/mycroft/hey_k9.tflite', 'listen': True, 'active': True, 'expected_duration': 3, 'trigger_level': 3, 'sensitivity': 0.5}
2026-02-01 13:06:30.295 - voice - ovos_plugin_manager.wakewords:load_module:148 - INFO - Loaded the Wake Word hey_k9 with module ovos-ww-plugin-precise-lite
2026-02-01 13:06:30.296 - voice - ovos_plugin_manager.wakewords:create_hotword:173 - ERROR - Failed to load hotword: hey_k9 - ovos-ww-plugin-precise-lite
2026-02-01 13:06:30.296 - voice - ovos_plugin_manager.wakewords:create_hotword:174 - ERROR - Model not found
Traceback (most recent call last):
  File "/home/ovos/.venv/lib/python3.13/site-packages/ovos_plugin_manager/wakewords.py", line 171, in create_hotword
    return cls.load_module(module, hotword, ww_config, lang, loop)
           ~~~~~~~~~~~~~~~^^^^^^^^^^^^^^^^^^^^^^^^^^^^^^^^^^^^^^^^
  File "/home/ovos/.venv/lib/python3.13/site-packages/ovos_plugin_manager/wakewords.py", line 149, in load_module
    return clazz(hotword, hotword_config, lang=lang)
  File "/home/ovos/.venv/lib/python3.13/site-packages/ovos_ww_plugin_precise_lite/__init__.py", line 30, in __init__
    raise ValueError("Model not found")
ValueError: Model not found
2026-02-01 13:06:30.298 - voice - ovos_dinkum_listener.voice_loop.hotwords:load_hotword_engines:206 - ERROR - Failed to load hotword: hey_k9
2026-02-01 13:06:30.298 - voice - ovos_dinkum_listener.voice_loop.hotwords:load_hotword_engines:211 - ERROR - No listen words loaded
2026-02-01 13:06:30.299 - voice - ovos_dinkum_listener.voice_loop.hotwords:load_hotword_engines:217 - WARNING - No stop words loaded
2026-02-01 13:06:30.299 - voice - ovos_dinkum_listener.voice_loop.voice_loop:start:190 - INFO - Listening mode: ListeningMode.WAKEWORD
2026-02-01 13:06:30.300 - voice - ovos_dinkum_listener.voice_loop.voice_loop:start:191 - INFO - VAD pre-wake enabled: False
2026-02-01 13:06:33.302 - voice - ovos_dinkum_listener.service:on_started:100 - INFO - DinkumVoiceService started.
2026-02-01 13:06:33.302 - voice - ovos_dinkum_listener.service:on_started:100 - INFO - DinkumVoiceService started.
2026-02-01 13:06:33.303 - voice - ovos_dinkum_listener.service:on_ready:92 - INFO - DinkumVoiceService is ready.
2026-02-01 13:06:33.303 - voice - ovos_dinkum_listener.service:run:349 - INFO - Service ready
2026-02-01 13:06:33.304 - voice - ovos_dinkum_listener.voice_loop.voice_loop:run:255 - INFO - Starting loop in mode: ListeningMode.WAKEWORD
2026-02-01 13:30:49.493 - voice - ovos_dinkum_listener.service:__init__:169 - INFO - Starting Voice Service
2026-02-01 13:30:49.507 - voice - ovos_dinkum_listener.service:on_alive:96 - INFO - DinkumVoiceService is alive.
2026-02-01 13:30:49.508 - voice - ovos_dinkum_listener.service:_before_start:372 - INFO - Starting service...
2026-02-01 13:31:11.704 - voice - ovos_bus_client.client.client:on_error:112 - WARNING - Could not send message because connection has closed
2026-02-01 13:31:11.705 - voice - ovos_bus_client.client.client:on_error:130 - WARNING - Message Bus Client will reconnect in 5.0 seconds.
2026-02-01 13:31:29.644 - voice - ovos_dinkum_listener.service:_connect_to_bus:476 - INFO - Connected to Mycroft Core message bus
2026-02-01 13:31:30.357 - voice - ovos_dinkum_listener.service:on_alive:96 - INFO - DinkumVoiceService is alive.
2026-02-01 13:31:30.361 - voice - ovos_dinkum_listener.voice_loop.hotwords:load_hotword_engines:124 - INFO - creating hotword engines
2026-02-01 13:31:30.362 - voice - ovos_microphone_plugin_alsa:_run:113 - ERROR - Failed to open microphone
Traceback (most recent call last):
  File "/home/ovos/.venv/lib/python3.13/site-packages/ovos_microphone_plugin_alsa/__init__.py", line 78, in _run
    mic = alsaaudio.PCM(
        type=alsaaudio.PCM_CAPTURE,
    ...<6 lines>...
        periodsize=self.period_size,
    )
alsaaudio.ALSAAudioError: Host is down [default]
2026-02-01 13:31:30.364 - voice - ovos_plugin_manager.wakewords:load_module:141 - INFO - Loading "wake_up" wake word via ovos-ww-plugin-vosk with config: {'module': 'ovos-ww-plugin-vosk', 'rule': 'fuzzy', 'samples': ['wake up'], 'lang': 'en-us', 'wakeup': True, 'fallback_ww': 'wake_up_pocketsphinx'}
2026-02-01 13:31:31.165 - voice - ovos_plugin_manager.wakewords:load_module:148 - INFO - Loaded the Wake Word wake_up with module ovos-ww-plugin-vosk
2026-02-01 13:31:31.599 - voice - ovos_dinkum_listener.voice_loop.hotwords:load_hotword_engines:173 - INFO - Loading hotword: wake_up with engine: <ovos_ww_plugin_vosk.VoskWakeWordPlugin object at 0x7fff1871d010>
2026-02-01 13:31:31.600 - voice - ovos_plugin_manager.wakewords:load_module:141 - INFO - Loading "hey_k9" wake word via ovos-ww-plugin-precise-lite with config: {'module': 'ovos-ww-plugin-precise-lite', 'model': '/home/ovos/.local/share/mycroft/hey_k9.tflite', 'listen': True, 'active': True, 'expected_duration': 3, 'trigger_level': 3, 'sensitivity': 0.5}
2026-02-01 13:31:31.608 - voice - ovos_plugin_manager.wakewords:load_module:148 - INFO - Loaded the Wake Word hey_k9 with module ovos-ww-plugin-precise-lite
2026-02-01 13:31:31.609 - voice - ovos_plugin_manager.wakewords:create_hotword:173 - ERROR - Failed to load hotword: hey_k9 - ovos-ww-plugin-precise-lite
2026-02-01 13:31:31.609 - voice - ovos_plugin_manager.wakewords:create_hotword:174 - ERROR - Model not found
Traceback (most recent call last):
  File "/home/ovos/.venv/lib/python3.13/site-packages/ovos_plugin_manager/wakewords.py", line 171, in create_hotword
    return cls.load_module(module, hotword, ww_config, lang, loop)
           ~~~~~~~~~~~~~~~^^^^^^^^^^^^^^^^^^^^^^^^^^^^^^^^^^^^^^^^
  File "/home/ovos/.venv/lib/python3.13/site-packages/ovos_plugin_manager/wakewords.py", line 149, in load_module
    return clazz(hotword, hotword_config, lang=lang)
  File "/home/ovos/.venv/lib/python3.13/site-packages/ovos_ww_plugin_precise_lite/__init__.py", line 30, in __init__
    raise ValueError("Model not found")
ValueError: Model not found
2026-02-01 13:31:31.611 - voice - ovos_dinkum_listener.voice_loop.hotwords:load_hotword_engines:206 - ERROR - Failed to load hotword: hey_k9
2026-02-01 13:31:31.612 - voice - ovos_dinkum_listener.voice_loop.hotwords:load_hotword_engines:211 - ERROR - No listen words loaded
2026-02-01 13:31:31.613 - voice - ovos_dinkum_listener.voice_loop.hotwords:load_hotword_engines:217 - WARNING - No stop words loaded
2026-02-01 13:31:31.614 - voice - ovos_dinkum_listener.voice_loop.voice_loop:start:190 - INFO - Listening mode: ListeningMode.WAKEWORD
2026-02-01 13:31:31.614 - voice - ovos_dinkum_listener.voice_loop.voice_loop:start:191 - INFO - VAD pre-wake enabled: False
2026-02-01 13:31:34.616 - voice - ovos_dinkum_listener.service:on_started:100 - INFO - DinkumVoiceService started.
2026-02-01 13:31:34.617 - voice - ovos_dinkum_listener.service:on_started:100 - INFO - DinkumVoiceService started.
2026-02-01 13:31:34.618 - voice - ovos_dinkum_listener.service:on_ready:92 - INFO - DinkumVoiceService is ready.
2026-02-01 13:31:34.618 - voice - ovos_dinkum_listener.service:run:349 - INFO - Service ready
2026-02-01 13:31:34.619 - voice - ovos_dinkum_listener.voice_loop.voice_loop:run:255 - INFO - Starting loop in mode: ListeningMode.WAKEWORD
2026-02-01 13:45:28.026 - voice - ovos_config.models:load_local:89 - ERROR - Error loading configuration '/home/ovos/.config/mycroft/mycroft.conf'
Traceback (most recent call last):
  File "/home/ovos/.venv/lib/python3.13/site-packages/ovos_config/models.py", line 81, in load_local
    config = load_commented_json(path)
  File "/home/ovos/.venv/lib/python3.13/site-packages/ovos_utils/json_helper.py", line 126, in load_commented_json
    return json.loads(uncomment_json(contents))
           ~~~~~~~~~~^^^^^^^^^^^^^^^^^^^^^^^^^^
  File "/usr/local/lib/python3.13/json/__init__.py", line 352, in loads
    return _default_decoder.decode(s)
           ~~~~~~~~~~~~~~~~~~~~~~~^^^
  File "/usr/local/lib/python3.13/json/decoder.py", line 345, in decode
    obj, end = self.raw_decode(s, idx=_w(s, 0).end())
               ~~~~~~~~~~~~~~~^^^^^^^^^^^^^^^^^^^^^^^
  File "/usr/local/lib/python3.13/json/decoder.py", line 361, in raw_decode
    obj, end = self.scan_once(s, idx)
               ~~~~~~~~~~~~~~^^^^^^^^
json.decoder.JSONDecodeError: Expecting ',' delimiter: line 1 column 1546 (char 1545)
2026-02-01 13:45:28.029 - voice - ovos_config.config:_on_file_change:311 - INFO - /home/ovos/.config/mycroft/mycroft.conf unchanged
2026-02-01 13:46:44.608 - voice - ovos_dinkum_listener.service:__init__:169 - INFO - Starting Voice Service
2026-02-01 13:46:44.623 - voice - ovos_dinkum_listener.service:on_alive:96 - INFO - DinkumVoiceService is alive.
2026-02-01 13:46:44.624 - voice - ovos_dinkum_listener.service:_before_start:372 - INFO - Starting service...
2026-02-01 13:48:04.733 - voice - ovos_dinkum_listener.service:_connect_to_bus:476 - INFO - Connected to Mycroft Core message bus
2026-02-01 13:48:05.322 - voice - ovos_dinkum_listener.service:on_alive:96 - INFO - DinkumVoiceService is alive.
2026-02-01 13:48:05.327 - voice - ovos_microphone_plugin_alsa:_run:113 - ERROR - Failed to open microphone
Traceback (most recent call last):
  File "/home/ovos/.venv/lib/python3.13/site-packages/ovos_microphone_plugin_alsa/__init__.py", line 78, in _run
    mic = alsaaudio.PCM(
        type=alsaaudio.PCM_CAPTURE,
    ...<6 lines>...
        periodsize=self.period_size,
    )
alsaaudio.ALSAAudioError: Host is down [default]
2026-02-01 13:48:05.328 - voice - ovos_dinkum_listener.voice_loop.hotwords:load_hotword_engines:124 - INFO - creating hotword engines
2026-02-01 13:48:05.329 - voice - ovos_plugin_manager.wakewords:load_module:141 - INFO - Loading "hey_mycroft" wake word via ovos-ww-plugin-precise-lite with config: {'module': 'ovos-ww-plugin-precise-lite', 'model': 'https://github.com/OpenVoiceOS/precise-lite-models/raw/master/wakewords/en/hey_mycroft.tflite', 'expected_duration': 3, 'trigger_level': 3, 'sensitivity': 0.5, 'listen': True, 'fallback_ww': 'hey_mycroft_precise'}
2026-02-01 13:48:06.195 - voice - ovos_plugin_manager.wakewords:load_module:148 - INFO - Loaded the Wake Word hey_mycroft with module ovos-ww-plugin-precise-lite
2026-02-01 13:48:06.257 - voice - ovos_dinkum_listener.voice_loop.hotwords:load_hotword_engines:173 - INFO - Loading hotword: hey_mycroft with engine: <ovos_ww_plugin_precise_lite.PreciseLiteHotwordPlugin object at 0x7fff5bffd160>
2026-02-01 13:48:06.261 - voice - ovos_plugin_manager.wakewords:load_module:141 - INFO - Loading "wake_up" wake word via ovos-ww-plugin-vosk with config: {'module': 'ovos-ww-plugin-vosk', 'rule': 'fuzzy', 'samples': ['wake up'], 'lang': 'en-us', 'wakeup': True, 'fallback_ww': 'wake_up_pocketsphinx'}
2026-02-01 13:48:06.275 - voice - ovos_plugin_manager.wakewords:load_module:148 - INFO - Loaded the Wake Word wake_up with module ovos-ww-plugin-vosk
2026-02-01 13:48:06.730 - voice - ovos_dinkum_listener.voice_loop.hotwords:load_hotword_engines:173 - INFO - Loading hotword: wake_up with engine: <ovos_ww_plugin_vosk.VoskWakeWordPlugin object at 0x7fff3f0596a0>
2026-02-01 13:48:06.731 - voice - ovos_dinkum_listener.voice_loop.hotwords:load_hotword_engines:217 - WARNING - No stop words loaded
2026-02-01 13:48:06.731 - voice - ovos_dinkum_listener.voice_loop.voice_loop:start:190 - INFO - Listening mode: ListeningMode.WAKEWORD
2026-02-01 13:48:06.732 - voice - ovos_dinkum_listener.voice_loop.voice_loop:start:191 - INFO - VAD pre-wake enabled: False
2026-02-01 13:48:09.734 - voice - ovos_dinkum_listener.service:on_started:100 - INFO - DinkumVoiceService started.
2026-02-01 13:48:09.734 - voice - ovos_dinkum_listener.service:on_started:100 - INFO - DinkumVoiceService started.
2026-02-01 13:48:09.735 - voice - ovos_dinkum_listener.service:on_ready:92 - INFO - DinkumVoiceService is ready.
2026-02-01 13:48:09.736 - voice - ovos_dinkum_listener.service:run:349 - INFO - Service ready
2026-02-01 13:48:09.736 - voice - ovos_dinkum_listener.voice_loop.voice_loop:run:255 - INFO - Starting loop in mode: ListeningMode.WAKEWORD
2026-02-01 13:50:52.003 - voice - ovos_config.config:_on_file_change:318 - INFO - /home/ovos/.config/mycroft/mycroft.conf changed on disk
2026-02-01 13:50:52.004 - voice - ovos_dinkum_listener.service:reload_configuration:1067 - INFO - Reloading changed configuration
2026-02-01 13:50:52.006 - voice - ovos_dinkum_listener.service:on_alive:96 - INFO - DinkumVoiceService is alive.
2026-02-01 13:50:52.007 - voice - ovos_dinkum_listener.service:reload_configuration:1108 - INFO - Reloading Hotwords
2026-02-01 13:50:52.055 - voice - ovos_dinkum_listener.voice_loop.hotwords:load_hotword_engines:124 - INFO - creating hotword engines
2026-02-01 13:50:52.057 - voice - ovos_plugin_manager.wakewords:load_module:141 - INFO - Loading "wake_up" wake word via ovos-ww-plugin-vosk with config: {'module': 'ovos-ww-plugin-vosk', 'rule': 'fuzzy', 'samples': ['wake up', '[unk]'], 'lang': 'en-us', 'wakeup': True, 'fallback_ww': 'wake_up_pocketsphinx'}
2026-02-01 13:50:52.065 - voice - ovos_plugin_manager.wakewords:load_module:148 - INFO - Loaded the Wake Word wake_up with module ovos-ww-plugin-vosk
2026-02-01 13:50:52.472 - voice - ovos_dinkum_listener.voice_loop.hotwords:load_hotword_engines:173 - INFO - Loading hotword: wake_up with engine: <ovos_ww_plugin_vosk.VoskWakeWordPlugin object at 0x7fff3f7ab750>
2026-02-01 13:50:52.475 - voice - ovos_plugin_manager.wakewords:load_module:141 - INFO - Loading "hey_k9" wake word via ovos-ww-plugin-precise-lite with config: {'module': 'ovos-ww-plugin-precise-lite', 'model': '/home/ovos/.local/share/mycroft/hey_k9.tflite', 'listen': True, 'active': True, 'expected_duration': 3, 'trigger_level': 3, 'sensitivity': 0.5}
2026-02-01 13:50:52.483 - voice - ovos_plugin_manager.wakewords:load_module:148 - INFO - Loaded the Wake Word hey_k9 with module ovos-ww-plugin-precise-lite
2026-02-01 13:50:52.485 - voice - ovos_dinkum_listener.voice_loop.hotwords:load_hotword_engines:173 - INFO - Loading hotword: hey_k9 with engine: <ovos_ww_plugin_precise_lite.PreciseLiteHotwordPlugin object at 0x7fff3f7abed0>
2026-02-01 13:50:52.487 - voice - ovos_dinkum_listener.voice_loop.hotwords:load_hotword_engines:217 - WARNING - No stop words loaded
2026-02-01 13:50:52.489 - voice - ovos_dinkum_listener.service:reload_configuration:1117 - INFO - Reloading Listener
2026-02-01 13:50:52.540 - voice - ovos_dinkum_listener.voice_loop.voice_loop:run:339 - INFO - Loop stopped running
2026-02-01 13:50:52.553 - voice - ovos_dinkum_listener.voice_loop.voice_loop:start:190 - INFO - Listening mode: ListeningMode.WAKEWORD
2026-02-01 13:50:52.554 - voice - ovos_dinkum_listener.voice_loop.voice_loop:start:191 - INFO - VAD pre-wake enabled: False
2026-02-01 13:50:52.561 - voice - ovos_dinkum_listener.service:on_ready:92 - INFO - DinkumVoiceService is ready.
2026-02-01 13:50:52.559 - voice - ovos_microphone_plugin_alsa:_run:113 - ERROR - Failed to open microphone
Traceback (most recent call last):
  File "/home/ovos/.venv/lib/python3.13/site-packages/ovos_microphone_plugin_alsa/__init__.py", line 78, in _run
    mic = alsaaudio.PCM(
        type=alsaaudio.PCM_CAPTURE,
    ...<6 lines>...
        periodsize=self.period_size,
    )
alsaaudio.ALSAAudioError: Host is down [default]
2026-02-01 13:50:52.560 - voice - ovos_dinkum_listener.voice_loop.voice_loop:run:255 - INFO - Starting loop in mode: ListeningMode.WAKEWORD
2026-02-01 13:50:52.562 - voice - ovos_dinkum_listener.service:reload_configuration:1154 - INFO - Reload Completed
2026-02-01 13:51:39.265 - voice - ovos_dinkum_listener.service:__init__:169 - INFO - Starting Voice Service
2026-02-01 13:51:39.281 - voice - ovos_dinkum_listener.service:on_alive:96 - INFO - DinkumVoiceService is alive.
2026-02-01 13:51:39.283 - voice - ovos_dinkum_listener.service:_before_start:372 - INFO - Starting service...
2026-02-01 13:52:49.394 - voice - ovos_dinkum_listener.service:_connect_to_bus:476 - INFO - Connected to Mycroft Core message bus
2026-02-01 13:52:49.986 - voice - ovos_dinkum_listener.service:on_alive:96 - INFO - DinkumVoiceService is alive.
2026-02-01 13:52:49.990 - voice - ovos_dinkum_listener.voice_loop.hotwords:load_hotword_engines:124 - INFO - creating hotword engines
2026-02-01 13:52:49.992 - voice - ovos_plugin_manager.wakewords:load_module:141 - INFO - Loading "wake_up" wake word via ovos-ww-plugin-vosk with config: {'module': 'ovos-ww-plugin-vosk', 'rule': 'fuzzy', 'samples': ['wake up'], 'lang': 'en-us', 'wakeup': True, 'fallback_ww': 'wake_up_pocketsphinx'}
2026-02-01 13:52:50.787 - voice - ovos_plugin_manager.wakewords:load_module:148 - INFO - Loaded the Wake Word wake_up with module ovos-ww-plugin-vosk
2026-02-01 13:52:51.206 - voice - ovos_dinkum_listener.voice_loop.hotwords:load_hotword_engines:173 - INFO - Loading hotword: wake_up with engine: <ovos_ww_plugin_vosk.VoskWakeWordPlugin object at 0x7fff76301010>
2026-02-01 13:52:51.207 - voice - ovos_plugin_manager.wakewords:load_module:141 - INFO - Loading "hey_k9" wake word via ovos-ww-plugin-precise-lite with config: {'module': 'ovos-ww-plugin-precise-lite', 'model': '/home/ovos/.local/share/mycroft/hey_k9.tflite', 'listen': True, 'active': True, 'expected_duration': 3, 'trigger_level': 3, 'sensitivity': 0.5}
2026-02-01 13:52:51.213 - voice - ovos_plugin_manager.wakewords:load_module:148 - INFO - Loaded the Wake Word hey_k9 with module ovos-ww-plugin-precise-lite
2026-02-01 13:52:51.216 - voice - ovos_dinkum_listener.voice_loop.hotwords:load_hotword_engines:173 - INFO - Loading hotword: hey_k9 with engine: <ovos_ww_plugin_precise_lite.PreciseLiteHotwordPlugin object at 0x7fff59318d70>
2026-02-01 13:52:51.217 - voice - ovos_dinkum_listener.voice_loop.hotwords:load_hotword_engines:217 - WARNING - No stop words loaded
2026-02-01 13:52:51.218 - voice - ovos_dinkum_listener.voice_loop.voice_loop:start:190 - INFO - Listening mode: ListeningMode.WAKEWORD
2026-02-01 13:52:51.218 - voice - ovos_dinkum_listener.voice_loop.voice_loop:start:191 - INFO - VAD pre-wake enabled: False
2026-02-01 13:52:54.220 - voice - ovos_dinkum_listener.service:on_started:100 - INFO - DinkumVoiceService started.
2026-02-01 13:52:54.220 - voice - ovos_dinkum_listener.service:on_started:100 - INFO - DinkumVoiceService started.
2026-02-01 13:52:54.221 - voice - ovos_dinkum_listener.service:on_ready:92 - INFO - DinkumVoiceService is ready.
2026-02-01 13:52:54.221 - voice - ovos_dinkum_listener.service:run:349 - INFO - Service ready
2026-02-01 13:52:54.222 - voice - ovos_dinkum_listener.voice_loop.voice_loop:run:255 - INFO - Starting loop in mode: ListeningMode.WAKEWORD
2026-02-01 14:00:34.458 - voice - ovos_dinkum_listener.service:__init__:169 - INFO - Starting Voice Service
2026-02-01 14:00:34.481 - voice - ovos_dinkum_listener.service:on_alive:96 - INFO - DinkumVoiceService is alive.
2026-02-01 14:00:34.482 - voice - ovos_dinkum_listener.service:_before_start:372 - INFO - Starting service...
2026-02-01 14:00:34.576 - voice - ovos_dinkum_listener.service:_connect_to_bus:476 - INFO - Connected to Mycroft Core message bus
2026-02-01 14:00:37.884 - voice - ovos_dinkum_listener.service:on_alive:96 - INFO - DinkumVoiceService is alive.
2026-02-01 14:00:37.888 - voice - ovos_dinkum_listener.voice_loop.hotwords:load_hotword_engines:124 - INFO - creating hotword engines
2026-02-01 14:00:37.890 - voice - ovos_plugin_manager.wakewords:load_module:141 - INFO - Loading "wake_up" wake word via ovos-ww-plugin-vosk with config: {'module': 'ovos-ww-plugin-vosk', 'rule': 'fuzzy', 'samples': ['wake up'], 'lang': 'en-us', 'wakeup': True, 'fallback_ww': 'wake_up_pocketsphinx'}
2026-02-02 09:26:53.928 - voice - ovos_plugin_manager.wakewords:load_module:148 - INFO - Loaded the Wake Word wake_up with module ovos-ww-plugin-vosk
2026-02-02 09:26:55.380 - voice - ovos_dinkum_listener.voice_loop.hotwords:load_hotword_engines:173 - INFO - Loading hotword: wake_up with engine: <ovos_ww_plugin_vosk.VoskWakeWordPlugin object at 0x7ffeb5aa9010>
2026-02-02 09:26:55.382 - voice - ovos_plugin_manager.wakewords:load_module:141 - INFO - Loading "hey_k9" wake word via ovos-ww-plugin-precise-lite with config: {'module': 'ovos-ww-plugin-precise-lite', 'model': '/home/ovos/.local/share/mycroft/hey_k9.tflite', 'listen': True, 'active': True, 'expected_duration': 3, 'trigger_level': 3, 'sensitivity': 0.5}
2026-02-02 09:26:55.396 - voice - ovos_plugin_manager.wakewords:load_module:148 - INFO - Loaded the Wake Word hey_k9 with module ovos-ww-plugin-precise-lite
2026-02-02 09:26:55.530 - voice - ovos_dinkum_listener.voice_loop.hotwords:load_hotword_engines:173 - INFO - Loading hotword: hey_k9 with engine: <ovos_ww_plugin_precise_lite.PreciseLiteHotwordPlugin object at 0x7ffe98adcec0>
2026-02-02 09:26:55.541 - voice - ovos_dinkum_listener.voice_loop.hotwords:load_hotword_engines:217 - WARNING - No stop words loaded
2026-02-02 09:26:55.542 - voice - ovos_dinkum_listener.voice_loop.voice_loop:start:190 - INFO - Listening mode: ListeningMode.WAKEWORD
2026-02-02 09:26:55.544 - voice - ovos_dinkum_listener.voice_loop.voice_loop:start:191 - INFO - VAD pre-wake enabled: False
2026-02-02 09:26:58.546 - voice - ovos_dinkum_listener.service:on_started:100 - INFO - DinkumVoiceService started.
2026-02-02 09:26:58.546 - voice - ovos_dinkum_listener.service:on_started:100 - INFO - DinkumVoiceService started.
2026-02-02 09:26:58.547 - voice - ovos_dinkum_listener.service:on_ready:92 - INFO - DinkumVoiceService is ready.
2026-02-02 09:26:58.547 - voice - ovos_dinkum_listener.service:run:349 - INFO - Service ready
2026-02-02 09:26:58.548 - voice - ovos_dinkum_listener.voice_loop.voice_loop:run:255 - INFO - Starting loop in mode: ListeningMode.WAKEWORD
2026-02-02 10:06:06.689 - voice - ovos_dinkum_listener.service:__init__:169 - INFO - Starting Voice Service
2026-02-02 10:06:06.718 - voice - ovos_dinkum_listener.service:on_alive:96 - INFO - DinkumVoiceService is alive.
2026-02-02 10:06:06.719 - voice - ovos_dinkum_listener.service:_before_start:372 - INFO - Starting service...
2026-02-02 10:06:06.810 - voice - ovos_dinkum_listener.service:_connect_to_bus:476 - INFO - Connected to Mycroft Core message bus
2026-02-02 10:06:09.871 - voice - ovos_dinkum_listener.service:on_alive:96 - INFO - DinkumVoiceService is alive.
2026-02-02 10:06:09.876 - voice - ovos_dinkum_listener.voice_loop.hotwords:load_hotword_engines:124 - INFO - creating hotword engines
2026-02-02 10:06:09.878 - voice - ovos_plugin_manager.wakewords:load_module:141 - INFO - Loading "wake_up" wake word via ovos-ww-plugin-vosk with config: {'module': 'ovos-ww-plugin-vosk', 'rule': 'fuzzy', 'samples': ['wake up'], 'lang': 'en-us', 'wakeup': True, 'fallback_ww': 'wake_up_pocketsphinx'}
2026-02-02 10:11:51.965 - voice - ovos_plugin_manager.wakewords:load_module:148 - INFO - Loaded the Wake Word wake_up with module ovos-ww-plugin-vosk
2026-02-02 10:11:53.390 - voice - ovos_dinkum_listener.voice_loop.hotwords:load_hotword_engines:173 - INFO - Loading hotword: wake_up with engine: <ovos_ww_plugin_vosk.VoskWakeWordPlugin object at 0x7fff57c35010>
2026-02-02 10:11:53.392 - voice - ovos_plugin_manager.wakewords:load_module:141 - INFO - Loading "hey_k9" wake word via ovos-ww-plugin-precise-lite with config: {'module': 'ovos-ww-plugin-precise-lite', 'model': '/home/ovos/.local/share/mycroft/hey_k9.tflite', 'listen': True, 'active': True, 'expected_duration': 3, 'trigger_level': 3, 'sensitivity': 0.5}
2026-02-02 10:11:53.403 - voice - ovos_plugin_manager.wakewords:load_module:148 - INFO - Loaded the Wake Word hey_k9 with module ovos-ww-plugin-precise-lite
2026-02-02 10:11:53.533 - voice - ovos_dinkum_listener.voice_loop.hotwords:load_hotword_engines:173 - INFO - Loading hotword: hey_k9 with engine: <ovos_ww_plugin_precise_lite.PreciseLiteHotwordPlugin object at 0x7fff3ac74d70>
2026-02-02 10:11:53.541 - voice - ovos_dinkum_listener.voice_loop.hotwords:load_hotword_engines:217 - WARNING - No stop words loaded
2026-02-02 10:11:53.542 - voice - ovos_dinkum_listener.voice_loop.voice_loop:start:190 - INFO - Listening mode: ListeningMode.WAKEWORD
2026-02-02 10:11:53.543 - voice - ovos_dinkum_listener.voice_loop.voice_loop:start:191 - INFO - VAD pre-wake enabled: False
2026-02-02 10:11:56.545 - voice - ovos_dinkum_listener.service:on_started:100 - INFO - DinkumVoiceService started.
2026-02-02 10:11:56.546 - voice - ovos_dinkum_listener.service:on_started:100 - INFO - DinkumVoiceService started.
2026-02-02 10:11:56.547 - voice - ovos_dinkum_listener.service:on_ready:92 - INFO - DinkumVoiceService is ready.
2026-02-02 10:11:56.547 - voice - ovos_dinkum_listener.service:run:349 - INFO - Service ready
2026-02-02 10:11:56.547 - voice - ovos_dinkum_listener.voice_loop.voice_loop:run:255 - INFO - Starting loop in mode: ListeningMode.WAKEWORD
2026-02-02 10:17:58.755 - voice - ovos_dinkum_listener.service:__init__:169 - INFO - Starting Voice Service
2026-02-02 10:17:58.768 - voice - ovos_dinkum_listener.service:on_alive:96 - INFO - DinkumVoiceService is alive.
2026-02-02 10:17:58.769 - voice - ovos_dinkum_listener.service:_before_start:372 - INFO - Starting service...
2026-02-02 10:17:58.862 - voice - ovos_dinkum_listener.service:_connect_to_bus:476 - INFO - Connected to Mycroft Core message bus
2026-02-02 10:17:59.595 - voice - ovos_dinkum_listener.service:on_alive:96 - INFO - DinkumVoiceService is alive.
2026-02-02 10:17:59.597 - voice - ovos_dinkum_listener.voice_loop.hotwords:load_hotword_engines:124 - INFO - creating hotword engines
2026-02-02 10:17:59.602 - voice - ovos_plugin_manager.wakewords:load_module:141 - INFO - Loading "wake_up" wake word via ovos-ww-plugin-vosk with config: {'module': 'ovos-ww-plugin-vosk', 'rule': 'fuzzy', 'samples': ['wake up'], 'lang': 'en-us', 'wakeup': True, 'fallback_ww': 'wake_up_pocketsphinx'}
2026-02-02 10:18:00.500 - voice - ovos_plugin_manager.wakewords:load_module:148 - INFO - Loaded the Wake Word wake_up with module ovos-ww-plugin-vosk
2026-02-02 10:18:01.008 - voice - ovos_dinkum_listener.voice_loop.hotwords:load_hotword_engines:173 - INFO - Loading hotword: wake_up with engine: <ovos_ww_plugin_vosk.VoskWakeWordPlugin object at 0x7fff64e45160>
2026-02-02 10:18:01.009 - voice - ovos_plugin_manager.wakewords:load_module:141 - INFO - Loading "hey_k9" wake word via ovos-ww-plugin-precise-lite with config: {'module': 'ovos-ww-plugin-precise-lite', 'model': '/home/ovos/.local/share/mycroft/hey_k9.tflite', 'listen': True, 'active': True, 'expected_duration': 3, 'trigger_level': 3, 'sensitivity': 0.5}
2026-02-02 10:18:01.018 - voice - ovos_plugin_manager.wakewords:load_module:148 - INFO - Loaded the Wake Word hey_k9 with module ovos-ww-plugin-precise-lite
2026-02-02 10:18:01.022 - voice - ovos_dinkum_listener.voice_loop.hotwords:load_hotword_engines:173 - INFO - Loading hotword: hey_k9 with engine: <ovos_ww_plugin_precise_lite.PreciseLiteHotwordPlugin object at 0x7fff4863cd70>
2026-02-02 10:18:01.024 - voice - ovos_dinkum_listener.voice_loop.hotwords:load_hotword_engines:217 - WARNING - No stop words loaded
2026-02-02 10:18:01.025 - voice - ovos_dinkum_listener.voice_loop.voice_loop:start:190 - INFO - Listening mode: ListeningMode.WAKEWORD
2026-02-02 10:18:01.026 - voice - ovos_dinkum_listener.voice_loop.voice_loop:start:191 - INFO - VAD pre-wake enabled: False
2026-02-02 10:18:04.031 - voice - ovos_dinkum_listener.service:on_started:100 - INFO - DinkumVoiceService started.
2026-02-02 10:18:04.032 - voice - ovos_dinkum_listener.service:on_started:100 - INFO - DinkumVoiceService started.
2026-02-02 10:18:04.032 - voice - ovos_dinkum_listener.service:on_ready:92 - INFO - DinkumVoiceService is ready.
2026-02-02 10:18:04.039 - voice - ovos_dinkum_listener.service:run:349 - INFO - Service ready
2026-02-02 10:18:04.039 - voice - ovos_dinkum_listener.voice_loop.voice_loop:run:255 - INFO - Starting loop in mode: ListeningMode.WAKEWORD
2026-02-02 10:18:25.403 - voice - ovos_bus_client.client.client:on_error:112 - WARNING - Could not send message because connection has closed
2026-02-02 10:18:25.404 - voice - ovos_bus_client.client.client:on_error:130 - WARNING - Message Bus Client will reconnect in 5.0 seconds.
2026-02-02 10:25:19.830 - voice - ovos_dinkum_listener.service:__init__:169 - INFO - Starting Voice Service
2026-02-02 10:25:19.850 - voice - ovos_dinkum_listener.service:on_alive:96 - INFO - DinkumVoiceService is alive.
2026-02-02 10:25:19.851 - voice - ovos_dinkum_listener.service:_before_start:372 - INFO - Starting service...
2026-02-02 10:25:19.968 - voice - ovos_dinkum_listener.service:_connect_to_bus:476 - INFO - Connected to Mycroft Core message bus
2026-02-02 10:25:23.034 - voice - ovos_dinkum_listener.service:on_alive:96 - INFO - DinkumVoiceService is alive.
2026-02-02 10:25:23.036 - voice - ovos_dinkum_listener.voice_loop.hotwords:load_hotword_engines:124 - INFO - creating hotword engines
2026-02-02 10:25:23.037 - voice - ovos_microphone_plugin_alsa:_run:113 - ERROR - Failed to open microphone
Traceback (most recent call last):
  File "/home/ovos/.venv/lib/python3.13/site-packages/ovos_microphone_plugin_alsa/__init__.py", line 78, in _run
    mic = alsaaudio.PCM(
        type=alsaaudio.PCM_CAPTURE,
    ...<6 lines>...
        periodsize=self.period_size,
    )
alsaaudio.ALSAAudioError: Invalid argument [hw:0,0]
2026-02-02 10:25:23.039 - voice - ovos_plugin_manager.wakewords:load_module:141 - INFO - Loading "wake_up" wake word via ovos-ww-plugin-vosk with config: {'module': 'ovos-ww-plugin-vosk', 'rule': 'fuzzy', 'samples': ['wake up'], 'lang': 'en-us', 'wakeup': True, 'fallback_ww': 'wake_up_pocketsphinx'}
2026-02-02 11:11:53.958 - voice - ovos_plugin_manager.wakewords:load_module:148 - INFO - Loaded the Wake Word wake_up with module ovos-ww-plugin-vosk
2026-02-02 11:11:55.340 - voice - ovos_dinkum_listener.voice_loop.hotwords:load_hotword_engines:173 - INFO - Loading hotword: wake_up with engine: <ovos_ww_plugin_vosk.VoskWakeWordPlugin object at 0x7ffe96cd5010>
2026-02-02 11:11:55.342 - voice - ovos_plugin_manager.wakewords:load_module:141 - INFO - Loading "hey_k9" wake word via ovos-ww-plugin-precise-lite with config: {'module': 'ovos-ww-plugin-precise-lite', 'model': '/home/ovos/.local/share/mycroft/hey_k9.tflite', 'listen': True, 'active': True, 'expected_duration': 3, 'trigger_level': 3, 'sensitivity': 0.5}
2026-02-02 11:11:55.351 - voice - ovos_plugin_manager.wakewords:load_module:148 - INFO - Loaded the Wake Word hey_k9 with module ovos-ww-plugin-precise-lite
2026-02-02 11:11:55.451 - voice - ovos_dinkum_listener.voice_loop.hotwords:load_hotword_engines:173 - INFO - Loading hotword: hey_k9 with engine: <ovos_ww_plugin_precise_lite.PreciseLiteHotwordPlugin object at 0x7ffe76524d70>
2026-02-02 11:11:55.461 - voice - ovos_dinkum_listener.voice_loop.hotwords:load_hotword_engines:217 - WARNING - No stop words loaded
2026-02-02 11:11:55.462 - voice - ovos_dinkum_listener.voice_loop.voice_loop:start:190 - INFO - Listening mode: ListeningMode.WAKEWORD
2026-02-02 11:11:55.463 - voice - ovos_dinkum_listener.voice_loop.voice_loop:start:191 - INFO - VAD pre-wake enabled: False
2026-02-02 11:11:58.469 - voice - ovos_dinkum_listener.service:on_started:100 - INFO - DinkumVoiceService started.
2026-02-02 11:11:58.469 - voice - ovos_dinkum_listener.service:on_started:100 - INFO - DinkumVoiceService started.
2026-02-02 11:11:58.470 - voice - ovos_dinkum_listener.service:on_ready:92 - INFO - DinkumVoiceService is ready.
2026-02-02 11:11:58.471 - voice - ovos_dinkum_listener.service:run:349 - INFO - Service ready
2026-02-02 11:11:58.472 - voice - ovos_dinkum_listener.voice_loop.voice_loop:run:255 - INFO - Starting loop in mode: ListeningMode.WAKEWORD
2026-02-02 14:57:16.795 - voice - ovos_dinkum_listener.service:__init__:169 - INFO - Starting Voice Service
2026-02-02 14:57:16.810 - voice - ovos_dinkum_listener.service:on_alive:96 - INFO - DinkumVoiceService is alive.
2026-02-02 14:57:16.811 - voice - ovos_dinkum_listener.service:_before_start:372 - INFO - Starting service...
2026-02-02 14:58:16.934 - voice - ovos_dinkum_listener.service:_connect_to_bus:476 - INFO - Connected to Mycroft Core message bus
2026-02-02 14:58:18.428 - voice - ovos_dinkum_listener.service:on_alive:96 - INFO - DinkumVoiceService is alive.
2026-02-02 14:58:18.429 - voice - ovos_dinkum_listener.voice_loop.hotwords:load_hotword_engines:124 - INFO - creating hotword engines
2026-02-02 14:58:18.434 - voice - ovos_plugin_manager.wakewords:load_module:141 - INFO - Loading "wake_up" wake word via ovos-ww-plugin-vosk with config: {'module': 'ovos-ww-plugin-vosk', 'rule': 'fuzzy', 'samples': ['wake up'], 'lang': 'en-us', 'wakeup': True, 'fallback_ww': 'wake_up_pocketsphinx'}
2026-02-02 14:58:19.688 - voice - ovos_plugin_manager.wakewords:load_module:148 - INFO - Loaded the Wake Word wake_up with module ovos-ww-plugin-vosk
2026-02-02 14:58:20.775 - voice - ovos_dinkum_listener.voice_loop.hotwords:load_hotword_engines:173 - INFO - Loading hotword: wake_up with engine: <ovos_ww_plugin_vosk.VoskWakeWordPlugin object at 0x7ffec8621010>
2026-02-02 14:58:20.776 - voice - ovos_plugin_manager.wakewords:load_module:141 - INFO - Loading "hey_k9" wake word via ovos-ww-plugin-precise-lite with config: {'module': 'ovos-ww-plugin-precise-lite', 'model': '/home/ovos/.local/share/mycroft/hey_k9.tflite', 'listen': True, 'active': True, 'expected_duration': 3, 'trigger_level': 3, 'sensitivity': 0.5}
2026-02-02 14:58:20.782 - voice - ovos_plugin_manager.wakewords:load_module:148 - INFO - Loaded the Wake Word hey_k9 with module ovos-ww-plugin-precise-lite
2026-02-02 14:58:20.839 - voice - ovos_dinkum_listener.voice_loop.hotwords:load_hotword_engines:173 - INFO - Loading hotword: hey_k9 with engine: <ovos_ww_plugin_precise_lite.PreciseLiteHotwordPlugin object at 0x7ffeab614d70>
2026-02-02 14:58:20.843 - voice - ovos_dinkum_listener.voice_loop.hotwords:load_hotword_engines:217 - WARNING - No stop words loaded
2026-02-02 14:58:20.843 - voice - ovos_dinkum_listener.voice_loop.voice_loop:start:190 - INFO - Listening mode: ListeningMode.WAKEWORD
2026-02-02 14:58:20.844 - voice - ovos_dinkum_listener.voice_loop.voice_loop:start:191 - INFO - VAD pre-wake enabled: False
2026-02-02 14:58:23.846 - voice - ovos_dinkum_listener.service:on_started:100 - INFO - DinkumVoiceService started.
2026-02-02 14:58:23.846 - voice - ovos_dinkum_listener.service:on_started:100 - INFO - DinkumVoiceService started.
2026-02-02 14:58:23.847 - voice - ovos_dinkum_listener.service:on_ready:92 - INFO - DinkumVoiceService is ready.
2026-02-02 14:58:23.847 - voice - ovos_dinkum_listener.service:run:349 - INFO - Service ready
2026-02-02 14:58:23.848 - voice - ovos_dinkum_listener.voice_loop.voice_loop:run:255 - INFO - Starting loop in mode: ListeningMode.WAKEWORD
2026-02-02 19:33:44.387 - voice - ovos_dinkum_listener.service:__init__:169 - INFO - Starting Voice Service
2026-02-02 19:33:44.411 - voice - ovos_dinkum_listener.service:on_alive:96 - INFO - DinkumVoiceService is alive.
2026-02-02 19:33:44.412 - voice - ovos_dinkum_listener.service:_before_start:372 - INFO - Starting service...
2026-02-02 19:33:44.490 - voice - ovos_dinkum_listener.service:_connect_to_bus:476 - INFO - Connected to Mycroft Core message bus
2026-02-02 19:33:48.108 - voice - ovos_dinkum_listener.service:on_alive:96 - INFO - DinkumVoiceService is alive.
2026-02-02 19:33:48.112 - voice - ovos_dinkum_listener.voice_loop.hotwords:load_hotword_engines:124 - INFO - creating hotword engines
2026-02-02 19:33:48.114 - voice - ovos_plugin_manager.wakewords:load_module:141 - INFO - Loading "wake_up" wake word via ovos-ww-plugin-vosk with config: {'module': 'ovos-ww-plugin-vosk', 'rule': 'fuzzy', 'samples': ['wake up'], 'lang': 'en-us', 'wakeup': True, 'fallback_ww': 'wake_up_pocketsphinx'}
2026-02-02 19:33:50.579 - voice - ovos_plugin_manager.wakewords:load_module:148 - INFO - Loaded the Wake Word wake_up with module ovos-ww-plugin-vosk
2026-02-02 19:33:52.053 - voice - ovos_dinkum_listener.voice_loop.hotwords:load_hotword_engines:173 - INFO - Loading hotword: wake_up with engine: <ovos_ww_plugin_vosk.VoskWakeWordPlugin object at 0x7ffeb2e19010>
2026-02-02 19:33:52.056 - voice - ovos_plugin_manager.wakewords:load_module:141 - INFO - Loading "hey_k9" wake word via ovos-ww-plugin-precise-lite with config: {'module': 'ovos-ww-plugin-precise-lite', 'model': '/home/ovos/.local/share/mycroft/hey_k9.tflite', 'listen': True, 'active': True, 'expected_duration': 3, 'trigger_level': 3, 'sensitivity': 0.5}
2026-02-02 19:33:52.064 - voice - ovos_plugin_manager.wakewords:load_module:148 - INFO - Loaded the Wake Word hey_k9 with module ovos-ww-plugin-precise-lite
2026-02-02 19:33:52.190 - voice - ovos_dinkum_listener.voice_loop.hotwords:load_hotword_engines:173 - INFO - Loading hotword: hey_k9 with engine: <ovos_ww_plugin_precise_lite.PreciseLiteHotwordPlugin object at 0x7ffe9657cec0>
2026-02-02 19:33:52.203 - voice - ovos_dinkum_listener.voice_loop.hotwords:load_hotword_engines:217 - WARNING - No stop words loaded
2026-02-02 19:33:52.204 - voice - ovos_dinkum_listener.voice_loop.voice_loop:start:190 - INFO - Listening mode: ListeningMode.WAKEWORD
2026-02-02 19:33:52.205 - voice - ovos_dinkum_listener.voice_loop.voice_loop:start:191 - INFO - VAD pre-wake enabled: False
2026-02-02 19:33:55.212 - voice - ovos_dinkum_listener.service:on_started:100 - INFO - DinkumVoiceService started.
2026-02-02 19:33:55.213 - voice - ovos_dinkum_listener.service:on_started:100 - INFO - DinkumVoiceService started.
2026-02-02 19:33:55.214 - voice - ovos_dinkum_listener.service:on_ready:92 - INFO - DinkumVoiceService is ready.
2026-02-02 19:33:55.214 - voice - ovos_dinkum_listener.service:run:349 - INFO - Service ready
2026-02-02 19:33:55.214 - voice - ovos_dinkum_listener.voice_loop.voice_loop:run:255 - INFO - Starting loop in mode: ListeningMode.WAKEWORD
2026-02-03 09:31:06.913 - voice - ovos_dinkum_listener.service:_record_begin:534 - INFO - fake barge-in lowering volume to: 30
2026-02-03 09:31:06.917 - voice - ovos_dinkum_listener.voice_loop.voice_loop:run:293 - INFO - Wakeword detected
2026-02-03 09:31:08.310 - voice - ovos_dinkum_listener.voice_loop.voice_loop:run:332 - INFO - speech finished
2026-02-03 09:31:09.913 - voice - ovos_stt_plugin_server:execute:128 - ERROR - 500 response from https://stt.smartgic.io/fasterwhisper/stt: b'Internal Server Error'
2026-02-03 09:31:09.914 - voice - ovos_stt_plugin_server:execute:134 - ERROR - STT request to https://stt.smartgic.io/fasterwhisper/stt failed
2026-02-03 09:31:11.168 - voice - ovos_dinkum_listener.voice_loop.voice_loop:_after_cmd:851 - INFO - Raw transcription: [(' Thank you.', 1.0)]
2026-02-03 09:31:11.170 - voice - ovos_dinkum_listener.service:_record_end_signal:660 - INFO - fake barge-in restoring volume to: 70
2026-02-03 09:36:55.196 - voice - ovos_dinkum_listener.service:_record_begin:534 - INFO - fake barge-in lowering volume to: 30
2026-02-03 09:36:55.206 - voice - ovos_dinkum_listener.voice_loop.voice_loop:run:293 - INFO - Wakeword detected
2026-02-03 09:36:56.600 - voice - ovos_dinkum_listener.voice_loop.voice_loop:run:332 - INFO - speech finished
2026-02-03 09:36:58.259 - voice - ovos_dinkum_listener.voice_loop.voice_loop:_after_cmd:851 - INFO - Raw transcription: [(' you', 1.0)]
2026-02-03 09:36:58.261 - voice - ovos_dinkum_listener.service:_record_end_signal:660 - INFO - fake barge-in restoring volume to: 70
2026-02-03 09:39:38.403 - voice - ovos_dinkum_listener.service:_record_begin:534 - INFO - fake barge-in lowering volume to: 30
2026-02-03 09:39:38.410 - voice - ovos_dinkum_listener.voice_loop.voice_loop:run:293 - INFO - Wakeword detected
2026-02-03 09:39:39.807 - voice - ovos_dinkum_listener.voice_loop.voice_loop:run:332 - INFO - speech finished
2026-02-03 09:39:40.944 - voice - ovos_stt_plugin_server:execute:128 - ERROR - 500 response from https://stt.smartgic.io/fasterwhisper/stt: b'Internal Server Error'
2026-02-03 09:39:40.945 - voice - ovos_stt_plugin_server:execute:134 - ERROR - STT request to https://stt.smartgic.io/fasterwhisper/stt failed
2026-02-03 09:39:42.335 - voice - ovos_dinkum_listener.voice_loop.voice_loop:_after_cmd:851 - INFO - Raw transcription: [(' you', 1.0)]
2026-02-03 09:39:42.338 - voice - ovos_dinkum_listener.service:_record_end_signal:660 - INFO - fake barge-in restoring volume to: 70
2026-02-03 09:40:05.797 - voice - ovos_dinkum_listener.service:_record_begin:534 - INFO - fake barge-in lowering volume to: 30
2026-02-03 09:40:05.809 - voice - ovos_dinkum_listener.voice_loop.voice_loop:run:293 - INFO - Wakeword detected
2026-02-03 09:40:07.200 - voice - ovos_dinkum_listener.voice_loop.voice_loop:run:332 - INFO - speech finished
2026-02-03 09:40:08.371 - voice - ovos_stt_plugin_server:execute:128 - ERROR - 500 response from https://stt.smartgic.io/fasterwhisper/stt: b'Internal Server Error'
2026-02-03 09:40:08.373 - voice - ovos_stt_plugin_server:execute:134 - ERROR - STT request to https://stt.smartgic.io/fasterwhisper/stt failed
2026-02-03 09:40:10.866 - voice - ovos_dinkum_listener.voice_loop.voice_loop:_after_cmd:851 - INFO - Raw transcription: [(' you', 1.0)]
2026-02-03 09:40:10.868 - voice - ovos_dinkum_listener.service:_record_end_signal:660 - INFO - fake barge-in restoring volume to: 70
2026-02-03 13:20:18.230 - voice - ovos_dinkum_listener.service:__init__:169 - INFO - Starting Voice Service
2026-02-03 13:20:18.252 - voice - ovos_dinkum_listener.service:on_alive:96 - INFO - DinkumVoiceService is alive.
2026-02-03 13:20:18.253 - voice - ovos_dinkum_listener.service:_before_start:372 - INFO - Starting service...
2026-02-03 13:20:18.341 - voice - ovos_dinkum_listener.service:_connect_to_bus:476 - INFO - Connected to Mycroft Core message bus
2026-02-03 13:20:21.407 - voice - ovos_dinkum_listener.service:on_alive:96 - INFO - DinkumVoiceService is alive.
2026-02-03 13:20:21.409 - voice - ovos_dinkum_listener.voice_loop.hotwords:load_hotword_engines:124 - INFO - creating hotword engines
2026-02-03 13:20:21.410 - voice - ovos_microphone_plugin_alsa:_run:113 - ERROR - Failed to open microphone
Traceback (most recent call last):
  File "/home/ovos/.venv/lib/python3.13/site-packages/ovos_microphone_plugin_alsa/__init__.py", line 78, in _run
    mic = alsaaudio.PCM(
        type=alsaaudio.PCM_CAPTURE,
    ...<6 lines>...
        periodsize=self.period_size,
    )
alsaaudio.ALSAAudioError: No such file or directory [hw:0,0]
2026-02-03 13:20:21.412 - voice - ovos_plugin_manager.wakewords:load_module:141 - INFO - Loading "wake_up" wake word via ovos-ww-plugin-vosk with config: {'module': 'ovos-ww-plugin-vosk', 'rule': 'fuzzy', 'samples': ['wake up'], 'lang': 'en-us', 'wakeup': True, 'fallback_ww': 'wake_up_pocketsphinx'}
2026-02-03 13:20:23.946 - voice - ovos_plugin_manager.wakewords:load_module:148 - INFO - Loaded the Wake Word wake_up with module ovos-ww-plugin-vosk
2026-02-03 13:25:12.275 - voice - ovos_dinkum_listener.voice_loop.hotwords:load_hotword_engines:173 - INFO - Loading hotword: wake_up with engine: <ovos_ww_plugin_vosk.VoskWakeWordPlugin object at 0x7ffe898a9010>
2026-02-03 13:25:12.276 - voice - ovos_plugin_manager.wakewords:load_module:141 - INFO - Loading "hey_k9" wake word via ovos-ww-plugin-precise-lite with config: {'module': 'ovos-ww-plugin-precise-lite', 'model': '/home/ovos/.local/share/mycroft/hey_k9.tflite', 'listen': True, 'active': True, 'expected_duration': 3, 'trigger_level': 3, 'sensitivity': 0.5}
2026-02-03 13:25:12.283 - voice - ovos_plugin_manager.wakewords:load_module:148 - INFO - Loaded the Wake Word hey_k9 with module ovos-ww-plugin-precise-lite
2026-02-03 13:25:12.435 - voice - ovos_dinkum_listener.voice_loop.hotwords:load_hotword_engines:173 - INFO - Loading hotword: hey_k9 with engine: <ovos_ww_plugin_precise_lite.PreciseLiteHotwordPlugin object at 0x7ffe6cbd0d70>
2026-02-03 13:25:12.446 - voice - ovos_dinkum_listener.voice_loop.hotwords:load_hotword_engines:217 - WARNING - No stop words loaded
2026-02-03 13:25:12.447 - voice - ovos_dinkum_listener.voice_loop.voice_loop:start:190 - INFO - Listening mode: ListeningMode.WAKEWORD
2026-02-03 13:25:12.449 - voice - ovos_dinkum_listener.voice_loop.voice_loop:start:191 - INFO - VAD pre-wake enabled: False
2026-02-03 13:25:15.454 - voice - ovos_dinkum_listener.service:on_started:100 - INFO - DinkumVoiceService started.
2026-02-03 13:25:15.455 - voice - ovos_dinkum_listener.service:on_started:100 - INFO - DinkumVoiceService started.
2026-02-03 13:25:15.456 - voice - ovos_dinkum_listener.service:on_ready:92 - INFO - DinkumVoiceService is ready.
2026-02-03 13:25:15.456 - voice - ovos_dinkum_listener.service:run:349 - INFO - Service ready
2026-02-03 13:25:15.457 - voice - ovos_dinkum_listener.voice_loop.voice_loop:run:255 - INFO - Starting loop in mode: ListeningMode.WAKEWORD
2026-02-03 14:14:41.929 - voice - ovos_dinkum_listener.service:__init__:169 - INFO - Starting Voice Service
2026-02-03 14:14:41.949 - voice - ovos_dinkum_listener.service:on_alive:96 - INFO - DinkumVoiceService is alive.
2026-02-03 14:14:41.950 - voice - ovos_dinkum_listener.service:_before_start:372 - INFO - Starting service...
2026-02-03 14:14:42.035 - voice - ovos_dinkum_listener.service:_connect_to_bus:476 - INFO - Connected to Mycroft Core message bus
2026-02-03 14:14:45.370 - voice - ovos_dinkum_listener.service:on_alive:96 - INFO - DinkumVoiceService is alive.
2026-02-03 14:14:45.372 - voice - ovos_dinkum_listener.voice_loop.hotwords:load_hotword_engines:124 - INFO - creating hotword engines
2026-02-03 14:14:45.374 - voice - ovos_microphone_plugin_alsa:_run:113 - ERROR - Failed to open microphone
Traceback (most recent call last):
  File "/home/ovos/.venv/lib/python3.13/site-packages/ovos_microphone_plugin_alsa/__init__.py", line 78, in _run
    mic = alsaaudio.PCM(
        type=alsaaudio.PCM_CAPTURE,
    ...<6 lines>...
        periodsize=self.period_size,
    )
alsaaudio.ALSAAudioError: No such file or directory [hw:0,0]
2026-02-03 14:14:45.375 - voice - ovos_plugin_manager.wakewords:load_module:141 - INFO - Loading "wake_up" wake word via ovos-ww-plugin-vosk with config: {'module': 'ovos-ww-plugin-vosk', 'rule': 'fuzzy', 'samples': ['wake up'], 'lang': 'en-us', 'wakeup': True, 'fallback_ww': 'wake_up_pocketsphinx'}
2026-02-03 14:14:48.014 - voice - ovos_plugin_manager.wakewords:load_module:148 - INFO - Loaded the Wake Word wake_up with module ovos-ww-plugin-vosk
2026-02-03 14:14:49.478 - voice - ovos_dinkum_listener.voice_loop.hotwords:load_hotword_engines:173 - INFO - Loading hotword: wake_up with engine: <ovos_ww_plugin_vosk.VoskWakeWordPlugin object at 0x7ffefe3b5010>
2026-02-03 14:14:49.482 - voice - ovos_plugin_manager.wakewords:load_module:141 - INFO - Loading "hey_k9" wake word via ovos-ww-plugin-precise-lite with config: {'module': 'ovos-ww-plugin-precise-lite', 'model': '/home/ovos/.local/share/mycroft/hey_k9.tflite', 'listen': True, 'active': True, 'expected_duration': 3, 'trigger_level': 3, 'sensitivity': 0.5}
2026-02-03 14:14:49.515 - voice - ovos_plugin_manager.wakewords:load_module:148 - INFO - Loaded the Wake Word hey_k9 with module ovos-ww-plugin-precise-lite
2026-02-03 14:14:49.644 - voice - ovos_dinkum_listener.voice_loop.hotwords:load_hotword_engines:173 - INFO - Loading hotword: hey_k9 with engine: <ovos_ww_plugin_precise_lite.PreciseLiteHotwordPlugin object at 0x7ffee13e8d70>
2026-02-03 14:14:49.655 - voice - ovos_dinkum_listener.voice_loop.hotwords:load_hotword_engines:217 - WARNING - No stop words loaded
2026-02-03 14:14:49.660 - voice - ovos_dinkum_listener.voice_loop.voice_loop:start:190 - INFO - Listening mode: ListeningMode.WAKEWORD
2026-02-03 14:14:49.662 - voice - ovos_dinkum_listener.voice_loop.voice_loop:start:191 - INFO - VAD pre-wake enabled: False
2026-02-03 15:11:20.532 - voice - ovos_dinkum_listener.service:on_started:100 - INFO - DinkumVoiceService started.
2026-02-03 15:11:20.533 - voice - ovos_dinkum_listener.service:on_started:100 - INFO - DinkumVoiceService started.
2026-02-03 15:11:20.534 - voice - ovos_dinkum_listener.service:on_ready:92 - INFO - DinkumVoiceService is ready.
2026-02-03 15:11:20.534 - voice - ovos_dinkum_listener.service:run:349 - INFO - Service ready
2026-02-03 15:11:20.535 - voice - ovos_dinkum_listener.voice_loop.voice_loop:run:255 - INFO - Starting loop in mode: ListeningMode.WAKEWORD
2026-02-03 16:53:38.173 - voice - ovos_dinkum_listener.service:__init__:169 - INFO - Starting Voice Service
2026-02-03 16:53:38.192 - voice - ovos_dinkum_listener.service:on_alive:96 - INFO - DinkumVoiceService is alive.
2026-02-03 16:53:38.193 - voice - ovos_dinkum_listener.service:_before_start:372 - INFO - Starting service...
2026-02-03 16:53:38.287 - voice - ovos_dinkum_listener.service:_connect_to_bus:476 - INFO - Connected to Mycroft Core message bus
2026-02-03 16:53:41.709 - voice - ovos_dinkum_listener.service:on_alive:96 - INFO - DinkumVoiceService is alive.
2026-02-03 16:53:41.711 - voice - ovos_dinkum_listener.voice_loop.hotwords:load_hotword_engines:124 - INFO - creating hotword engines
2026-02-03 16:53:41.712 - voice - ovos_microphone_plugin_alsa:_run:113 - ERROR - Failed to open microphone
Traceback (most recent call last):
  File "/home/ovos/.venv/lib/python3.13/site-packages/ovos_microphone_plugin_alsa/__init__.py", line 78, in _run
    mic = alsaaudio.PCM(
        type=alsaaudio.PCM_CAPTURE,
    ...<6 lines>...
        periodsize=self.period_size,
    )
alsaaudio.ALSAAudioError: No such file or directory [hw:0,0]
2026-02-03 16:53:41.714 - voice - ovos_plugin_manager.wakewords:load_module:141 - INFO - Loading "wake_up" wake word via ovos-ww-plugin-vosk with config: {'module': 'ovos-ww-plugin-vosk', 'rule': 'fuzzy', 'samples': ['wake up'], 'lang': 'en-us', 'wakeup': True, 'fallback_ww': 'wake_up_pocketsphinx'}
2026-02-03 16:53:44.393 - voice - ovos_plugin_manager.wakewords:load_module:148 - INFO - Loaded the Wake Word wake_up with module ovos-ww-plugin-vosk
2026-02-03 17:57:29.863 - voice - ovos_dinkum_listener.voice_loop.hotwords:load_hotword_engines:173 - INFO - Loading hotword: wake_up with engine: <ovos_ww_plugin_vosk.VoskWakeWordPlugin object at 0x7ffeac909010>
2026-02-03 17:57:29.865 - voice - ovos_plugin_manager.wakewords:load_module:141 - INFO - Loading "hey_k9" wake word via ovos-ww-plugin-precise-lite with config: {'module': 'ovos-ww-plugin-precise-lite', 'model': '/home/ovos/.local/share/mycroft/hey_k9.tflite', 'listen': True, 'active': True, 'expected_duration': 3, 'trigger_level': 3, 'sensitivity': 0.5}
2026-02-03 17:57:29.878 - voice - ovos_plugin_manager.wakewords:load_module:148 - INFO - Loaded the Wake Word hey_k9 with module ovos-ww-plugin-precise-lite
2026-02-03 17:57:30.028 - voice - ovos_dinkum_listener.voice_loop.hotwords:load_hotword_engines:173 - INFO - Loading hotword: hey_k9 with engine: <ovos_ww_plugin_precise_lite.PreciseLiteHotwordPlugin object at 0x7ffe8f93cd70>
2026-02-03 17:57:30.040 - voice - ovos_dinkum_listener.voice_loop.hotwords:load_hotword_engines:217 - WARNING - No stop words loaded
2026-02-03 17:57:30.041 - voice - ovos_dinkum_listener.voice_loop.voice_loop:start:190 - INFO - Listening mode: ListeningMode.WAKEWORD
2026-02-03 17:57:30.044 - voice - ovos_dinkum_listener.voice_loop.voice_loop:start:191 - INFO - VAD pre-wake enabled: False
2026-02-03 17:57:33.046 - voice - ovos_dinkum_listener.service:on_started:100 - INFO - DinkumVoiceService started.
2026-02-03 17:57:33.047 - voice - ovos_dinkum_listener.service:on_started:100 - INFO - DinkumVoiceService started.
2026-02-03 17:57:33.048 - voice - ovos_dinkum_listener.service:on_ready:92 - INFO - DinkumVoiceService is ready.
2026-02-03 17:57:33.048 - voice - ovos_dinkum_listener.service:run:349 - INFO - Service ready
2026-02-03 17:57:33.049 - voice - ovos_dinkum_listener.voice_loop.voice_loop:run:255 - INFO - Starting loop in mode: ListeningMode.WAKEWORD
2026-02-03 19:26:16.493 - voice - ovos_dinkum_listener.service:__init__:169 - INFO - Starting Voice Service
2026-02-03 19:26:16.521 - voice - ovos_dinkum_listener.service:on_alive:96 - INFO - DinkumVoiceService is alive.
2026-02-03 19:26:16.522 - voice - ovos_dinkum_listener.service:_before_start:372 - INFO - Starting service...
2026-02-03 19:26:16.598 - voice - ovos_dinkum_listener.service:_connect_to_bus:476 - INFO - Connected to Mycroft Core message bus
2026-02-03 19:26:20.187 - voice - ovos_dinkum_listener.service:on_alive:96 - INFO - DinkumVoiceService is alive.
2026-02-03 19:26:20.191 - voice - ovos_dinkum_listener.voice_loop.hotwords:load_hotword_engines:124 - INFO - creating hotword engines
2026-02-03 19:26:20.192 - voice - ovos_plugin_manager.wakewords:load_module:141 - INFO - Loading "wake_up" wake word via ovos-ww-plugin-vosk with config: {'module': 'ovos-ww-plugin-vosk', 'rule': 'fuzzy', 'samples': ['wake up'], 'lang': 'en-us', 'wakeup': True, 'fallback_ww': 'wake_up_pocketsphinx'}
2026-02-03 19:26:22.815 - voice - ovos_plugin_manager.wakewords:load_module:148 - INFO - Loaded the Wake Word wake_up with module ovos-ww-plugin-vosk
2026-02-03 19:26:24.241 - voice - ovos_dinkum_listener.voice_loop.hotwords:load_hotword_engines:173 - INFO - Loading hotword: wake_up with engine: <ovos_ww_plugin_vosk.VoskWakeWordPlugin object at 0x7ffec0bb5010>
2026-02-03 19:26:24.244 - voice - ovos_plugin_manager.wakewords:load_module:141 - INFO - Loading "hey_k9" wake word via ovos-ww-plugin-precise-lite with config: {'module': 'ovos-ww-plugin-precise-lite', 'model': '/home/ovos/.local/share/mycroft/hey_k9.tflite', 'listen': True, 'active': True, 'expected_duration': 3, 'trigger_level': 3, 'sensitivity': 0.5}
2026-02-03 19:26:24.269 - voice - ovos_plugin_manager.wakewords:load_module:148 - INFO - Loaded the Wake Word hey_k9 with module ovos-ww-plugin-precise-lite
2026-02-03 19:26:24.399 - voice - ovos_dinkum_listener.voice_loop.hotwords:load_hotword_engines:173 - INFO - Loading hotword: hey_k9 with engine: <ovos_ww_plugin_precise_lite.PreciseLiteHotwordPlugin object at 0x7ffea4160d70>
2026-02-03 19:26:24.408 - voice - ovos_dinkum_listener.voice_loop.hotwords:load_hotword_engines:217 - WARNING - No stop words loaded
2026-02-03 19:26:24.409 - voice - ovos_dinkum_listener.voice_loop.voice_loop:start:190 - INFO - Listening mode: ListeningMode.WAKEWORD
2026-02-03 19:26:24.410 - voice - ovos_dinkum_listener.voice_loop.voice_loop:start:191 - INFO - VAD pre-wake enabled: False
2026-02-04 09:42:41.807 - voice - ovos_dinkum_listener.service:on_started:100 - INFO - DinkumVoiceService started.
2026-02-04 09:42:41.807 - voice - ovos_dinkum_listener.service:on_started:100 - INFO - DinkumVoiceService started.
2026-02-04 09:42:41.808 - voice - ovos_dinkum_listener.service:on_ready:92 - INFO - DinkumVoiceService is ready.
2026-02-04 09:42:41.809 - voice - ovos_dinkum_listener.service:run:349 - INFO - Service ready
2026-02-04 09:42:41.809 - voice - ovos_dinkum_listener.voice_loop.voice_loop:run:255 - INFO - Starting loop in mode: ListeningMode.WAKEWORD
2026-02-04 12:24:49.939 - voice - ovos_dinkum_listener.service:__init__:169 - INFO - Starting Voice Service
2026-02-04 12:24:49.974 - voice - ovos_dinkum_listener.service:on_alive:96 - INFO - DinkumVoiceService is alive.
2026-02-04 12:24:49.980 - voice - ovos_dinkum_listener.service:_before_start:372 - INFO - Starting service...
2026-02-04 12:24:50.080 - voice - ovos_dinkum_listener.service:_connect_to_bus:476 - INFO - Connected to Mycroft Core message bus
2026-02-04 12:24:53.441 - voice - ovos_dinkum_listener.service:on_alive:96 - INFO - DinkumVoiceService is alive.
2026-02-04 12:24:53.446 - voice - ovos_dinkum_listener.voice_loop.hotwords:load_hotword_engines:124 - INFO - creating hotword engines
2026-02-04 12:24:53.447 - voice - ovos_plugin_manager.wakewords:load_module:141 - INFO - Loading "wake_up" wake word via ovos-ww-plugin-vosk with config: {'module': 'ovos-ww-plugin-vosk', 'rule': 'fuzzy', 'samples': ['wake up'], 'lang': 'en-us', 'wakeup': True, 'fallback_ww': 'wake_up_pocketsphinx'}
2026-02-04 12:24:55.600 - voice - ovos_plugin_manager.wakewords:load_module:148 - INFO - Loaded the Wake Word wake_up with module ovos-ww-plugin-vosk
2026-02-04 13:36:04.301 - voice - ovos_dinkum_listener.voice_loop.hotwords:load_hotword_engines:173 - INFO - Loading hotword: wake_up with engine: <ovos_ww_plugin_vosk.VoskWakeWordPlugin object at 0x7ffe91fe1010>
2026-02-04 13:36:04.302 - voice - ovos_plugin_manager.wakewords:load_module:141 - INFO - Loading "hey_k9" wake word via ovos-ww-plugin-precise-lite with config: {'module': 'ovos-ww-plugin-precise-lite', 'model': '/home/ovos/.local/share/mycroft/hey_k9.tflite', 'listen': True, 'active': True, 'expected_duration': 3, 'trigger_level': 3, 'sensitivity': 0.5}
2026-02-04 13:36:04.310 - voice - ovos_plugin_manager.wakewords:load_module:148 - INFO - Loaded the Wake Word hey_k9 with module ovos-ww-plugin-precise-lite
2026-02-04 13:36:04.407 - voice - ovos_dinkum_listener.voice_loop.hotwords:load_hotword_engines:173 - INFO - Loading hotword: hey_k9 with engine: <ovos_ww_plugin_precise_lite.PreciseLiteHotwordPlugin object at 0x7ffe7506cd70>
2026-02-04 13:36:04.412 - voice - ovos_dinkum_listener.voice_loop.hotwords:load_hotword_engines:217 - WARNING - No stop words loaded
2026-02-04 13:36:04.413 - voice - ovos_dinkum_listener.voice_loop.voice_loop:start:190 - INFO - Listening mode: ListeningMode.WAKEWORD
2026-02-04 13:36:04.414 - voice - ovos_dinkum_listener.voice_loop.voice_loop:start:191 - INFO - VAD pre-wake enabled: False
2026-02-04 13:36:07.416 - voice - ovos_dinkum_listener.service:on_started:100 - INFO - DinkumVoiceService started.
2026-02-04 13:36:07.416 - voice - ovos_dinkum_listener.service:on_started:100 - INFO - DinkumVoiceService started.
2026-02-04 13:36:07.417 - voice - ovos_dinkum_listener.service:on_ready:92 - INFO - DinkumVoiceService is ready.
2026-02-04 13:36:07.417 - voice - ovos_dinkum_listener.service:run:349 - INFO - Service ready
2026-02-04 13:36:07.417 - voice - ovos_dinkum_listener.voice_loop.voice_loop:run:255 - INFO - Starting loop in mode: ListeningMode.WAKEWORD
2026-02-04 13:49:36.099 - voice - ovos_dinkum_listener.service:__init__:169 - INFO - Starting Voice Service
2026-02-04 13:49:36.130 - voice - ovos_dinkum_listener.service:on_alive:96 - INFO - DinkumVoiceService is alive.
2026-02-04 13:49:36.131 - voice - ovos_dinkum_listener.service:_before_start:372 - INFO - Starting service...
2026-02-04 13:49:36.234 - voice - ovos_dinkum_listener.service:_connect_to_bus:476 - INFO - Connected to Mycroft Core message bus
2026-02-04 13:49:39.252 - voice - ovos_dinkum_listener.service:on_alive:96 - INFO - DinkumVoiceService is alive.
2026-02-04 13:49:39.256 - voice - ovos_dinkum_listener.voice_loop.hotwords:load_hotword_engines:124 - INFO - creating hotword engines
2026-02-04 13:49:39.270 - voice - ovos_plugin_manager.wakewords:load_module:141 - INFO - Loading "wake_up" wake word via ovos-ww-plugin-vosk with config: {'module': 'ovos-ww-plugin-vosk', 'rule': 'fuzzy', 'samples': ['wake up'], 'lang': 'en-us', 'wakeup': True, 'fallback_ww': 'wake_up_pocketsphinx'}
2026-02-04 13:49:42.218 - voice - ovos_plugin_manager.wakewords:load_module:148 - INFO - Loaded the Wake Word wake_up with module ovos-ww-plugin-vosk
2026-02-04 16:07:30.362 - voice - ovos_dinkum_listener.voice_loop.hotwords:load_hotword_engines:173 - INFO - Loading hotword: wake_up with engine: <ovos_ww_plugin_vosk.VoskWakeWordPlugin object at 0x7fff368ad160>
2026-02-04 16:07:30.363 - voice - ovos_plugin_manager.wakewords:load_module:141 - INFO - Loading "hey_k9" wake word via ovos-ww-plugin-precise-lite with config: {'module': 'ovos-ww-plugin-precise-lite', 'model': '/home/ovos/.local/share/mycroft/hey_k9.tflite', 'listen': True, 'active': True, 'expected_duration': 3, 'trigger_level': 3, 'sensitivity': 0.5}
2026-02-04 16:07:30.371 - voice - ovos_plugin_manager.wakewords:load_module:148 - INFO - Loaded the Wake Word hey_k9 with module ovos-ww-plugin-precise-lite
2026-02-04 16:07:30.489 - voice - ovos_dinkum_listener.voice_loop.hotwords:load_hotword_engines:173 - INFO - Loading hotword: hey_k9 with engine: <ovos_ww_plugin_precise_lite.PreciseLiteHotwordPlugin object at 0x7fff1999cd70>
2026-02-04 16:07:30.497 - voice - ovos_dinkum_listener.voice_loop.hotwords:load_hotword_engines:217 - WARNING - No stop words loaded
2026-02-04 16:07:30.498 - voice - ovos_dinkum_listener.voice_loop.voice_loop:start:190 - INFO - Listening mode: ListeningMode.WAKEWORD
2026-02-04 16:07:30.498 - voice - ovos_dinkum_listener.voice_loop.voice_loop:start:191 - INFO - VAD pre-wake enabled: False
2026-02-04 16:07:33.500 - voice - ovos_dinkum_listener.service:on_started:100 - INFO - DinkumVoiceService started.
2026-02-04 16:07:33.501 - voice - ovos_dinkum_listener.service:on_started:100 - INFO - DinkumVoiceService started.
2026-02-04 16:07:33.502 - voice - ovos_dinkum_listener.service:on_ready:92 - INFO - DinkumVoiceService is ready.
2026-02-04 16:07:33.502 - voice - ovos_dinkum_listener.service:run:349 - INFO - Service ready
2026-02-04 16:07:33.503 - voice - ovos_dinkum_listener.voice_loop.voice_loop:run:255 - INFO - Starting loop in mode: ListeningMode.WAKEWORD
2026-02-04 17:55:28.976 - voice - ovos_dinkum_listener.service:_record_begin:534 - INFO - fake barge-in lowering volume to: 30
2026-02-04 17:55:28.983 - voice - ovos_dinkum_listener.voice_loop.voice_loop:run:293 - INFO - Wakeword detected
2026-02-04 17:55:30.379 - voice - ovos_dinkum_listener.voice_loop.voice_loop:run:332 - INFO - speech finished
2026-02-04 17:55:33.361 - voice - ovos_dinkum_listener.voice_loop.voice_loop:_after_cmd:851 - INFO - Raw transcription: [(' you', 1.0)]
2026-02-04 17:55:33.364 - voice - ovos_dinkum_listener.service:_record_end_signal:660 - INFO - fake barge-in restoring volume to: 70
2026-02-04 19:13:32.397 - voice - ovos_dinkum_listener.service:__init__:169 - INFO - Starting Voice Service
2026-02-04 19:13:32.420 - voice - ovos_dinkum_listener.service:on_alive:96 - INFO - DinkumVoiceService is alive.
2026-02-04 19:13:32.427 - voice - ovos_dinkum_listener.service:_before_start:372 - INFO - Starting service...
2026-02-04 19:13:32.548 - voice - ovos_dinkum_listener.service:_connect_to_bus:476 - INFO - Connected to Mycroft Core message bus
2026-02-04 19:13:35.781 - voice - ovos_dinkum_listener.service:on_alive:96 - INFO - DinkumVoiceService is alive.
2026-02-04 19:13:35.786 - voice - ovos_dinkum_listener.voice_loop.hotwords:load_hotword_engines:124 - INFO - creating hotword engines
2026-02-04 19:13:35.787 - voice - ovos_plugin_manager.wakewords:load_module:141 - INFO - Loading "wake_up" wake word via ovos-ww-plugin-vosk with config: {'module': 'ovos-ww-plugin-vosk', 'rule': 'fuzzy', 'samples': ['wake up'], 'lang': 'en-us', 'wakeup': True, 'fallback_ww': 'wake_up_pocketsphinx'}
2026-02-04 19:13:38.412 - voice - ovos_plugin_manager.wakewords:load_module:148 - INFO - Loaded the Wake Word wake_up with module ovos-ww-plugin-vosk
2026-02-04 19:13:39.837 - voice - ovos_dinkum_listener.voice_loop.hotwords:load_hotword_engines:173 - INFO - Loading hotword: wake_up with engine: <ovos_ww_plugin_vosk.VoskWakeWordPlugin object at 0x7ffea09cd010>
2026-02-04 19:13:39.838 - voice - ovos_plugin_manager.wakewords:load_module:141 - INFO - Loading "hey_k9" wake word via ovos-ww-plugin-precise-lite with config: {'module': 'ovos-ww-plugin-precise-lite', 'model': '/home/ovos/.local/share/mycroft/hey_k9.tflite', 'listen': True, 'active': True, 'expected_duration': 3, 'trigger_level': 3, 'sensitivity': 0.5}
2026-02-04 19:13:39.845 - voice - ovos_plugin_manager.wakewords:load_module:148 - INFO - Loaded the Wake Word hey_k9 with module ovos-ww-plugin-precise-lite
2026-02-04 19:13:39.939 - voice - ovos_dinkum_listener.voice_loop.hotwords:load_hotword_engines:173 - INFO - Loading hotword: hey_k9 with engine: <ovos_ww_plugin_precise_lite.PreciseLiteHotwordPlugin object at 0x7ffe83b0cd70>
2026-02-04 19:13:39.943 - voice - ovos_dinkum_listener.voice_loop.hotwords:load_hotword_engines:217 - WARNING - No stop words loaded
2026-02-04 19:13:39.944 - voice - ovos_dinkum_listener.voice_loop.voice_loop:start:190 - INFO - Listening mode: ListeningMode.WAKEWORD
2026-02-04 19:13:39.945 - voice - ovos_dinkum_listener.voice_loop.voice_loop:start:191 - INFO - VAD pre-wake enabled: False
2026-02-05 11:26:52.048 - voice - ovos_dinkum_listener.service:on_started:100 - INFO - DinkumVoiceService started.
2026-02-05 11:26:52.048 - voice - ovos_dinkum_listener.service:on_started:100 - INFO - DinkumVoiceService started.
2026-02-05 11:26:52.049 - voice - ovos_dinkum_listener.service:on_ready:92 - INFO - DinkumVoiceService is ready.
2026-02-05 11:26:52.050 - voice - ovos_dinkum_listener.service:run:349 - INFO - Service ready
2026-02-05 11:26:52.050 - voice - ovos_dinkum_listener.voice_loop.voice_loop:run:255 - INFO - Starting loop in mode: ListeningMode.WAKEWORD
2026-02-05 12:00:53.542 - voice - ovos_dinkum_listener.service:__init__:169 - INFO - Starting Voice Service
2026-02-05 12:00:53.587 - voice - ovos_dinkum_listener.service:on_alive:96 - INFO - DinkumVoiceService is alive.
2026-02-05 12:00:53.589 - voice - ovos_dinkum_listener.service:_before_start:372 - INFO - Starting service...
2026-02-05 12:00:53.722 - voice - ovos_dinkum_listener.service:_connect_to_bus:476 - INFO - Connected to Mycroft Core message bus
2026-02-05 12:00:57.105 - voice - ovos_dinkum_listener.service:on_alive:96 - INFO - DinkumVoiceService is alive.
2026-02-05 12:00:57.109 - voice - ovos_dinkum_listener.voice_loop.hotwords:load_hotword_engines:124 - INFO - creating hotword engines
2026-02-05 12:00:57.114 - voice - ovos_plugin_manager.wakewords:load_module:141 - INFO - Loading "wake_up" wake word via ovos-ww-plugin-vosk with config: {'module': 'ovos-ww-plugin-vosk', 'rule': 'fuzzy', 'samples': ['wake up'], 'lang': 'en-us', 'wakeup': True, 'fallback_ww': 'wake_up_pocketsphinx'}
2026-02-05 12:00:59.739 - voice - ovos_plugin_manager.wakewords:load_module:148 - INFO - Loaded the Wake Word wake_up with module ovos-ww-plugin-vosk
2026-02-05 14:43:37.743 - voice - ovos_dinkum_listener.voice_loop.hotwords:load_hotword_engines:173 - INFO - Loading hotword: wake_up with engine: <ovos_ww_plugin_vosk.VoskWakeWordPlugin object at 0x7ffe93c05160>
2026-02-05 14:43:37.745 - voice - ovos_plugin_manager.wakewords:load_module:141 - INFO - Loading "hey_k9" wake word via ovos-ww-plugin-precise-lite with config: {'module': 'ovos-ww-plugin-precise-lite', 'model': '/home/ovos/.local/share/mycroft/hey_k9.tflite', 'listen': True, 'active': True, 'expected_duration': 3, 'trigger_level': 3, 'sensitivity': 0.5}
2026-02-05 14:43:37.752 - voice - ovos_plugin_manager.wakewords:load_module:148 - INFO - Loaded the Wake Word hey_k9 with module ovos-ww-plugin-precise-lite
2026-02-05 14:43:37.859 - voice - ovos_dinkum_listener.voice_loop.hotwords:load_hotword_engines:173 - INFO - Loading hotword: hey_k9 with engine: <ovos_ww_plugin_precise_lite.PreciseLiteHotwordPlugin object at 0x7ffe76d0cec0>
2026-02-05 14:43:37.864 - voice - ovos_dinkum_listener.voice_loop.hotwords:load_hotword_engines:217 - WARNING - No stop words loaded
2026-02-05 14:43:37.864 - voice - ovos_dinkum_listener.voice_loop.voice_loop:start:190 - INFO - Listening mode: ListeningMode.WAKEWORD
2026-02-05 14:43:37.865 - voice - ovos_dinkum_listener.voice_loop.voice_loop:start:191 - INFO - VAD pre-wake enabled: False
2026-02-05 14:43:40.869 - voice - ovos_dinkum_listener.service:on_started:100 - INFO - DinkumVoiceService started.
2026-02-05 14:43:40.875 - voice - ovos_dinkum_listener.service:on_started:100 - INFO - DinkumVoiceService started.
2026-02-05 14:43:40.876 - voice - ovos_dinkum_listener.service:on_ready:92 - INFO - DinkumVoiceService is ready.
2026-02-05 14:43:40.876 - voice - ovos_dinkum_listener.service:run:349 - INFO - Service ready
2026-02-05 14:43:40.876 - voice - ovos_dinkum_listener.voice_loop.voice_loop:run:255 - INFO - Starting loop in mode: ListeningMode.WAKEWORD
2026-02-05 16:02:07.114 - voice - ovos_dinkum_listener.service:__init__:169 - INFO - Starting Voice Service
2026-02-05 16:02:07.134 - voice - ovos_dinkum_listener.service:on_alive:96 - INFO - DinkumVoiceService is alive.
2026-02-05 16:02:07.135 - voice - ovos_dinkum_listener.service:_before_start:372 - INFO - Starting service...
2026-02-05 16:02:07.232 - voice - ovos_dinkum_listener.service:_connect_to_bus:476 - INFO - Connected to Mycroft Core message bus
2026-02-05 16:02:09.719 - voice - ovos_dinkum_listener.service:on_alive:96 - INFO - DinkumVoiceService is alive.
2026-02-05 16:02:09.724 - voice - ovos_dinkum_listener.voice_loop.hotwords:load_hotword_engines:124 - INFO - creating hotword engines
2026-02-05 16:02:09.725 - voice - ovos_plugin_manager.wakewords:load_module:141 - INFO - Loading "wake_up" wake word via ovos-ww-plugin-vosk with config: {'module': 'ovos-ww-plugin-vosk', 'rule': 'fuzzy', 'samples': ['wake up'], 'lang': 'en-us', 'wakeup': True, 'fallback_ww': 'wake_up_pocketsphinx'}
2026-02-05 16:02:12.036 - voice - ovos_plugin_manager.wakewords:load_module:148 - INFO - Loaded the Wake Word wake_up with module ovos-ww-plugin-vosk
2026-02-05 16:02:13.349 - voice - ovos_dinkum_listener.voice_loop.hotwords:load_hotword_engines:173 - INFO - Loading hotword: wake_up with engine: <ovos_ww_plugin_vosk.VoskWakeWordPlugin object at 0x7ffe92169010>
2026-02-05 16:02:13.350 - voice - ovos_plugin_manager.wakewords:load_module:141 - INFO - Loading "hey_k9" wake word via ovos-ww-plugin-precise-lite with config: {'module': 'ovos-ww-plugin-precise-lite', 'model': '/home/ovos/.local/share/mycroft/hey_k9.tflite', 'listen': True, 'active': True, 'expected_duration': 3, 'trigger_level': 3, 'sensitivity': 0.5}
2026-02-05 16:02:13.360 - voice - ovos_plugin_manager.wakewords:load_module:148 - INFO - Loaded the Wake Word hey_k9 with module ovos-ww-plugin-precise-lite
2026-02-05 16:02:13.424 - voice - ovos_dinkum_listener.voice_loop.hotwords:load_hotword_engines:173 - INFO - Loading hotword: hey_k9 with engine: <ovos_ww_plugin_precise_lite.PreciseLiteHotwordPlugin object at 0x7ffe751e0d70>
2026-02-05 16:02:13.428 - voice - ovos_dinkum_listener.voice_loop.hotwords:load_hotword_engines:217 - WARNING - No stop words loaded
2026-02-05 16:02:13.429 - voice - ovos_dinkum_listener.voice_loop.voice_loop:start:190 - INFO - Listening mode: ListeningMode.WAKEWORD
2026-02-05 16:02:13.430 - voice - ovos_dinkum_listener.voice_loop.voice_loop:start:191 - INFO - VAD pre-wake enabled: False
2026-02-05 17:52:58.004 - voice - ovos_dinkum_listener.service:on_started:100 - INFO - DinkumVoiceService started.
2026-02-05 17:52:58.005 - voice - ovos_dinkum_listener.service:on_started:100 - INFO - DinkumVoiceService started.
2026-02-05 17:52:58.006 - voice - ovos_dinkum_listener.service:on_ready:92 - INFO - DinkumVoiceService is ready.
2026-02-05 17:52:58.006 - voice - ovos_dinkum_listener.service:run:349 - INFO - Service ready
2026-02-05 17:52:58.007 - voice - ovos_dinkum_listener.voice_loop.voice_loop:run:255 - INFO - Starting loop in mode: ListeningMode.WAKEWORD
2026-02-05 19:21:40.846 - voice - ovos_dinkum_listener.service:__init__:169 - INFO - Starting Voice Service
2026-02-05 19:21:40.866 - voice - ovos_dinkum_listener.service:on_alive:96 - INFO - DinkumVoiceService is alive.
2026-02-05 19:21:40.867 - voice - ovos_dinkum_listener.service:_before_start:372 - INFO - Starting service...
2026-02-05 19:22:40.996 - voice - ovos_dinkum_listener.service:_connect_to_bus:476 - INFO - Connected to Mycroft Core message bus
2026-02-05 19:22:42.404 - voice - ovos_dinkum_listener.service:on_alive:96 - INFO - DinkumVoiceService is alive.
2026-02-05 19:22:42.406 - voice - ovos_dinkum_listener.voice_loop.hotwords:load_hotword_engines:124 - INFO - creating hotword engines
2026-02-05 19:22:42.407 - voice - ovos_microphone_plugin_alsa:_run:113 - ERROR - Failed to open microphone
Traceback (most recent call last):
  File "/home/ovos/.venv/lib/python3.13/site-packages/ovos_microphone_plugin_alsa/__init__.py", line 78, in _run
    mic = alsaaudio.PCM(
        type=alsaaudio.PCM_CAPTURE,
    ...<6 lines>...
        periodsize=self.period_size,
    )
alsaaudio.ALSAAudioError: No such file or directory [hw:0,0]
2026-02-05 19:22:42.408 - voice - ovos_plugin_manager.wakewords:load_module:141 - INFO - Loading "wake_up" wake word via ovos-ww-plugin-vosk with config: {'module': 'ovos-ww-plugin-vosk', 'rule': 'fuzzy', 'samples': ['wake up'], 'lang': 'en-us', 'wakeup': True, 'fallback_ww': 'wake_up_pocketsphinx'}
2026-02-05 19:22:43.639 - voice - ovos_plugin_manager.wakewords:load_module:148 - INFO - Loaded the Wake Word wake_up with module ovos-ww-plugin-vosk
2026-02-05 19:22:44.718 - voice - ovos_dinkum_listener.voice_loop.hotwords:load_hotword_engines:173 - INFO - Loading hotword: wake_up with engine: <ovos_ww_plugin_vosk.VoskWakeWordPlugin object at 0x7ffedf895010>
2026-02-05 19:22:44.719 - voice - ovos_plugin_manager.wakewords:load_module:141 - INFO - Loading "hey_k9" wake word via ovos-ww-plugin-precise-lite with config: {'module': 'ovos-ww-plugin-precise-lite', 'model': '/home/ovos/.local/share/mycroft/hey_k9.tflite', 'listen': True, 'active': True, 'expected_duration': 3, 'trigger_level': 3, 'sensitivity': 0.5}
2026-02-05 19:22:44.726 - voice - ovos_plugin_manager.wakewords:load_module:148 - INFO - Loaded the Wake Word hey_k9 with module ovos-ww-plugin-precise-lite
2026-02-05 19:22:44.783 - voice - ovos_dinkum_listener.voice_loop.hotwords:load_hotword_engines:173 - INFO - Loading hotword: hey_k9 with engine: <ovos_ww_plugin_precise_lite.PreciseLiteHotwordPlugin object at 0x7ffec29d8d70>
2026-02-05 19:22:44.786 - voice - ovos_dinkum_listener.voice_loop.hotwords:load_hotword_engines:217 - WARNING - No stop words loaded
2026-02-05 19:22:44.787 - voice - ovos_dinkum_listener.voice_loop.voice_loop:start:190 - INFO - Listening mode: ListeningMode.WAKEWORD
2026-02-05 19:22:44.788 - voice - ovos_dinkum_listener.voice_loop.voice_loop:start:191 - INFO - VAD pre-wake enabled: False
2026-02-05 19:22:47.789 - voice - ovos_dinkum_listener.service:on_started:100 - INFO - DinkumVoiceService started.
2026-02-05 19:22:47.790 - voice - ovos_dinkum_listener.service:on_started:100 - INFO - DinkumVoiceService started.
2026-02-05 19:22:47.791 - voice - ovos_dinkum_listener.service:on_ready:92 - INFO - DinkumVoiceService is ready.
2026-02-05 19:22:47.791 - voice - ovos_dinkum_listener.service:run:349 - INFO - Service ready
2026-02-05 19:22:47.791 - voice - ovos_dinkum_listener.voice_loop.voice_loop:run:255 - INFO - Starting loop in mode: ListeningMode.WAKEWORD
2026-02-05 19:21:42.640 - voice - ovos_dinkum_listener.service:__init__:169 - INFO - Starting Voice Service
2026-02-05 19:21:42.656 - voice - ovos_dinkum_listener.service:on_alive:96 - INFO - DinkumVoiceService is alive.
2026-02-05 19:21:42.657 - voice - ovos_dinkum_listener.service:_before_start:372 - INFO - Starting service...
2026-02-05 19:22:42.811 - voice - ovos_dinkum_listener.service:_connect_to_bus:476 - INFO - Connected to Mycroft Core message bus
2026-02-05 19:22:44.307 - voice - ovos_dinkum_listener.service:on_alive:96 - INFO - DinkumVoiceService is alive.
2026-02-05 19:22:44.311 - voice - ovos_dinkum_listener.voice_loop.hotwords:load_hotword_engines:124 - INFO - creating hotword engines
2026-02-05 19:22:44.313 - voice - ovos_plugin_manager.wakewords:load_module:141 - INFO - Loading "wake_up" wake word via ovos-ww-plugin-vosk with config: {'module': 'ovos-ww-plugin-vosk', 'rule': 'fuzzy', 'samples': ['wake up'], 'lang': 'en-us', 'wakeup': True, 'fallback_ww': 'wake_up_pocketsphinx'}
2026-02-05 19:22:45.555 - voice - ovos_plugin_manager.wakewords:load_module:148 - INFO - Loaded the Wake Word wake_up with module ovos-ww-plugin-vosk
2026-02-05 19:22:46.635 - voice - ovos_dinkum_listener.voice_loop.hotwords:load_hotword_engines:173 - INFO - Loading hotword: wake_up with engine: <ovos_ww_plugin_vosk.VoskWakeWordPlugin object at 0x7fff37b05010>
2026-02-05 19:22:46.636 - voice - ovos_plugin_manager.wakewords:load_module:141 - INFO - Loading "hey_k9" wake word via ovos-ww-plugin-precise-lite with config: {'module': 'ovos-ww-plugin-precise-lite', 'model': '/home/ovos/.local/share/mycroft/hey_k9.tflite', 'listen': True, 'active': True, 'expected_duration': 3, 'trigger_level': 3, 'sensitivity': 0.5}
2026-02-05 19:22:46.644 - voice - ovos_plugin_manager.wakewords:load_module:148 - INFO - Loaded the Wake Word hey_k9 with module ovos-ww-plugin-precise-lite
2026-02-05 19:22:46.700 - voice - ovos_dinkum_listener.voice_loop.hotwords:load_hotword_engines:173 - INFO - Loading hotword: hey_k9 with engine: <ovos_ww_plugin_precise_lite.PreciseLiteHotwordPlugin object at 0x7fff1ab34d70>
2026-02-05 19:22:46.704 - voice - ovos_dinkum_listener.voice_loop.hotwords:load_hotword_engines:217 - WARNING - No stop words loaded
2026-02-05 19:22:46.705 - voice - ovos_dinkum_listener.voice_loop.voice_loop:start:190 - INFO - Listening mode: ListeningMode.WAKEWORD
2026-02-05 19:22:46.705 - voice - ovos_dinkum_listener.voice_loop.voice_loop:start:191 - INFO - VAD pre-wake enabled: False
2026-02-05 19:22:49.707 - voice - ovos_dinkum_listener.service:on_started:100 - INFO - DinkumVoiceService started.
2026-02-05 19:22:49.708 - voice - ovos_dinkum_listener.service:on_started:100 - INFO - DinkumVoiceService started.
2026-02-05 19:22:49.708 - voice - ovos_dinkum_listener.service:on_ready:92 - INFO - DinkumVoiceService is ready.
2026-02-05 19:22:49.709 - voice - ovos_dinkum_listener.service:run:349 - INFO - Service ready
2026-02-05 19:22:49.709 - voice - ovos_dinkum_listener.voice_loop.voice_loop:run:255 - INFO - Starting loop in mode: ListeningMode.WAKEWORD
2026-02-05 19:22:51.958 - voice - ovos_bus_client.client.client:on_error:112 - WARNING - Could not send message because connection has closed
2026-02-05 19:22:51.961 - voice - ovos_bus_client.client.client:on_error:130 - WARNING - Message Bus Client will reconnect in 5.0 seconds.
2026-02-05 19:22:56.964 - voice - ovos_bus_client.client.client:on_error:114 - WARNING - Connection Refused. Is Messagebus Service running?
2026-02-05 19:22:56.966 - voice - ovos_bus_client.client.client:on_error:130 - WARNING - Message Bus Client will reconnect in 10.0 seconds.
2026-02-05 19:21:43.611 - voice - ovos_dinkum_listener.service:__init__:169 - INFO - Starting Voice Service
2026-02-05 19:21:43.628 - voice - ovos_dinkum_listener.service:on_alive:96 - INFO - DinkumVoiceService is alive.
2026-02-05 19:21:43.629 - voice - ovos_dinkum_listener.service:_before_start:372 - INFO - Starting service...
2026-02-05 19:22:43.766 - voice - ovos_dinkum_listener.service:_connect_to_bus:476 - INFO - Connected to Mycroft Core message bus
2026-02-05 19:22:45.253 - voice - ovos_dinkum_listener.service:on_alive:96 - INFO - DinkumVoiceService is alive.
2026-02-05 19:22:45.257 - voice - ovos_dinkum_listener.voice_loop.hotwords:load_hotword_engines:124 - INFO - creating hotword engines
2026-02-05 19:22:45.259 - voice - ovos_plugin_manager.wakewords:load_module:141 - INFO - Loading "wake_up" wake word via ovos-ww-plugin-vosk with config: {'module': 'ovos-ww-plugin-vosk', 'rule': 'fuzzy', 'samples': ['wake up'], 'lang': 'en-us', 'wakeup': True, 'fallback_ww': 'wake_up_pocketsphinx'}
2026-02-05 19:22:46.508 - voice - ovos_plugin_manager.wakewords:load_module:148 - INFO - Loaded the Wake Word wake_up with module ovos-ww-plugin-vosk
2026-02-05 19:22:47.592 - voice - ovos_dinkum_listener.voice_loop.hotwords:load_hotword_engines:173 - INFO - Loading hotword: wake_up with engine: <ovos_ww_plugin_vosk.VoskWakeWordPlugin object at 0x7ffef50d9010>
2026-02-05 19:22:47.593 - voice - ovos_plugin_manager.wakewords:load_module:141 - INFO - Loading "hey_k9" wake word via ovos-ww-plugin-precise-lite with config: {'module': 'ovos-ww-plugin-precise-lite', 'model': '/home/ovos/.local/share/mycroft/hey_k9.tflite', 'listen': True, 'active': True, 'expected_duration': 3, 'trigger_level': 3, 'sensitivity': 0.5}
2026-02-05 19:22:47.599 - voice - ovos_plugin_manager.wakewords:load_module:148 - INFO - Loaded the Wake Word hey_k9 with module ovos-ww-plugin-precise-lite
2026-02-05 19:22:47.656 - voice - ovos_dinkum_listener.voice_loop.hotwords:load_hotword_engines:173 - INFO - Loading hotword: hey_k9 with engine: <ovos_ww_plugin_precise_lite.PreciseLiteHotwordPlugin object at 0x7ffed8114d70>
2026-02-05 19:22:47.660 - voice - ovos_dinkum_listener.voice_loop.hotwords:load_hotword_engines:217 - WARNING - No stop words loaded
2026-02-05 19:22:47.660 - voice - ovos_dinkum_listener.voice_loop.voice_loop:start:190 - INFO - Listening mode: ListeningMode.WAKEWORD
2026-02-05 19:22:47.661 - voice - ovos_dinkum_listener.voice_loop.voice_loop:start:191 - INFO - VAD pre-wake enabled: False
2026-02-05 19:22:50.663 - voice - ovos_dinkum_listener.service:on_started:100 - INFO - DinkumVoiceService started.
2026-02-05 19:22:50.663 - voice - ovos_dinkum_listener.service:on_started:100 - INFO - DinkumVoiceService started.
2026-02-05 19:22:50.664 - voice - ovos_dinkum_listener.service:on_ready:92 - INFO - DinkumVoiceService is ready.
2026-02-05 19:22:50.664 - voice - ovos_dinkum_listener.service:run:349 - INFO - Service ready
2026-02-05 19:22:50.665 - voice - ovos_dinkum_listener.voice_loop.voice_loop:run:255 - INFO - Starting loop in mode: ListeningMode.WAKEWORD
2026-02-05 19:26:49.274 - voice - ovos_dinkum_listener.service:__init__:169 - INFO - Starting Voice Service
2026-02-05 19:26:49.299 - voice - ovos_dinkum_listener.service:on_alive:96 - INFO - DinkumVoiceService is alive.
2026-02-05 19:26:49.300 - voice - ovos_dinkum_listener.service:_before_start:372 - INFO - Starting service...
2026-02-05 19:26:49.410 - voice - ovos_dinkum_listener.service:_connect_to_bus:476 - INFO - Connected to Mycroft Core message bus
2026-02-05 19:26:52.073 - voice - ovos_dinkum_listener.service:on_alive:96 - INFO - DinkumVoiceService is alive.
2026-02-05 19:26:52.075 - voice - ovos_dinkum_listener.voice_loop.hotwords:load_hotword_engines:124 - INFO - creating hotword engines
2026-02-05 19:26:52.079 - voice - ovos_plugin_manager.wakewords:load_module:141 - INFO - Loading "wake_up" wake word via ovos-ww-plugin-vosk with config: {'module': 'ovos-ww-plugin-vosk', 'rule': 'fuzzy', 'samples': ['wake up'], 'lang': 'en-us', 'wakeup': True, 'fallback_ww': 'wake_up_pocketsphinx'}
2026-02-05 19:26:54.286 - voice - ovos_plugin_manager.wakewords:load_module:148 - INFO - Loaded the Wake Word wake_up with module ovos-ww-plugin-vosk
2026-02-05 19:26:55.768 - voice - ovos_dinkum_listener.voice_loop.hotwords:load_hotword_engines:173 - INFO - Loading hotword: wake_up with engine: <ovos_ww_plugin_vosk.VoskWakeWordPlugin object at 0x7fff7db35010>
2026-02-05 19:26:55.773 - voice - ovos_plugin_manager.wakewords:load_module:141 - INFO - Loading "hey_k9" wake word via ovos-ww-plugin-precise-lite with config: {'module': 'ovos-ww-plugin-precise-lite', 'model': '/home/ovos/.local/share/mycroft/hey_k9.tflite', 'listen': True, 'active': True, 'expected_duration': 3, 'trigger_level': 3, 'sensitivity': 0.5}
2026-02-05 19:26:55.797 - voice - ovos_plugin_manager.wakewords:load_module:148 - INFO - Loaded the Wake Word hey_k9 with module ovos-ww-plugin-precise-lite
2026-02-05 19:26:55.892 - voice - ovos_dinkum_listener.voice_loop.hotwords:load_hotword_engines:173 - INFO - Loading hotword: hey_k9 with engine: <ovos_ww_plugin_precise_lite.PreciseLiteHotwordPlugin object at 0x7fff60e78d70>
2026-02-05 19:26:55.901 - voice - ovos_dinkum_listener.voice_loop.hotwords:load_hotword_engines:217 - WARNING - No stop words loaded
2026-02-05 19:26:55.908 - voice - ovos_dinkum_listener.voice_loop.voice_loop:start:190 - INFO - Listening mode: ListeningMode.WAKEWORD
2026-02-05 19:26:55.909 - voice - ovos_dinkum_listener.voice_loop.voice_loop:start:191 - INFO - VAD pre-wake enabled: False
2026-02-05 19:26:58.911 - voice - ovos_dinkum_listener.service:on_started:100 - INFO - DinkumVoiceService started.
2026-02-05 19:26:58.912 - voice - ovos_dinkum_listener.service:on_started:100 - INFO - DinkumVoiceService started.
2026-02-05 19:26:58.912 - voice - ovos_dinkum_listener.service:on_ready:92 - INFO - DinkumVoiceService is ready.
2026-02-05 19:26:58.913 - voice - ovos_dinkum_listener.service:run:349 - INFO - Service ready
2026-02-05 19:26:58.913 - voice - ovos_dinkum_listener.voice_loop.voice_loop:run:255 - INFO - Starting loop in mode: ListeningMode.WAKEWORD
2026-02-06 16:29:55.657 - voice - ovos_dinkum_listener.service:__init__:169 - INFO - Starting Voice Service
2026-02-06 16:29:55.675 - voice - ovos_dinkum_listener.service:on_alive:96 - INFO - DinkumVoiceService is alive.
2026-02-06 16:29:55.676 - voice - ovos_dinkum_listener.service:_before_start:372 - INFO - Starting service...
2026-02-06 16:29:55.743 - voice - ovos_dinkum_listener.service:_connect_to_bus:476 - INFO - Connected to Mycroft Core message bus
2026-02-06 16:29:59.214 - voice - ovos_dinkum_listener.service:on_alive:96 - INFO - DinkumVoiceService is alive.
2026-02-06 16:29:59.218 - voice - ovos_dinkum_listener.voice_loop.hotwords:load_hotword_engines:124 - INFO - creating hotword engines
2026-02-06 16:29:59.220 - voice - ovos_plugin_manager.wakewords:load_module:141 - INFO - Loading "wake_up" wake word via ovos-ww-plugin-vosk with config: {'module': 'ovos-ww-plugin-vosk', 'rule': 'fuzzy', 'samples': ['wake up'], 'lang': 'en-us', 'wakeup': True, 'fallback_ww': 'wake_up_pocketsphinx'}
2026-02-06 16:30:00.978 - voice - ovos_plugin_manager.wakewords:load_module:148 - INFO - Loaded the Wake Word wake_up with module ovos-ww-plugin-vosk
2026-02-06 16:30:02.276 - voice - ovos_dinkum_listener.voice_loop.hotwords:load_hotword_engines:173 - INFO - Loading hotword: wake_up with engine: <ovos_ww_plugin_vosk.VoskWakeWordPlugin object at 0x7ffe9b065010>
2026-02-06 16:30:02.277 - voice - ovos_plugin_manager.wakewords:load_module:141 - INFO - Loading "hey_k9" wake word via ovos-ww-plugin-precise-lite with config: {'module': 'ovos-ww-plugin-precise-lite', 'model': '/home/ovos/.local/share/mycroft/hey_k9.tflite', 'listen': True, 'active': True, 'expected_duration': 3, 'trigger_level': 3, 'sensitivity': 0.5}
2026-02-06 16:30:02.284 - voice - ovos_plugin_manager.wakewords:load_module:148 - INFO - Loaded the Wake Word hey_k9 with module ovos-ww-plugin-precise-lite
2026-02-06 16:30:02.374 - voice - ovos_dinkum_listener.voice_loop.hotwords:load_hotword_engines:173 - INFO - Loading hotword: hey_k9 with engine: <ovos_ww_plugin_precise_lite.PreciseLiteHotwordPlugin object at 0x7ffe7e06cd70>
2026-02-06 16:30:02.381 - voice - ovos_dinkum_listener.voice_loop.hotwords:load_hotword_engines:217 - WARNING - No stop words loaded
2026-02-06 16:30:02.382 - voice - ovos_dinkum_listener.voice_loop.voice_loop:start:190 - INFO - Listening mode: ListeningMode.WAKEWORD
2026-02-06 16:30:02.382 - voice - ovos_dinkum_listener.voice_loop.voice_loop:start:191 - INFO - VAD pre-wake enabled: False
2026-02-07 18:34:19.779 - voice - ovos_dinkum_listener.service:on_started:100 - INFO - DinkumVoiceService started.
2026-02-07 18:34:19.780 - voice - ovos_dinkum_listener.service:on_started:100 - INFO - DinkumVoiceService started.
2026-02-07 18:34:19.780 - voice - ovos_dinkum_listener.service:on_ready:92 - INFO - DinkumVoiceService is ready.
2026-02-07 18:34:19.781 - voice - ovos_dinkum_listener.service:run:349 - INFO - Service ready
2026-02-07 18:34:19.781 - voice - ovos_dinkum_listener.voice_loop.voice_loop:run:255 - INFO - Starting loop in mode: ListeningMode.WAKEWORD
2026-02-07 18:42:25.392 - voice - ovos_bus_client.client.client:on_error:112 - WARNING - Could not send message because connection has closed
2026-02-07 18:42:25.397 - voice - ovos_bus_client.client.client:on_error:130 - WARNING - Message Bus Client will reconnect in 5.0 seconds.
2026-02-07 18:38:40.109 - voice - ovos_dinkum_listener.service:__init__:169 - INFO - Starting Voice Service
2026-02-07 18:38:40.137 - voice - ovos_dinkum_listener.service:on_alive:96 - INFO - DinkumVoiceService is alive.
2026-02-07 18:38:40.139 - voice - ovos_dinkum_listener.service:_before_start:372 - INFO - Starting service...
2026-02-07 18:38:40.207 - voice - ovos_dinkum_listener.service:_connect_to_bus:476 - INFO - Connected to Mycroft Core message bus
2026-02-07 18:38:43.649 - voice - ovos_dinkum_listener.service:on_alive:96 - INFO - DinkumVoiceService is alive.
2026-02-07 18:38:43.654 - voice - ovos_dinkum_listener.voice_loop.hotwords:load_hotword_engines:124 - INFO - creating hotword engines
2026-02-07 18:38:43.656 - voice - ovos_plugin_manager.wakewords:load_module:141 - INFO - Loading "wake_up" wake word via ovos-ww-plugin-vosk with config: {'module': 'ovos-ww-plugin-vosk', 'rule': 'fuzzy', 'samples': ['wake up'], 'lang': 'en-us', 'wakeup': True, 'fallback_ww': 'wake_up_pocketsphinx'}
2026-02-07 18:38:46.290 - voice - ovos_plugin_manager.wakewords:load_module:148 - INFO - Loaded the Wake Word wake_up with module ovos-ww-plugin-vosk
2026-02-07 18:38:47.716 - voice - ovos_dinkum_listener.voice_loop.hotwords:load_hotword_engines:173 - INFO - Loading hotword: wake_up with engine: <ovos_ww_plugin_vosk.VoskWakeWordPlugin object at 0x7fff30ec9010>
2026-02-07 18:38:47.717 - voice - ovos_plugin_manager.wakewords:load_module:141 - INFO - Loading "hey_k9" wake word via ovos-ww-plugin-precise-lite with config: {'module': 'ovos-ww-plugin-precise-lite', 'model': '/home/ovos/.local/share/mycroft/hey_k9.tflite', 'listen': True, 'active': True, 'expected_duration': 3, 'trigger_level': 3, 'sensitivity': 0.5}
2026-02-07 18:38:47.727 - voice - ovos_plugin_manager.wakewords:load_module:148 - INFO - Loaded the Wake Word hey_k9 with module ovos-ww-plugin-precise-lite
2026-02-07 18:38:47.849 - voice - ovos_dinkum_listener.voice_loop.hotwords:load_hotword_engines:173 - INFO - Loading hotword: hey_k9 with engine: <ovos_ww_plugin_precise_lite.PreciseLiteHotwordPlugin object at 0x7fff13ff4d70>
2026-02-07 18:38:47.863 - voice - ovos_dinkum_listener.voice_loop.hotwords:load_hotword_engines:217 - WARNING - No stop words loaded
2026-02-07 18:38:47.864 - voice - ovos_dinkum_listener.voice_loop.voice_loop:start:190 - INFO - Listening mode: ListeningMode.WAKEWORD
2026-02-07 18:38:47.865 - voice - ovos_dinkum_listener.voice_loop.voice_loop:start:191 - INFO - VAD pre-wake enabled: False
2026-02-07 18:50:58.694 - voice - ovos_dinkum_listener.service:on_started:100 - INFO - DinkumVoiceService started.
2026-02-07 18:50:58.695 - voice - ovos_dinkum_listener.service:on_started:100 - INFO - DinkumVoiceService started.
2026-02-07 18:50:58.695 - voice - ovos_dinkum_listener.service:on_ready:92 - INFO - DinkumVoiceService is ready.
2026-02-07 18:50:58.696 - voice - ovos_dinkum_listener.service:run:349 - INFO - Service ready
2026-02-07 18:50:58.696 - voice - ovos_dinkum_listener.voice_loop.voice_loop:run:255 - INFO - Starting loop in mode: ListeningMode.WAKEWORD
2026-02-07 19:04:35.201 - voice - ovos_dinkum_listener.service:__init__:169 - INFO - Starting Voice Service
2026-02-07 19:04:35.221 - voice - ovos_dinkum_listener.service:on_alive:96 - INFO - DinkumVoiceService is alive.
2026-02-07 19:04:35.222 - voice - ovos_dinkum_listener.service:_before_start:372 - INFO - Starting service...
2026-02-07 19:04:35.305 - voice - ovos_dinkum_listener.service:_connect_to_bus:476 - INFO - Connected to Mycroft Core message bus
2026-02-07 19:04:38.493 - voice - ovos_dinkum_listener.service:on_alive:96 - INFO - DinkumVoiceService is alive.
2026-02-07 19:04:38.497 - voice - ovos_dinkum_listener.voice_loop.hotwords:load_hotword_engines:124 - INFO - creating hotword engines
2026-02-07 19:04:38.499 - voice - ovos_plugin_manager.wakewords:load_module:141 - INFO - Loading "wake_up" wake word via ovos-ww-plugin-vosk with config: {'module': 'ovos-ww-plugin-vosk', 'rule': 'fuzzy', 'samples': ['wake up'], 'lang': 'en-us', 'wakeup': True, 'fallback_ww': 'wake_up_pocketsphinx'}
2026-02-07 19:08:08.178 - voice - ovos_plugin_manager.wakewords:load_module:148 - INFO - Loaded the Wake Word wake_up with module ovos-ww-plugin-vosk
2026-02-07 19:08:09.647 - voice - ovos_dinkum_listener.voice_loop.hotwords:load_hotword_engines:173 - INFO - Loading hotword: wake_up with engine: <ovos_ww_plugin_vosk.VoskWakeWordPlugin object at 0x7ffefb869010>
2026-02-07 19:08:09.649 - voice - ovos_plugin_manager.wakewords:load_module:141 - INFO - Loading "hey_k9" wake word via ovos-ww-plugin-precise-lite with config: {'module': 'ovos-ww-plugin-precise-lite', 'model': '/home/ovos/.local/share/mycroft/hey_k9.tflite', 'listen': True, 'active': True, 'expected_duration': 3, 'trigger_level': 3, 'sensitivity': 0.5}
2026-02-07 19:08:09.667 - voice - ovos_plugin_manager.wakewords:load_module:148 - INFO - Loaded the Wake Word hey_k9 with module ovos-ww-plugin-precise-lite
2026-02-07 19:08:09.782 - voice - ovos_dinkum_listener.voice_loop.hotwords:load_hotword_engines:173 - INFO - Loading hotword: hey_k9 with engine: <ovos_ww_plugin_precise_lite.PreciseLiteHotwordPlugin object at 0x7ffede8ecd70>
2026-02-07 19:08:09.786 - voice - ovos_dinkum_listener.voice_loop.hotwords:load_hotword_engines:217 - WARNING - No stop words loaded
2026-02-07 19:08:09.788 - voice - ovos_dinkum_listener.voice_loop.voice_loop:start:190 - INFO - Listening mode: ListeningMode.WAKEWORD
2026-02-07 19:08:09.788 - voice - ovos_dinkum_listener.voice_loop.voice_loop:start:191 - INFO - VAD pre-wake enabled: False
2026-02-07 19:08:12.791 - voice - ovos_dinkum_listener.service:on_started:100 - INFO - DinkumVoiceService started.
2026-02-07 19:08:12.792 - voice - ovos_dinkum_listener.service:on_started:100 - INFO - DinkumVoiceService started.
2026-02-07 19:08:12.792 - voice - ovos_dinkum_listener.service:on_ready:92 - INFO - DinkumVoiceService is ready.
2026-02-07 19:08:12.793 - voice - ovos_dinkum_listener.service:run:349 - INFO - Service ready
2026-02-07 19:08:12.793 - voice - ovos_dinkum_listener.voice_loop.voice_loop:run:255 - INFO - Starting loop in mode: ListeningMode.WAKEWORD
2026-02-07 19:12:15.746 - voice - ovos_dinkum_listener.service:__init__:169 - INFO - Starting Voice Service
2026-02-07 19:12:15.763 - voice - ovos_dinkum_listener.service:on_alive:96 - INFO - DinkumVoiceService is alive.
2026-02-07 19:12:15.764 - voice - ovos_dinkum_listener.service:_before_start:372 - INFO - Starting service...
2026-02-07 19:12:15.832 - voice - ovos_dinkum_listener.service:_connect_to_bus:476 - INFO - Connected to Mycroft Core message bus
2026-02-07 19:12:18.658 - voice - ovos_dinkum_listener.service:on_alive:96 - INFO - DinkumVoiceService is alive.
2026-02-07 19:12:18.662 - voice - ovos_dinkum_listener.voice_loop.hotwords:load_hotword_engines:124 - INFO - creating hotword engines
2026-02-07 19:12:18.664 - voice - ovos_plugin_manager.wakewords:load_module:141 - INFO - Loading "wake_up" wake word via ovos-ww-plugin-vosk with config: {'module': 'ovos-ww-plugin-vosk', 'rule': 'fuzzy', 'samples': ['wake up'], 'lang': 'en-us', 'wakeup': True, 'fallback_ww': 'wake_up_pocketsphinx'}
2026-02-07 19:12:20.890 - voice - ovos_plugin_manager.wakewords:load_module:148 - INFO - Loaded the Wake Word wake_up with module ovos-ww-plugin-vosk
2026-02-07 19:12:22.223 - voice - ovos_dinkum_listener.voice_loop.hotwords:load_hotword_engines:173 - INFO - Loading hotword: wake_up with engine: <ovos_ww_plugin_vosk.VoskWakeWordPlugin object at 0x7ffeb6f99010>
2026-02-07 19:12:22.224 - voice - ovos_plugin_manager.wakewords:load_module:141 - INFO - Loading "hey_k9" wake word via ovos-ww-plugin-precise-lite with config: {'module': 'ovos-ww-plugin-precise-lite', 'model': '/home/ovos/.local/share/mycroft/hey_k9.tflite', 'listen': True, 'active': True, 'expected_duration': 3, 'trigger_level': 3, 'sensitivity': 0.5}
2026-02-07 19:12:22.241 - voice - ovos_plugin_manager.wakewords:load_module:148 - INFO - Loaded the Wake Word hey_k9 with module ovos-ww-plugin-precise-lite
2026-02-07 19:12:22.322 - voice - ovos_dinkum_listener.voice_loop.hotwords:load_hotword_engines:173 - INFO - Loading hotword: hey_k9 with engine: <ovos_ww_plugin_precise_lite.PreciseLiteHotwordPlugin object at 0x7ffe9a014d70>
2026-02-07 19:12:22.327 - voice - ovos_dinkum_listener.voice_loop.hotwords:load_hotword_engines:217 - WARNING - No stop words loaded
2026-02-07 19:12:22.328 - voice - ovos_dinkum_listener.voice_loop.voice_loop:start:190 - INFO - Listening mode: ListeningMode.WAKEWORD
2026-02-07 19:12:22.330 - voice - ovos_dinkum_listener.voice_loop.voice_loop:start:191 - INFO - VAD pre-wake enabled: False
2026-02-07 19:17:59.196 - voice - ovos_dinkum_listener.service:on_started:100 - INFO - DinkumVoiceService started.
2026-02-07 19:17:59.251 - voice - ovos_dinkum_listener.service:on_started:100 - INFO - DinkumVoiceService started.
2026-02-07 19:17:59.252 - voice - ovos_dinkum_listener.service:on_ready:92 - INFO - DinkumVoiceService is ready.
2026-02-07 19:17:59.252 - voice - ovos_dinkum_listener.service:run:349 - INFO - Service ready
2026-02-07 19:17:59.253 - voice - ovos_dinkum_listener.voice_loop.voice_loop:run:255 - INFO - Starting loop in mode: ListeningMode.WAKEWORD
2026-02-07 19:22:06.924 - voice - ovos_dinkum_listener.service:__init__:169 - INFO - Starting Voice Service
2026-02-07 19:22:06.942 - voice - ovos_dinkum_listener.service:on_alive:96 - INFO - DinkumVoiceService is alive.
2026-02-07 19:22:06.943 - voice - ovos_dinkum_listener.service:_before_start:372 - INFO - Starting service...
2026-02-07 19:22:07.209 - voice - ovos_dinkum_listener.service:_connect_to_bus:476 - INFO - Connected to Mycroft Core message bus
2026-02-07 19:22:10.417 - voice - ovos_dinkum_listener.service:on_alive:96 - INFO - DinkumVoiceService is alive.
2026-02-07 19:22:10.422 - voice - ovos_dinkum_listener.voice_loop.hotwords:load_hotword_engines:124 - INFO - creating hotword engines
2026-02-07 19:22:10.424 - voice - ovos_plugin_manager.wakewords:load_module:141 - INFO - Loading "wake_up" wake word via ovos-ww-plugin-vosk with config: {'module': 'ovos-ww-plugin-vosk', 'rule': 'fuzzy', 'samples': ['wake up'], 'lang': 'en-us', 'wakeup': True, 'fallback_ww': 'wake_up_pocketsphinx'}
2026-02-07 19:22:12.824 - voice - ovos_plugin_manager.wakewords:load_module:148 - INFO - Loaded the Wake Word wake_up with module ovos-ww-plugin-vosk
2026-02-07 19:22:14.261 - voice - ovos_dinkum_listener.voice_loop.hotwords:load_hotword_engines:173 - INFO - Loading hotword: wake_up with engine: <ovos_ww_plugin_vosk.VoskWakeWordPlugin object at 0x7ffed7019010>
2026-02-07 19:22:14.262 - voice - ovos_plugin_manager.wakewords:load_module:141 - INFO - Loading "hey_k9" wake word via ovos-ww-plugin-precise-lite with config: {'module': 'ovos-ww-plugin-precise-lite', 'model': '/home/ovos/.local/share/mycroft/hey_k9.tflite', 'listen': True, 'active': True, 'expected_duration': 3, 'trigger_level': 3, 'sensitivity': 0.5}
2026-02-07 19:22:14.273 - voice - ovos_plugin_manager.wakewords:load_module:148 - INFO - Loaded the Wake Word hey_k9 with module ovos-ww-plugin-precise-lite
2026-02-07 19:22:14.352 - voice - ovos_dinkum_listener.voice_loop.hotwords:load_hotword_engines:173 - INFO - Loading hotword: hey_k9 with engine: <ovos_ww_plugin_precise_lite.PreciseLiteHotwordPlugin object at 0x7ffeba190d70>
2026-02-07 19:22:14.359 - voice - ovos_dinkum_listener.voice_loop.hotwords:load_hotword_engines:217 - WARNING - No stop words loaded
2026-02-07 19:22:14.361 - voice - ovos_dinkum_listener.voice_loop.voice_loop:start:190 - INFO - Listening mode: ListeningMode.WAKEWORD
2026-02-07 19:22:14.363 - voice - ovos_dinkum_listener.voice_loop.voice_loop:start:191 - INFO - VAD pre-wake enabled: False
2026-02-07 19:23:53.341 - voice - ovos_dinkum_listener.service:on_started:100 - INFO - DinkumVoiceService started.
2026-02-07 19:23:53.341 - voice - ovos_dinkum_listener.service:on_started:100 - INFO - DinkumVoiceService started.
2026-02-07 19:23:53.342 - voice - ovos_dinkum_listener.service:on_ready:92 - INFO - DinkumVoiceService is ready.
2026-02-07 19:23:53.342 - voice - ovos_dinkum_listener.service:run:349 - INFO - Service ready
2026-02-07 19:23:53.343 - voice - ovos_dinkum_listener.voice_loop.voice_loop:run:255 - INFO - Starting loop in mode: ListeningMode.WAKEWORD
2026-02-07 19:37:27.895 - voice - ovos_dinkum_listener.service:__init__:169 - INFO - Starting Voice Service
2026-02-07 19:37:27.919 - voice - ovos_dinkum_listener.service:on_alive:96 - INFO - DinkumVoiceService is alive.
2026-02-07 19:37:27.920 - voice - ovos_dinkum_listener.service:_before_start:372 - INFO - Starting service...
2026-02-07 19:37:27.988 - voice - ovos_dinkum_listener.service:_connect_to_bus:476 - INFO - Connected to Mycroft Core message bus
2026-02-07 19:37:31.173 - voice - ovos_dinkum_listener.service:on_alive:96 - INFO - DinkumVoiceService is alive.
2026-02-07 19:37:31.178 - voice - ovos_dinkum_listener.voice_loop.hotwords:load_hotword_engines:124 - INFO - creating hotword engines
2026-02-07 19:37:31.179 - voice - ovos_plugin_manager.wakewords:load_module:141 - INFO - Loading "wake_up" wake word via ovos-ww-plugin-vosk with config: {'module': 'ovos-ww-plugin-vosk', 'rule': 'fuzzy', 'samples': ['wake up'], 'lang': 'en-us', 'wakeup': True, 'fallback_ww': 'wake_up_pocketsphinx'}
2026-02-07 19:37:33.207 - voice - ovos_plugin_manager.wakewords:load_module:148 - INFO - Loaded the Wake Word wake_up with module ovos-ww-plugin-vosk
2026-02-07 19:40:27.364 - voice - ovos_dinkum_listener.voice_loop.hotwords:load_hotword_engines:173 - INFO - Loading hotword: wake_up with engine: <ovos_ww_plugin_vosk.VoskWakeWordPlugin object at 0x7ffef9809010>
2026-02-07 19:40:27.365 - voice - ovos_plugin_manager.wakewords:load_module:141 - INFO - Loading "hey_k9" wake word via ovos-ww-plugin-precise-lite with config: {'module': 'ovos-ww-plugin-precise-lite', 'model': '/home/ovos/.local/share/mycroft/hey_k9.tflite', 'listen': True, 'active': True, 'expected_duration': 3, 'trigger_level': 3, 'sensitivity': 0.5}
2026-02-07 19:40:27.378 - voice - ovos_plugin_manager.wakewords:load_module:148 - INFO - Loaded the Wake Word hey_k9 with module ovos-ww-plugin-precise-lite
2026-02-07 19:40:27.455 - voice - ovos_dinkum_listener.voice_loop.hotwords:load_hotword_engines:173 - INFO - Loading hotword: hey_k9 with engine: <ovos_ww_plugin_precise_lite.PreciseLiteHotwordPlugin object at 0x7ffed8a50d70>
2026-02-07 19:40:27.459 - voice - ovos_dinkum_listener.voice_loop.hotwords:load_hotword_engines:217 - WARNING - No stop words loaded
2026-02-07 19:40:27.460 - voice - ovos_dinkum_listener.voice_loop.voice_loop:start:190 - INFO - Listening mode: ListeningMode.WAKEWORD
2026-02-07 19:40:27.461 - voice - ovos_dinkum_listener.voice_loop.voice_loop:start:191 - INFO - VAD pre-wake enabled: False
2026-02-07 19:40:30.463 - voice - ovos_dinkum_listener.service:on_started:100 - INFO - DinkumVoiceService started.
2026-02-07 19:40:30.464 - voice - ovos_dinkum_listener.service:on_started:100 - INFO - DinkumVoiceService started.
2026-02-07 19:40:30.465 - voice - ovos_dinkum_listener.service:on_ready:92 - INFO - DinkumVoiceService is ready.
2026-02-07 19:40:30.466 - voice - ovos_dinkum_listener.service:run:349 - INFO - Service ready
2026-02-07 19:40:30.468 - voice - ovos_dinkum_listener.voice_loop.voice_loop:run:255 - INFO - Starting loop in mode: ListeningMode.WAKEWORD
2026-02-07 19:44:34.641 - voice - ovos_dinkum_listener.service:__init__:169 - INFO - Starting Voice Service
2026-02-07 19:44:34.671 - voice - ovos_dinkum_listener.service:on_alive:96 - INFO - DinkumVoiceService is alive.
2026-02-07 19:44:34.672 - voice - ovos_dinkum_listener.service:_before_start:372 - INFO - Starting service...
2026-02-07 19:44:34.767 - voice - ovos_dinkum_listener.service:_connect_to_bus:476 - INFO - Connected to Mycroft Core message bus
2026-02-07 19:44:38.061 - voice - ovos_dinkum_listener.service:on_alive:96 - INFO - DinkumVoiceService is alive.
2026-02-07 19:44:38.065 - voice - ovos_dinkum_listener.voice_loop.hotwords:load_hotword_engines:124 - INFO - creating hotword engines
2026-02-07 19:44:38.067 - voice - ovos_plugin_manager.wakewords:load_module:141 - INFO - Loading "wake_up" wake word via ovos-ww-plugin-vosk with config: {'module': 'ovos-ww-plugin-vosk', 'rule': 'fuzzy', 'samples': ['wake up'], 'lang': 'en-us', 'wakeup': True, 'fallback_ww': 'wake_up_pocketsphinx'}
2026-02-07 19:44:40.495 - voice - ovos_plugin_manager.wakewords:load_module:148 - INFO - Loaded the Wake Word wake_up with module ovos-ww-plugin-vosk
2026-02-07 19:44:41.853 - voice - ovos_dinkum_listener.voice_loop.hotwords:load_hotword_engines:173 - INFO - Loading hotword: wake_up with engine: <ovos_ww_plugin_vosk.VoskWakeWordPlugin object at 0x7fff6d075010>
2026-02-07 19:44:41.856 - voice - ovos_plugin_manager.wakewords:load_module:141 - INFO - Loading "hey_k9" wake word via ovos-ww-plugin-precise-lite with config: {'module': 'ovos-ww-plugin-precise-lite', 'model': '/home/ovos/.local/share/mycroft/hey_k9.tflite', 'listen': True, 'active': True, 'expected_duration': 3, 'trigger_level': 3, 'sensitivity': 0.5}
2026-02-07 19:44:41.865 - voice - ovos_plugin_manager.wakewords:load_module:148 - INFO - Loaded the Wake Word hey_k9 with module ovos-ww-plugin-precise-lite
2026-02-07 19:44:42.015 - voice - ovos_dinkum_listener.voice_loop.hotwords:load_hotword_engines:173 - INFO - Loading hotword: hey_k9 with engine: <ovos_ww_plugin_precise_lite.PreciseLiteHotwordPlugin object at 0x7fff50098d70>
2026-02-07 19:44:42.035 - voice - ovos_dinkum_listener.voice_loop.hotwords:load_hotword_engines:217 - WARNING - No stop words loaded
2026-02-07 19:44:42.036 - voice - ovos_dinkum_listener.voice_loop.voice_loop:start:190 - INFO - Listening mode: ListeningMode.WAKEWORD
2026-02-07 19:44:42.037 - voice - ovos_dinkum_listener.voice_loop.voice_loop:start:191 - INFO - VAD pre-wake enabled: False
2026-02-08 09:19:34.886 - voice - ovos_dinkum_listener.service:on_started:100 - INFO - DinkumVoiceService started.
2026-02-08 09:19:34.887 - voice - ovos_dinkum_listener.service:on_started:100 - INFO - DinkumVoiceService started.
2026-02-08 09:19:34.888 - voice - ovos_dinkum_listener.service:on_ready:92 - INFO - DinkumVoiceService is ready.
2026-02-08 09:19:34.888 - voice - ovos_dinkum_listener.service:run:349 - INFO - Service ready
2026-02-08 09:19:34.889 - voice - ovos_dinkum_listener.voice_loop.voice_loop:run:255 - INFO - Starting loop in mode: ListeningMode.WAKEWORD
2026-02-08 09:21:34.705 - voice - ovos_dinkum_listener.service:__init__:169 - INFO - Starting Voice Service
2026-02-08 09:21:34.721 - voice - ovos_dinkum_listener.service:on_alive:96 - INFO - DinkumVoiceService is alive.
2026-02-08 09:21:34.721 - voice - ovos_dinkum_listener.service:_before_start:372 - INFO - Starting service...
2026-02-08 09:21:34.801 - voice - ovos_dinkum_listener.service:_connect_to_bus:476 - INFO - Connected to Mycroft Core message bus
2026-02-08 09:21:38.174 - voice - ovos_dinkum_listener.service:on_alive:96 - INFO - DinkumVoiceService is alive.
2026-02-08 09:21:38.178 - voice - ovos_dinkum_listener.voice_loop.hotwords:load_hotword_engines:124 - INFO - creating hotword engines
2026-02-08 09:21:38.179 - voice - ovos_plugin_manager.wakewords:load_module:141 - INFO - Loading "wake_up" wake word via ovos-ww-plugin-vosk with config: {'module': 'ovos-ww-plugin-vosk', 'rule': 'fuzzy', 'samples': ['wake up'], 'lang': 'en-us', 'wakeup': True, 'fallback_ww': 'wake_up_pocketsphinx'}
2026-02-08 09:21:39.846 - voice - ovos_plugin_manager.wakewords:load_module:148 - INFO - Loaded the Wake Word wake_up with module ovos-ww-plugin-vosk
2026-02-08 09:21:41.388 - voice - ovos_dinkum_listener.voice_loop.hotwords:load_hotword_engines:173 - INFO - Loading hotword: wake_up with engine: <ovos_ww_plugin_vosk.VoskWakeWordPlugin object at 0x7fff50715010>
2026-02-08 09:21:41.390 - voice - ovos_plugin_manager.wakewords:load_module:141 - INFO - Loading "hey_k9" wake word via ovos-ww-plugin-precise-lite with config: {'module': 'ovos-ww-plugin-precise-lite', 'model': '/home/ovos/.local/share/mycroft/hey_k9.tflite', 'listen': True, 'active': True, 'expected_duration': 3, 'trigger_level': 3, 'sensitivity': 0.5}
2026-02-08 09:21:41.398 - voice - ovos_plugin_manager.wakewords:load_module:148 - INFO - Loaded the Wake Word hey_k9 with module ovos-ww-plugin-precise-lite
2026-02-08 09:21:41.607 - voice - ovos_dinkum_listener.voice_loop.hotwords:load_hotword_engines:173 - INFO - Loading hotword: hey_k9 with engine: <ovos_ww_plugin_precise_lite.PreciseLiteHotwordPlugin object at 0x7fff33728d70>
2026-02-08 09:21:41.625 - voice - ovos_dinkum_listener.voice_loop.hotwords:load_hotword_engines:217 - WARNING - No stop words loaded
2026-02-08 09:21:41.627 - voice - ovos_dinkum_listener.voice_loop.voice_loop:start:190 - INFO - Listening mode: ListeningMode.WAKEWORD
2026-02-08 09:21:41.627 - voice - ovos_dinkum_listener.voice_loop.voice_loop:start:191 - INFO - VAD pre-wake enabled: False
2026-02-08 09:24:17.518 - voice - ovos_dinkum_listener.service:on_started:100 - INFO - DinkumVoiceService started.
2026-02-08 09:24:17.519 - voice - ovos_dinkum_listener.service:on_started:100 - INFO - DinkumVoiceService started.
2026-02-08 09:24:17.519 - voice - ovos_dinkum_listener.service:on_ready:92 - INFO - DinkumVoiceService is ready.
2026-02-08 09:24:17.520 - voice - ovos_dinkum_listener.service:run:349 - INFO - Service ready
2026-02-08 09:24:17.520 - voice - ovos_dinkum_listener.voice_loop.voice_loop:run:255 - INFO - Starting loop in mode: ListeningMode.WAKEWORD
2026-02-08 09:32:41.108 - voice - ovos_dinkum_listener.service:__init__:169 - INFO - Starting Voice Service
2026-02-08 09:32:41.133 - voice - ovos_dinkum_listener.service:on_alive:96 - INFO - DinkumVoiceService is alive.
2026-02-08 09:32:41.135 - voice - ovos_dinkum_listener.service:_before_start:372 - INFO - Starting service...
2026-02-08 09:32:41.222 - voice - ovos_dinkum_listener.service:_connect_to_bus:476 - INFO - Connected to Mycroft Core message bus
2026-02-08 09:32:44.526 - voice - ovos_dinkum_listener.service:on_alive:96 - INFO - DinkumVoiceService is alive.
2026-02-08 09:32:44.530 - voice - ovos_dinkum_listener.voice_loop.hotwords:load_hotword_engines:124 - INFO - creating hotword engines
2026-02-08 09:32:44.532 - voice - ovos_plugin_manager.wakewords:load_module:141 - INFO - Loading "wake_up" wake word via ovos-ww-plugin-vosk with config: {'module': 'ovos-ww-plugin-vosk', 'rule': 'fuzzy', 'samples': ['wake up'], 'lang': 'en-us', 'wakeup': True, 'fallback_ww': 'wake_up_pocketsphinx'}
2026-02-08 09:32:47.021 - voice - ovos_plugin_manager.wakewords:load_module:148 - INFO - Loaded the Wake Word wake_up with module ovos-ww-plugin-vosk
2026-02-08 09:32:48.420 - voice - ovos_dinkum_listener.voice_loop.hotwords:load_hotword_engines:173 - INFO - Loading hotword: wake_up with engine: <ovos_ww_plugin_vosk.VoskWakeWordPlugin object at 0x7fff06255010>
2026-02-08 09:32:48.421 - voice - ovos_plugin_manager.wakewords:load_module:141 - INFO - Loading "hey_k9" wake word via ovos-ww-plugin-precise-lite with config: {'module': 'ovos-ww-plugin-precise-lite', 'model': '/home/ovos/.local/share/mycroft/hey_k9.tflite', 'listen': True, 'active': True, 'expected_duration': 3, 'trigger_level': 3, 'sensitivity': 0.5}
2026-02-08 09:32:48.437 - voice - ovos_plugin_manager.wakewords:load_module:148 - INFO - Loaded the Wake Word hey_k9 with module ovos-ww-plugin-precise-lite
2026-02-08 09:32:48.536 - voice - ovos_dinkum_listener.voice_loop.hotwords:load_hotword_engines:173 - INFO - Loading hotword: hey_k9 with engine: <ovos_ww_plugin_precise_lite.PreciseLiteHotwordPlugin object at 0x7ffee9394ec0>
2026-02-08 09:32:48.541 - voice - ovos_dinkum_listener.voice_loop.hotwords:load_hotword_engines:217 - WARNING - No stop words loaded
2026-02-08 09:32:48.542 - voice - ovos_dinkum_listener.voice_loop.voice_loop:start:190 - INFO - Listening mode: ListeningMode.WAKEWORD
2026-02-08 09:32:48.543 - voice - ovos_dinkum_listener.voice_loop.voice_loop:start:191 - INFO - VAD pre-wake enabled: False
2026-02-08 16:55:03.730 - voice - ovos_dinkum_listener.service:on_started:100 - INFO - DinkumVoiceService started.
2026-02-08 16:55:03.731 - voice - ovos_dinkum_listener.service:on_started:100 - INFO - DinkumVoiceService started.
2026-02-08 16:55:03.731 - voice - ovos_dinkum_listener.service:on_ready:92 - INFO - DinkumVoiceService is ready.
2026-02-08 16:55:03.732 - voice - ovos_dinkum_listener.service:run:349 - INFO - Service ready
2026-02-08 16:55:03.732 - voice - ovos_dinkum_listener.voice_loop.voice_loop:run:255 - INFO - Starting loop in mode: ListeningMode.WAKEWORD
2026-02-08 17:02:36.286 - voice - ovos_dinkum_listener.service:__init__:169 - INFO - Starting Voice Service
2026-02-08 17:02:36.303 - voice - ovos_dinkum_listener.service:on_alive:96 - INFO - DinkumVoiceService is alive.
2026-02-08 17:02:36.304 - voice - ovos_dinkum_listener.service:_before_start:372 - INFO - Starting service...
2026-02-08 17:02:36.366 - voice - ovos_dinkum_listener.service:_connect_to_bus:476 - INFO - Connected to Mycroft Core message bus
2026-02-08 17:02:40.015 - voice - ovos_dinkum_listener.service:on_alive:96 - INFO - DinkumVoiceService is alive.
2026-02-08 17:02:40.019 - voice - ovos_dinkum_listener.voice_loop.hotwords:load_hotword_engines:124 - INFO - creating hotword engines
2026-02-08 17:02:40.021 - voice - ovos_plugin_manager.wakewords:load_module:141 - INFO - Loading "wake_up" wake word via ovos-ww-plugin-vosk with config: {'module': 'ovos-ww-plugin-vosk', 'rule': 'fuzzy', 'samples': ['wake up'], 'lang': 'en-us', 'wakeup': True, 'fallback_ww': 'wake_up_pocketsphinx'}
2026-02-08 17:02:42.580 - voice - ovos_plugin_manager.wakewords:load_module:148 - INFO - Loaded the Wake Word wake_up with module ovos-ww-plugin-vosk
2026-02-08 17:02:43.984 - voice - ovos_dinkum_listener.voice_loop.hotwords:load_hotword_engines:173 - INFO - Loading hotword: wake_up with engine: <ovos_ww_plugin_vosk.VoskWakeWordPlugin object at 0x7fff879d9010>
2026-02-08 17:02:43.989 - voice - ovos_plugin_manager.wakewords:load_module:141 - INFO - Loading "hey_k9" wake word via ovos-ww-plugin-precise-lite with config: {'module': 'ovos-ww-plugin-precise-lite', 'model': '/home/ovos/.local/share/mycroft/hey_k9.tflite', 'listen': True, 'active': True, 'expected_duration': 3, 'trigger_level': 3, 'sensitivity': 0.5}
2026-02-08 17:02:44.007 - voice - ovos_plugin_manager.wakewords:load_module:148 - INFO - Loaded the Wake Word hey_k9 with module ovos-ww-plugin-precise-lite
2026-02-08 17:02:44.138 - voice - ovos_dinkum_listener.voice_loop.hotwords:load_hotword_engines:173 - INFO - Loading hotword: hey_k9 with engine: <ovos_ww_plugin_precise_lite.PreciseLiteHotwordPlugin object at 0x7fff6aaf8d70>
2026-02-08 17:02:44.154 - voice - ovos_dinkum_listener.voice_loop.hotwords:load_hotword_engines:217 - WARNING - No stop words loaded
2026-02-08 17:02:44.157 - voice - ovos_dinkum_listener.voice_loop.voice_loop:start:190 - INFO - Listening mode: ListeningMode.WAKEWORD
2026-02-08 17:02:44.161 - voice - ovos_dinkum_listener.voice_loop.voice_loop:start:191 - INFO - VAD pre-wake enabled: False
2026-02-08 17:02:47.613 - voice - ovos_dinkum_listener.service:on_started:100 - INFO - DinkumVoiceService started.
2026-02-08 17:02:47.614 - voice - ovos_dinkum_listener.service:on_started:100 - INFO - DinkumVoiceService started.
2026-02-08 17:02:47.614 - voice - ovos_dinkum_listener.service:on_ready:92 - INFO - DinkumVoiceService is ready.
2026-02-08 17:02:47.615 - voice - ovos_dinkum_listener.service:run:349 - INFO - Service ready
2026-02-08 17:02:47.615 - voice - ovos_dinkum_listener.voice_loop.voice_loop:run:255 - INFO - Starting loop in mode: ListeningMode.WAKEWORD
                                                                                                                                                                                                                                                                                                                                                                                                                                                                                                                                                                                                                                                                                                                                                                                                                                                                                                                                                                                                                                                                                                                                                                                                                                                                                                                                                                                                                                                                                                                                                                                                                                                                                                                                                                                                                                                                                                                                                                                                                          2026-02-08 17:07:56.448 - voice - ovos_dinkum_listener.service:__init__:169 - INFO - Starting Voice Service
2026-02-08 17:07:56.471 - voice - ovos_dinkum_listener.service:on_alive:96 - INFO - DinkumVoiceService is alive.
2026-02-08 17:07:56.472 - voice - ovos_dinkum_listener.service:_before_start:372 - INFO - Starting service...
2026-02-08 17:07:56.564 - voice - ovos_dinkum_listener.service:_connect_to_bus:476 - INFO - Connected to Mycroft Core message bus
2026-02-08 17:08:00.134 - voice - ovos_dinkum_listener.service:on_alive:96 - INFO - DinkumVoiceService is alive.
2026-02-08 17:08:00.138 - voice - ovos_dinkum_listener.voice_loop.hotwords:load_hotword_engines:124 - INFO - creating hotword engines
2026-02-08 17:08:00.140 - voice - ovos_plugin_manager.wakewords:load_module:141 - INFO - Loading "wake_up" wake word via ovos-ww-plugin-vosk with config: {'module': 'ovos-ww-plugin-vosk', 'rule': 'fuzzy', 'samples': ['wake up'], 'lang': 'en-us', 'wakeup': True, 'fallback_ww': 'wake_up_pocketsphinx'}
2026-02-08 17:08:02.787 - voice - ovos_plugin_manager.wakewords:load_module:148 - INFO - Loaded the Wake Word wake_up with module ovos-ww-plugin-vosk
2026-02-08 17:08:04.354 - voice - ovos_dinkum_listener.voice_loop.hotwords:load_hotword_engines:173 - INFO - Loading hotword: wake_up with engine: <ovos_ww_plugin_vosk.VoskWakeWordPlugin object at 0x7ffeabd89010>
2026-02-08 17:08:04.356 - voice - ovos_plugin_manager.wakewords:load_module:141 - INFO - Loading "hey_k9" wake word via ovos-ww-plugin-precise-lite with config: {'module': 'ovos-ww-plugin-precise-lite', 'model': '/home/ovos/.local/share/mycroft/hey_k9.tflite', 'listen': True, 'active': True, 'expected_duration': 3, 'trigger_level': 3, 'sensitivity': 0.5}
2026-02-08 17:08:04.367 - voice - ovos_plugin_manager.wakewords:load_module:148 - INFO - Loaded the Wake Word hey_k9 with module ovos-ww-plugin-precise-lite
2026-02-08 17:08:04.503 - voice - ovos_dinkum_listener.voice_loop.hotwords:load_hotword_engines:173 - INFO - Loading hotword: hey_k9 with engine: <ovos_ww_plugin_precise_lite.PreciseLiteHotwordPlugin object at 0x7ffe8eed4d70>
2026-02-08 17:08:04.515 - voice - ovos_dinkum_listener.voice_loop.hotwords:load_hotword_engines:217 - WARNING - No stop words loaded
2026-02-08 17:08:04.517 - voice - ovos_dinkum_listener.voice_loop.voice_loop:start:190 - INFO - Listening mode: ListeningMode.WAKEWORD
2026-02-08 17:08:04.518 - voice - ovos_dinkum_listener.voice_loop.voice_loop:start:191 - INFO - VAD pre-wake enabled: False
2026-02-08 17:13:19.489 - voice - ovos_dinkum_listener.service:on_started:100 - INFO - DinkumVoiceService started.
2026-02-08 17:13:19.490 - voice - ovos_dinkum_listener.service:on_started:100 - INFO - DinkumVoiceService started.
2026-02-08 17:13:19.491 - voice - ovos_dinkum_listener.service:on_ready:92 - INFO - DinkumVoiceService is ready.
2026-02-08 17:13:19.491 - voice - ovos_dinkum_listener.service:run:349 - INFO - Service ready
2026-02-08 17:13:19.492 - voice - ovos_dinkum_listener.voice_loop.voice_loop:run:255 - INFO - Starting loop in mode: ListeningMode.WAKEWORD
2026-02-08 17:16:52.101 - voice - ovos_bus_client.client.client:on_error:112 - WARNING - Could not send message because connection has closed
2026-02-08 17:16:52.102 - voice - ovos_bus_client.client.client:on_error:130 - WARNING - Message Bus Client will reconnect in 5.0 seconds.
2026-02-08 17:16:57.104 - voice - ovos_bus_client.client.client:on_error:114 - WARNING - Connection Refused. Is Messagebus Service running?
2026-02-08 17:16:57.106 - voice - ovos_bus_client.client.client:on_error:130 - WARNING - Message Bus Client will reconnect in 10.0 seconds.
2026-02-08 17:18:45.583 - voice - ovos_dinkum_listener.service:__init__:169 - INFO - Starting Voice Service
2026-02-08 17:18:45.650 - voice - ovos_dinkum_listener.service:on_alive:96 - INFO - DinkumVoiceService is alive.
2026-02-08 17:18:45.651 - voice - ovos_dinkum_listener.service:_before_start:372 - INFO - Starting service...
2026-02-08 17:18:45.817 - voice - ovos_dinkum_listener.service:_connect_to_bus:476 - INFO - Connected to Mycroft Core message bus
2026-02-08 17:18:48.525 - voice - ovos_dinkum_listener.service:on_alive:96 - INFO - DinkumVoiceService is alive.
2026-02-08 17:18:48.529 - voice - ovos_dinkum_listener.voice_loop.hotwords:load_hotword_engines:124 - INFO - creating hotword engines
2026-02-08 17:18:48.531 - voice - ovos_plugin_manager.wakewords:load_module:141 - INFO - Loading "wake_up" wake word via ovos-ww-plugin-vosk with config: {'module': 'ovos-ww-plugin-vosk', 'rule': 'fuzzy', 'samples': ['wake up'], 'lang': 'en-us', 'wakeup': True, 'fallback_ww': 'wake_up_pocketsphinx'}
2026-02-08 17:18:50.641 - voice - ovos_plugin_manager.wakewords:load_module:148 - INFO - Loaded the Wake Word wake_up with module ovos-ww-plugin-vosk
2026-02-08 17:18:51.893 - voice - ovos_dinkum_listener.voice_loop.hotwords:load_hotword_engines:173 - INFO - Loading hotword: wake_up with engine: <ovos_ww_plugin_vosk.VoskWakeWordPlugin object at 0x7ffeb8245010>
2026-02-08 17:18:51.894 - voice - ovos_plugin_manager.wakewords:load_module:141 - INFO - Loading "hey_k9" wake word via ovos-ww-plugin-precise-lite with config: {'module': 'ovos-ww-plugin-precise-lite', 'model': '/home/ovos/.local/share/mycroft/hey_k9.tflite', 'listen': True, 'active': True, 'expected_duration': 3, 'trigger_level': 3, 'sensitivity': 0.5}
2026-02-08 17:18:51.901 - voice - ovos_plugin_manager.wakewords:load_module:148 - INFO - Loaded the Wake Word hey_k9 with module ovos-ww-plugin-precise-lite
2026-02-08 17:18:51.969 - voice - ovos_dinkum_listener.voice_loop.hotwords:load_hotword_engines:173 - INFO - Loading hotword: hey_k9 with engine: <ovos_ww_plugin_precise_lite.PreciseLiteHotwordPlugin object at 0x7ffe9b204d70>
2026-02-08 17:18:51.973 - voice - ovos_dinkum_listener.voice_loop.hotwords:load_hotword_engines:217 - WARNING - No stop words loaded
2026-02-08 17:18:51.974 - voice - ovos_dinkum_listener.voice_loop.voice_loop:start:190 - INFO - Listening mode: ListeningMode.WAKEWORD
2026-02-08 17:18:51.975 - voice - ovos_dinkum_listener.voice_loop.voice_loop:start:191 - INFO - VAD pre-wake enabled: False
2026-02-08 17:18:55.020 - voice - ovos_dinkum_listener.service:on_started:100 - INFO - DinkumVoiceService started.
2026-02-08 17:18:55.021 - voice - ovos_dinkum_listener.service:on_started:100 - INFO - DinkumVoiceService started.
2026-02-08 17:18:55.022 - voice - ovos_dinkum_listener.service:on_ready:92 - INFO - DinkumVoiceService is ready.
2026-02-08 17:18:55.022 - voice - ovos_dinkum_listener.service:run:349 - INFO - Service ready
2026-02-08 17:18:55.023 - voice - ovos_dinkum_listener.voice_loop.voice_loop:run:255 - INFO - Starting loop in mode: ListeningMode.WAKEWORD
2026-02-08 17:23:07.893 - voice - ovos_dinkum_listener.service:__init__:169 - INFO - Starting Voice Service
2026-02-08 17:23:07.935 - voice - ovos_dinkum_listener.service:on_alive:96 - INFO - DinkumVoiceService is alive.
2026-02-08 17:23:07.939 - voice - ovos_dinkum_listener.service:_before_start:372 - INFO - Starting service...
2026-02-08 17:23:08.197 - voice - ovos_dinkum_listener.service:_connect_to_bus:476 - INFO - Connected to Mycroft Core message bus
2026-02-08 17:23:11.054 - voice - ovos_dinkum_listener.service:on_alive:96 - INFO - DinkumVoiceService is alive.
2026-02-08 17:23:11.058 - voice - ovos_dinkum_listener.voice_loop.hotwords:load_hotword_engines:124 - INFO - creating hotword engines
2026-02-08 17:23:11.060 - voice - ovos_plugin_manager.wakewords:load_module:141 - INFO - Loading "wake_up" wake word via ovos-ww-plugin-vosk with config: {'module': 'ovos-ww-plugin-vosk', 'rule': 'fuzzy', 'samples': ['wake up'], 'lang': 'en-us', 'wakeup': True, 'fallback_ww': 'wake_up_pocketsphinx'}
2026-02-08 17:23:12.624 - voice - ovos_plugin_manager.wakewords:load_module:148 - INFO - Loaded the Wake Word wake_up with module ovos-ww-plugin-vosk
2026-02-08 17:23:13.796 - voice - ovos_dinkum_listener.voice_loop.hotwords:load_hotword_engines:173 - INFO - Loading hotword: wake_up with engine: <ovos_ww_plugin_vosk.VoskWakeWordPlugin object at 0x7fff528b5010>
2026-02-08 17:23:13.797 - voice - ovos_plugin_manager.wakewords:load_module:141 - INFO - Loading "hey_k9" wake word via ovos-ww-plugin-precise-lite with config: {'module': 'ovos-ww-plugin-precise-lite', 'model': '/home/ovos/.local/share/mycroft/hey_k9.tflite', 'listen': True, 'active': True, 'expected_duration': 3, 'trigger_level': 3, 'sensitivity': 0.5}
2026-02-08 17:23:13.804 - voice - ovos_plugin_manager.wakewords:load_module:148 - INFO - Loaded the Wake Word hey_k9 with module ovos-ww-plugin-precise-lite
2026-02-08 17:23:13.861 - voice - ovos_dinkum_listener.voice_loop.hotwords:load_hotword_engines:173 - INFO - Loading hotword: hey_k9 with engine: <ovos_ww_plugin_precise_lite.PreciseLiteHotwordPlugin object at 0x7fff3590cd70>
2026-02-08 17:23:13.865 - voice - ovos_dinkum_listener.voice_loop.hotwords:load_hotword_engines:217 - WARNING - No stop words loaded
2026-02-08 17:23:13.865 - voice - ovos_dinkum_listener.voice_loop.voice_loop:start:190 - INFO - Listening mode: ListeningMode.WAKEWORD
2026-02-08 17:23:13.866 - voice - ovos_dinkum_listener.voice_loop.voice_loop:start:191 - INFO - VAD pre-wake enabled: False
2026-02-08 17:23:16.868 - voice - ovos_dinkum_listener.service:on_started:100 - INFO - DinkumVoiceService started.
2026-02-08 17:23:16.871 - voice - ovos_dinkum_listener.service:on_started:100 - INFO - DinkumVoiceService started.
2026-02-08 17:23:16.871 - voice - ovos_dinkum_listener.service:on_ready:92 - INFO - DinkumVoiceService is ready.
2026-02-08 17:23:16.873 - voice - ovos_dinkum_listener.service:run:349 - INFO - Service ready
2026-02-08 17:23:16.874 - voice - ovos_dinkum_listener.voice_loop.voice_loop:run:255 - INFO - Starting loop in mode: ListeningMode.WAKEWORD
2026-02-08 18:13:16.595 - voice - ovos_dinkum_listener.service:__init__:169 - INFO - Starting Voice Service
2026-02-08 18:13:16.627 - voice - ovos_dinkum_listener.service:on_alive:96 - INFO - DinkumVoiceService is alive.
2026-02-08 18:13:16.628 - voice - ovos_dinkum_listener.service:_before_start:372 - INFO - Starting service...
2026-02-08 18:13:16.910 - voice - ovos_dinkum_listener.service:_connect_to_bus:476 - INFO - Connected to Mycroft Core message bus
2026-02-08 18:13:19.603 - voice - ovos_dinkum_listener.service:on_alive:96 - INFO - DinkumVoiceService is alive.
2026-02-08 18:13:19.605 - voice - ovos_dinkum_listener.voice_loop.hotwords:load_hotword_engines:124 - INFO - creating hotword engines
2026-02-08 18:13:19.606 - voice - ovos_microphone_plugin_alsa:_run:113 - ERROR - Failed to open microphone
Traceback (most recent call last):
  File "/home/ovos/.venv/lib/python3.13/site-packages/ovos_microphone_plugin_alsa/__init__.py", line 78, in _run
    mic = alsaaudio.PCM(
        type=alsaaudio.PCM_CAPTURE,
    ...<6 lines>...
        periodsize=self.period_size,
    )
alsaaudio.ALSAAudioError: No such file or directory [hw:0,0]
2026-02-08 18:13:19.608 - voice - ovos_plugin_manager.wakewords:load_module:141 - INFO - Loading "wake_up" wake word via ovos-ww-plugin-vosk with config: {'module': 'ovos-ww-plugin-vosk', 'rule': 'fuzzy', 'samples': ['wake up'], 'lang': 'en-us', 'wakeup': True, 'fallback_ww': 'wake_up_pocketsphinx'}
2026-02-08 18:13:21.243 - voice - ovos_plugin_manager.wakewords:load_module:148 - INFO - Loaded the Wake Word wake_up with module ovos-ww-plugin-vosk
2026-02-08 18:14:23.795 - voice - ovos_dinkum_listener.voice_loop.hotwords:load_hotword_engines:173 - INFO - Loading hotword: wake_up with engine: <ovos_ww_plugin_vosk.VoskWakeWordPlugin object at 0x7fff0f845010>
2026-02-08 18:14:23.800 - voice - ovos_plugin_manager.wakewords:load_module:141 - INFO - Loading "hey_k9" wake word via ovos-ww-plugin-precise-lite with config: {'module': 'ovos-ww-plugin-precise-lite', 'model': '/home/ovos/.local/share/mycroft/hey_k9.tflite', 'listen': True, 'active': True, 'expected_duration': 3, 'trigger_level': 3, 'sensitivity': 0.5}
2026-02-08 18:14:23.826 - voice - ovos_plugin_manager.wakewords:load_module:148 - INFO - Loaded the Wake Word hey_k9 with module ovos-ww-plugin-precise-lite
2026-02-08 18:14:24.031 - voice - ovos_dinkum_listener.voice_loop.hotwords:load_hotword_engines:173 - INFO - Loading hotword: hey_k9 with engine: <ovos_ww_plugin_precise_lite.PreciseLiteHotwordPlugin object at 0x7ffef2a9cd70>
2026-02-08 18:14:24.046 - voice - ovos_dinkum_listener.voice_loop.hotwords:load_hotword_engines:217 - WARNING - No stop words loaded
2026-02-08 18:14:24.051 - voice - ovos_dinkum_listener.voice_loop.voice_loop:start:190 - INFO - Listening mode: ListeningMode.WAKEWORD
2026-02-08 18:14:24.055 - voice - ovos_dinkum_listener.voice_loop.voice_loop:start:191 - INFO - VAD pre-wake enabled: False
2026-02-08 18:14:27.060 - voice - ovos_dinkum_listener.service:on_started:100 - INFO - DinkumVoiceService started.
2026-02-08 18:14:27.061 - voice - ovos_dinkum_listener.service:on_started:100 - INFO - DinkumVoiceService started.
2026-02-08 18:14:27.062 - voice - ovos_dinkum_listener.service:on_ready:92 - INFO - DinkumVoiceService is ready.
2026-02-08 18:14:27.062 - voice - ovos_dinkum_listener.service:run:349 - INFO - Service ready
2026-02-08 18:14:27.063 - voice - ovos_dinkum_listener.voice_loop.voice_loop:run:255 - INFO - Starting loop in mode: ListeningMode.WAKEWORD
2026-02-08 18:16:22.467 - voice - ovos_dinkum_listener.service:__init__:169 - INFO - Starting Voice Service
2026-02-08 18:16:22.494 - voice - ovos_dinkum_listener.service:on_alive:96 - INFO - DinkumVoiceService is alive.
2026-02-08 18:16:22.495 - voice - ovos_dinkum_listener.service:_before_start:372 - INFO - Starting service...
2026-02-08 18:16:22.565 - voice - ovos_dinkum_listener.service:_connect_to_bus:476 - INFO - Connected to Mycroft Core message bus
2026-02-08 18:16:25.448 - voice - ovos_dinkum_listener.service:on_alive:96 - INFO - DinkumVoiceService is alive.
2026-02-08 18:16:25.452 - voice - ovos_dinkum_listener.voice_loop.hotwords:load_hotword_engines:124 - INFO - creating hotword engines
2026-02-08 18:16:25.454 - voice - ovos_plugin_manager.wakewords:load_module:141 - INFO - Loading "wake_up" wake word via ovos-ww-plugin-vosk with config: {'module': 'ovos-ww-plugin-vosk', 'rule': 'fuzzy', 'samples': ['wake up'], 'lang': 'en-us', 'wakeup': True, 'fallback_ww': 'wake_up_pocketsphinx'}
2026-02-08 18:16:27.415 - voice - ovos_plugin_manager.wakewords:load_module:148 - INFO - Loaded the Wake Word wake_up with module ovos-ww-plugin-vosk
2026-02-08 18:16:29.016 - voice - ovos_dinkum_listener.voice_loop.hotwords:load_hotword_engines:173 - INFO - Loading hotword: wake_up with engine: <ovos_ww_plugin_vosk.VoskWakeWordPlugin object at 0x7ffee5935010>
2026-02-08 18:16:29.017 - voice - ovos_plugin_manager.wakewords:load_module:141 - INFO - Loading "hey_k9" wake word via ovos-ww-plugin-precise-lite with config: {'module': 'ovos-ww-plugin-precise-lite', 'model': '/home/ovos/.local/share/mycroft/hey_k9.tflite', 'listen': True, 'active': True, 'expected_duration': 3, 'trigger_level': 3, 'sensitivity': 0.5}
2026-02-08 18:16:29.028 - voice - ovos_plugin_manager.wakewords:load_module:148 - INFO - Loaded the Wake Word hey_k9 with module ovos-ww-plugin-precise-lite
2026-02-08 18:16:29.092 - voice - ovos_dinkum_listener.voice_loop.hotwords:load_hotword_engines:173 - INFO - Loading hotword: hey_k9 with engine: <ovos_ww_plugin_precise_lite.PreciseLiteHotwordPlugin object at 0x7ffec896cd70>
2026-02-08 18:16:29.095 - voice - ovos_dinkum_listener.voice_loop.hotwords:load_hotword_engines:217 - WARNING - No stop words loaded
2026-02-08 18:16:29.096 - voice - ovos_dinkum_listener.voice_loop.voice_loop:start:190 - INFO - Listening mode: ListeningMode.WAKEWORD
2026-02-08 18:16:29.096 - voice - ovos_dinkum_listener.voice_loop.voice_loop:start:191 - INFO - VAD pre-wake enabled: False
2026-02-08 18:16:32.098 - voice - ovos_dinkum_listener.service:on_started:100 - INFO - DinkumVoiceService started.
2026-02-08 18:16:32.099 - voice - ovos_dinkum_listener.service:on_started:100 - INFO - DinkumVoiceService started.
2026-02-08 18:16:32.100 - voice - ovos_dinkum_listener.service:on_ready:92 - INFO - DinkumVoiceService is ready.
2026-02-08 18:16:32.100 - voice - ovos_dinkum_listener.service:run:349 - INFO - Service ready
2026-02-08 18:16:32.101 - voice - ovos_dinkum_listener.voice_loop.voice_loop:run:255 - INFO - Starting loop in mode: ListeningMode.WAKEWORD
2026-02-08 18:26:35.535 - voice - ovos_dinkum_listener.service:__init__:169 - INFO - Starting Voice Service
2026-02-08 18:26:35.560 - voice - ovos_dinkum_listener.service:on_alive:96 - INFO - DinkumVoiceService is alive.
2026-02-08 18:26:35.561 - voice - ovos_dinkum_listener.service:_before_start:372 - INFO - Starting service...
2026-02-08 18:26:35.736 - voice - ovos_dinkum_listener.service:_connect_to_bus:476 - INFO - Connected to Mycroft Core message bus
2026-02-08 18:26:38.956 - voice - ovos_dinkum_listener.service:on_alive:96 - INFO - DinkumVoiceService is alive.
2026-02-08 18:26:38.961 - voice - ovos_dinkum_listener.voice_loop.hotwords:load_hotword_engines:124 - INFO - creating hotword engines
2026-02-08 18:26:38.963 - voice - ovos_plugin_manager.wakewords:load_module:141 - INFO - Loading "wake_up" wake word via ovos-ww-plugin-vosk with config: {'module': 'ovos-ww-plugin-vosk', 'rule': 'fuzzy', 'samples': ['wake up'], 'lang': 'en-us', 'wakeup': True, 'fallback_ww': 'wake_up_pocketsphinx'}
2026-02-08 18:26:40.738 - voice - ovos_plugin_manager.wakewords:load_module:148 - INFO - Loaded the Wake Word wake_up with module ovos-ww-plugin-vosk
2026-02-08 18:26:42.029 - voice - ovos_dinkum_listener.voice_loop.hotwords:load_hotword_engines:173 - INFO - Loading hotword: wake_up with engine: <ovos_ww_plugin_vosk.VoskWakeWordPlugin object at 0x7fff10de1010>
2026-02-08 18:26:42.030 - voice - ovos_plugin_manager.wakewords:load_module:141 - INFO - Loading "hey_k9" wake word via ovos-ww-plugin-precise-lite with config: {'module': 'ovos-ww-plugin-precise-lite', 'model': '/home/ovos/.local/share/mycroft/hey_k9.tflite', 'listen': True, 'active': True, 'expected_duration': 3, 'trigger_level': 3, 'sensitivity': 0.5}
2026-02-08 18:26:42.037 - voice - ovos_plugin_manager.wakewords:load_module:148 - INFO - Loaded the Wake Word hey_k9 with module ovos-ww-plugin-precise-lite
2026-02-08 18:26:42.135 - voice - ovos_dinkum_listener.voice_loop.hotwords:load_hotword_engines:173 - INFO - Loading hotword: hey_k9 with engine: <ovos_ww_plugin_precise_lite.PreciseLiteHotwordPlugin object at 0x7ffef3dfcd70>
2026-02-08 18:26:42.141 - voice - ovos_dinkum_listener.voice_loop.hotwords:load_hotword_engines:217 - WARNING - No stop words loaded
2026-02-08 18:26:42.142 - voice - ovos_dinkum_listener.voice_loop.voice_loop:start:190 - INFO - Listening mode: ListeningMode.WAKEWORD
2026-02-08 18:26:42.142 - voice - ovos_dinkum_listener.voice_loop.voice_loop:start:191 - INFO - VAD pre-wake enabled: False
2026-02-08 18:26:45.166 - voice - ovos_dinkum_listener.service:on_started:100 - INFO - DinkumVoiceService started.
2026-02-08 18:26:45.183 - voice - ovos_dinkum_listener.service:on_started:100 - INFO - DinkumVoiceService started.
2026-02-08 18:26:45.184 - voice - ovos_dinkum_listener.service:on_ready:92 - INFO - DinkumVoiceService is ready.
2026-02-08 18:26:45.240 - voice - ovos_dinkum_listener.service:run:349 - INFO - Service ready
2026-02-08 18:26:45.248 - voice - ovos_dinkum_listener.voice_loop.voice_loop:run:255 - INFO - Starting loop in mode: ListeningMode.WAKEWORD
2026-02-10 16:40:56.182 - voice - ovos_dinkum_listener.service:__init__:169 - INFO - Starting Voice Service
2026-02-10 16:40:56.206 - voice - ovos_dinkum_listener.service:on_alive:96 - INFO - DinkumVoiceService is alive.
2026-02-10 16:40:56.207 - voice - ovos_dinkum_listener.service:_before_start:372 - INFO - Starting service...
2026-02-10 16:40:56.441 - voice - ovos_dinkum_listener.service:_connect_to_bus:476 - INFO - Connected to Mycroft Core message bus
2026-02-10 16:40:59.466 - voice - ovos_dinkum_listener.service:on_alive:96 - INFO - DinkumVoiceService is alive.
2026-02-10 16:40:59.471 - voice - ovos_dinkum_listener.voice_loop.hotwords:load_hotword_engines:124 - INFO - creating hotword engines
2026-02-10 16:40:59.473 - voice - ovos_plugin_manager.wakewords:load_module:141 - INFO - Loading "wake_up" wake word via ovos-ww-plugin-vosk with config: {'module': 'ovos-ww-plugin-vosk', 'rule': 'fuzzy', 'samples': ['wake up'], 'lang': 'en-us', 'wakeup': True, 'fallback_ww': 'wake_up_pocketsphinx'}
2026-02-10 16:41:01.168 - voice - ovos_plugin_manager.wakewords:load_module:148 - INFO - Loaded the Wake Word wake_up with module ovos-ww-plugin-vosk
2026-02-10 16:41:02.545 - voice - ovos_dinkum_listener.voice_loop.hotwords:load_hotword_engines:173 - INFO - Loading hotword: wake_up with engine: <ovos_ww_plugin_vosk.VoskWakeWordPlugin object at 0x7ffedfeb1010>
2026-02-10 16:41:02.546 - voice - ovos_plugin_manager.wakewords:load_module:141 - INFO - Loading "hey_k9" wake word via ovos-ww-plugin-precise-lite with config: {'module': 'ovos-ww-plugin-precise-lite', 'model': '/home/ovos/.local/share/mycroft/hey_k9.tflite', 'listen': True, 'active': True, 'expected_duration': 3, 'trigger_level': 3, 'sensitivity': 0.5}
2026-02-10 16:41:02.555 - voice - ovos_plugin_manager.wakewords:load_module:148 - INFO - Loaded the Wake Word hey_k9 with module ovos-ww-plugin-precise-lite
2026-02-10 16:41:02.614 - voice - ovos_dinkum_listener.voice_loop.hotwords:load_hotword_engines:173 - INFO - Loading hotword: hey_k9 with engine: <ovos_ww_plugin_precise_lite.PreciseLiteHotwordPlugin object at 0x7ffec2ef4d70>
2026-02-10 16:41:02.618 - voice - ovos_dinkum_listener.voice_loop.hotwords:load_hotword_engines:217 - WARNING - No stop words loaded
2026-02-10 16:41:02.619 - voice - ovos_dinkum_listener.voice_loop.voice_loop:start:190 - INFO - Listening mode: ListeningMode.WAKEWORD
2026-02-10 16:41:02.619 - voice - ovos_dinkum_listener.voice_loop.voice_loop:start:191 - INFO - VAD pre-wake enabled: False
2026-02-10 16:41:05.621 - voice - ovos_dinkum_listener.service:on_started:100 - INFO - DinkumVoiceService started.
2026-02-10 16:41:05.622 - voice - ovos_dinkum_listener.service:on_started:100 - INFO - DinkumVoiceService started.
2026-02-10 16:41:05.623 - voice - ovos_dinkum_listener.service:on_ready:92 - INFO - DinkumVoiceService is ready.
2026-02-10 16:41:05.623 - voice - ovos_dinkum_listener.service:run:349 - INFO - Service ready
2026-02-10 16:41:05.624 - voice - ovos_dinkum_listener.voice_loop.voice_loop:run:255 - INFO - Starting loop in mode: ListeningMode.WAKEWORD
2026-02-10 16:43:09.515 - voice - ovos_dinkum_listener.service:__init__:169 - INFO - Starting Voice Service
2026-02-10 16:43:09.537 - voice - ovos_dinkum_listener.service:on_alive:96 - INFO - DinkumVoiceService is alive.
2026-02-10 16:43:09.538 - voice - ovos_dinkum_listener.service:_before_start:372 - INFO - Starting service...
2026-02-10 16:43:09.621 - voice - ovos_dinkum_listener.service:_connect_to_bus:476 - INFO - Connected to Mycroft Core message bus
2026-02-10 16:43:12.835 - voice - ovos_dinkum_listener.service:on_alive:96 - INFO - DinkumVoiceService is alive.
2026-02-10 16:43:12.839 - voice - ovos_dinkum_listener.voice_loop.hotwords:load_hotword_engines:124 - INFO - creating hotword engines
2026-02-10 16:43:12.840 - voice - ovos_plugin_manager.wakewords:load_module:141 - INFO - Loading "wake_up" wake word via ovos-ww-plugin-vosk with config: {'module': 'ovos-ww-plugin-vosk', 'rule': 'fuzzy', 'samples': ['wake up'], 'lang': 'en-us', 'wakeup': True, 'fallback_ww': 'wake_up_pocketsphinx'}
2026-02-10 16:43:15.906 - voice - ovos_plugin_manager.wakewords:load_module:148 - INFO - Loaded the Wake Word wake_up with module ovos-ww-plugin-vosk
2026-02-10 16:43:17.286 - voice - ovos_dinkum_listener.voice_loop.hotwords:load_hotword_engines:173 - INFO - Loading hotword: wake_up with engine: <ovos_ww_plugin_vosk.VoskWakeWordPlugin object at 0x7ffefd839010>
2026-02-10 16:43:17.287 - voice - ovos_plugin_manager.wakewords:load_module:141 - INFO - Loading "hey_k9" wake word via ovos-ww-plugin-precise-lite with config: {'module': 'ovos-ww-plugin-precise-lite', 'model': '/home/ovos/.local/share/mycroft/hey_k9.tflite', 'listen': True, 'active': True, 'expected_duration': 3, 'trigger_level': 3, 'sensitivity': 0.5}
2026-02-10 16:43:17.315 - voice - ovos_plugin_manager.wakewords:load_module:148 - INFO - Loaded the Wake Word hey_k9 with module ovos-ww-plugin-precise-lite
2026-02-10 16:43:17.426 - voice - ovos_dinkum_listener.voice_loop.hotwords:load_hotword_engines:173 - INFO - Loading hotword: hey_k9 with engine: <ovos_ww_plugin_precise_lite.PreciseLiteHotwordPlugin object at 0x7ffee0830ec0>
2026-02-10 16:43:17.436 - voice - ovos_dinkum_listener.voice_loop.hotwords:load_hotword_engines:217 - WARNING - No stop words loaded
2026-02-10 16:43:17.440 - voice - ovos_dinkum_listener.voice_loop.voice_loop:start:190 - INFO - Listening mode: ListeningMode.WAKEWORD
2026-02-10 16:43:17.443 - voice - ovos_dinkum_listener.voice_loop.voice_loop:start:191 - INFO - VAD pre-wake enabled: False
2026-02-10 16:46:22.987 - voice - ovos_dinkum_listener.service:on_started:100 - INFO - DinkumVoiceService started.
2026-02-10 16:46:22.988 - voice - ovos_dinkum_listener.service:on_started:100 - INFO - DinkumVoiceService started.
2026-02-10 16:46:22.989 - voice - ovos_dinkum_listener.service:on_ready:92 - INFO - DinkumVoiceService is ready.
2026-02-10 16:46:22.989 - voice - ovos_dinkum_listener.service:run:349 - INFO - Service ready
2026-02-10 16:46:22.990 - voice - ovos_dinkum_listener.voice_loop.voice_loop:run:255 - INFO - Starting loop in mode: ListeningMode.WAKEWORD
2026-02-10 16:47:17.644 - voice - ovos_dinkum_listener.service:__init__:169 - INFO - Starting Voice Service
2026-02-10 16:47:17.675 - voice - ovos_dinkum_listener.service:on_alive:96 - INFO - DinkumVoiceService is alive.
2026-02-10 16:47:17.676 - voice - ovos_dinkum_listener.service:_before_start:372 - INFO - Starting service...
2026-02-10 16:47:17.749 - voice - ovos_dinkum_listener.service:_connect_to_bus:476 - INFO - Connected to Mycroft Core message bus
2026-02-10 16:47:20.598 - voice - ovos_dinkum_listener.service:on_alive:96 - INFO - DinkumVoiceService is alive.
2026-02-10 16:47:20.601 - voice - ovos_dinkum_listener.voice_loop.hotwords:load_hotword_engines:124 - INFO - creating hotword engines
2026-02-10 16:47:20.603 - voice - ovos_plugin_manager.wakewords:load_module:141 - INFO - Loading "wake_up" wake word via ovos-ww-plugin-vosk with config: {'module': 'ovos-ww-plugin-vosk', 'rule': 'fuzzy', 'samples': ['wake up'], 'lang': 'en-us', 'wakeup': True, 'fallback_ww': 'wake_up_pocketsphinx'}
2026-02-10 16:47:20.948 - voice - ovos_microphone_plugin_alsa:_run:113 - ERROR - Failed to open microphone
Traceback (most recent call last):
  File "/home/ovos/.venv/lib/python3.13/site-packages/ovos_microphone_plugin_alsa/__init__.py", line 93, in _run
    mic_chunk_length, mic_chunk = mic.read()
                                  ~~~~~~~~^^
alsaaudio.ALSAAudioError: Input/output error [hw:0,0]
2026-02-10 16:47:22.893 - voice - ovos_plugin_manager.wakewords:load_module:148 - INFO - Loaded the Wake Word wake_up with module ovos-ww-plugin-vosk
2026-02-10 16:47:24.258 - voice - ovos_dinkum_listener.voice_loop.hotwords:load_hotword_engines:173 - INFO - Loading hotword: wake_up with engine: <ovos_ww_plugin_vosk.VoskWakeWordPlugin object at 0x7fff86701010>
2026-02-10 16:47:24.260 - voice - ovos_plugin_manager.wakewords:load_module:141 - INFO - Loading "hey_k9" wake word via ovos-ww-plugin-precise-lite with config: {'module': 'ovos-ww-plugin-precise-lite', 'model': '/home/ovos/.local/share/mycroft/hey_k9.tflite', 'listen': True, 'active': True, 'expected_duration': 3, 'trigger_level': 3, 'sensitivity': 0.5}
2026-02-10 16:47:24.272 - voice - ovos_plugin_manager.wakewords:load_module:148 - INFO - Loaded the Wake Word hey_k9 with module ovos-ww-plugin-precise-lite
2026-02-10 16:47:24.365 - voice - ovos_dinkum_listener.voice_loop.hotwords:load_hotword_engines:173 - INFO - Loading hotword: hey_k9 with engine: <ovos_ww_plugin_precise_lite.PreciseLiteHotwordPlugin object at 0x7fff69900d70>
2026-02-10 16:47:24.374 - voice - ovos_dinkum_listener.voice_loop.hotwords:load_hotword_engines:217 - WARNING - No stop words loaded
2026-02-10 16:47:24.376 - voice - ovos_dinkum_listener.voice_loop.voice_loop:start:190 - INFO - Listening mode: ListeningMode.WAKEWORD
2026-02-10 16:47:24.377 - voice - ovos_dinkum_listener.voice_loop.voice_loop:start:191 - INFO - VAD pre-wake enabled: False
2026-02-11 13:55:41.288 - voice - ovos_dinkum_listener.service:on_started:100 - INFO - DinkumVoiceService started.
2026-02-11 13:55:41.294 - voice - ovos_dinkum_listener.service:on_started:100 - INFO - DinkumVoiceService started.
2026-02-11 13:55:41.295 - voice - ovos_dinkum_listener.service:on_ready:92 - INFO - DinkumVoiceService is ready.
2026-02-11 13:55:41.295 - voice - ovos_dinkum_listener.service:run:349 - INFO - Service ready
2026-02-11 13:55:41.296 - voice - ovos_dinkum_listener.voice_loop.voice_loop:run:255 - INFO - Starting loop in mode: ListeningMode.WAKEWORD
2026-02-11 13:57:40.035 - voice - ovos_dinkum_listener.service:__init__:169 - INFO - Starting Voice Service
2026-02-11 13:57:40.058 - voice - ovos_dinkum_listener.service:on_alive:96 - INFO - DinkumVoiceService is alive.
2026-02-11 13:57:40.060 - voice - ovos_dinkum_listener.service:_before_start:372 - INFO - Starting service...
2026-02-11 13:57:40.196 - voice - ovos_dinkum_listener.service:_connect_to_bus:476 - INFO - Connected to Mycroft Core message bus
2026-02-11 13:57:43.090 - voice - ovos_dinkum_listener.service:on_alive:96 - INFO - DinkumVoiceService is alive.
2026-02-11 13:57:43.093 - voice - ovos_dinkum_listener.voice_loop.hotwords:load_hotword_engines:124 - INFO - creating hotword engines
2026-02-11 13:57:43.094 - voice - ovos_plugin_manager.wakewords:load_module:141 - INFO - Loading "wake_up" wake word via ovos-ww-plugin-vosk with config: {'module': 'ovos-ww-plugin-vosk', 'rule': 'fuzzy', 'samples': ['wake up'], 'lang': 'en-us', 'wakeup': True, 'fallback_ww': 'wake_up_pocketsphinx'}
2026-02-11 13:57:43.404 - voice - ovos_microphone_plugin_alsa:_run:113 - ERROR - Failed to open microphone
Traceback (most recent call last):
  File "/home/ovos/.venv/lib/python3.13/site-packages/ovos_microphone_plugin_alsa/__init__.py", line 93, in _run
    mic_chunk_length, mic_chunk = mic.read()
                                  ~~~~~~~~^^
alsaaudio.ALSAAudioError: Input/output error [hw:0,0]
2026-02-11 13:57:44.823 - voice - ovos_plugin_manager.wakewords:load_module:148 - INFO - Loaded the Wake Word wake_up with module ovos-ww-plugin-vosk
2026-02-11 13:57:46.055 - voice - ovos_dinkum_listener.voice_loop.hotwords:load_hotword_engines:173 - INFO - Loading hotword: wake_up with engine: <ovos_ww_plugin_vosk.VoskWakeWordPlugin object at 0x7fff6a965010>
2026-02-11 13:57:46.057 - voice - ovos_plugin_manager.wakewords:load_module:141 - INFO - Loading "hey_k9" wake word via ovos-ww-plugin-precise-lite with config: {'module': 'ovos-ww-plugin-precise-lite', 'model': '/home/ovos/.local/share/mycroft/hey_k9.tflite', 'listen': True, 'active': True, 'expected_duration': 3, 'trigger_level': 3, 'sensitivity': 0.5}
2026-02-11 13:57:46.065 - voice - ovos_plugin_manager.wakewords:load_module:148 - INFO - Loaded the Wake Word hey_k9 with module ovos-ww-plugin-precise-lite
2026-02-11 13:57:46.135 - voice - ovos_dinkum_listener.voice_loop.hotwords:load_hotword_engines:173 - INFO - Loading hotword: hey_k9 with engine: <ovos_ww_plugin_precise_lite.PreciseLiteHotwordPlugin object at 0x7fff4daa4d70>
2026-02-11 13:57:46.140 - voice - ovos_dinkum_listener.voice_loop.hotwords:load_hotword_engines:217 - WARNING - No stop words loaded
2026-02-11 13:57:46.141 - voice - ovos_dinkum_listener.voice_loop.voice_loop:start:190 - INFO - Listening mode: ListeningMode.WAKEWORD
2026-02-11 13:57:46.141 - voice - ovos_dinkum_listener.voice_loop.voice_loop:start:191 - INFO - VAD pre-wake enabled: False
2026-02-11 13:57:49.143 - voice - ovos_dinkum_listener.service:on_started:100 - INFO - DinkumVoiceService started.
2026-02-11 13:57:49.144 - voice - ovos_dinkum_listener.service:on_started:100 - INFO - DinkumVoiceService started.
2026-02-11 13:57:49.145 - voice - ovos_dinkum_listener.service:on_ready:92 - INFO - DinkumVoiceService is ready.
2026-02-11 13:57:49.145 - voice - ovos_dinkum_listener.service:run:349 - INFO - Service ready
2026-02-11 13:57:49.146 - voice - ovos_dinkum_listener.voice_loop.voice_loop:run:255 - INFO - Starting loop in mode: ListeningMode.WAKEWORD
2026-02-11 18:33:55.014 - voice - ovos_dinkum_listener.service:__init__:169 - INFO - Starting Voice Service
2026-02-11 18:33:55.030 - voice - ovos_dinkum_listener.service:on_alive:96 - INFO - DinkumVoiceService is alive.
2026-02-11 18:33:55.032 - voice - ovos_dinkum_listener.service:_before_start:372 - INFO - Starting service...
2026-02-11 18:33:59.464 - voice - ovos_dinkum_listener.service:_connect_to_bus:476 - INFO - Connected to Mycroft Core message bus
2026-02-11 18:34:01.749 - voice - ovos_dinkum_listener.service:on_alive:96 - INFO - DinkumVoiceService is alive.
2026-02-11 18:34:01.787 - voice - ovos_dinkum_listener.voice_loop.hotwords:load_hotword_engines:124 - INFO - creating hotword engines
2026-02-11 18:34:01.789 - voice - ovos_plugin_manager.wakewords:load_module:141 - INFO - Loading "wake_up" wake word via ovos-ww-plugin-vosk with config: {'module': 'ovos-ww-plugin-vosk', 'rule': 'fuzzy', 'samples': ['wake up'], 'lang': 'en-us', 'wakeup': True, 'fallback_ww': 'wake_up_pocketsphinx'}
2026-02-11 18:34:03.914 - voice - ovos_plugin_manager.wakewords:load_module:148 - INFO - Loaded the Wake Word wake_up with module ovos-ww-plugin-vosk
2026-02-11 18:34:05.047 - voice - ovos_dinkum_listener.voice_loop.hotwords:load_hotword_engines:173 - INFO - Loading hotword: wake_up with engine: <ovos_ww_plugin_vosk.VoskWakeWordPlugin object at 0x7ffee3a41160>
2026-02-11 18:34:05.049 - voice - ovos_plugin_manager.wakewords:load_module:141 - INFO - Loading "hey_k9" wake word via ovos-ww-plugin-precise-lite with config: {'module': 'ovos-ww-plugin-precise-lite', 'model': '/home/ovos/.local/share/mycroft/hey_k9.tflite', 'listen': True, 'active': True, 'expected_duration': 3, 'trigger_level': 3, 'sensitivity': 0.5}
2026-02-11 18:34:05.056 - voice - ovos_plugin_manager.wakewords:load_module:148 - INFO - Loaded the Wake Word hey_k9 with module ovos-ww-plugin-precise-lite
2026-02-11 18:34:05.125 - voice - ovos_dinkum_listener.voice_loop.hotwords:load_hotword_engines:173 - INFO - Loading hotword: hey_k9 with engine: <ovos_ww_plugin_precise_lite.PreciseLiteHotwordPlugin object at 0x7ffec6a5cd70>
2026-02-11 18:34:05.128 - voice - ovos_dinkum_listener.voice_loop.hotwords:load_hotword_engines:217 - WARNING - No stop words loaded
2026-02-11 18:34:05.129 - voice - ovos_dinkum_listener.voice_loop.voice_loop:start:190 - INFO - Listening mode: ListeningMode.WAKEWORD
2026-02-11 18:34:05.130 - voice - ovos_dinkum_listener.voice_loop.voice_loop:start:191 - INFO - VAD pre-wake enabled: False
2026-02-11 18:34:08.132 - voice - ovos_dinkum_listener.service:on_started:100 - INFO - DinkumVoiceService started.
2026-02-11 18:34:08.132 - voice - ovos_dinkum_listener.service:on_started:100 - INFO - DinkumVoiceService started.
2026-02-11 18:34:08.133 - voice - ovos_dinkum_listener.service:on_ready:92 - INFO - DinkumVoiceService is ready.
2026-02-11 18:34:08.133 - voice - ovos_dinkum_listener.service:run:349 - INFO - Service ready
2026-02-11 18:34:08.134 - voice - ovos_dinkum_listener.voice_loop.voice_loop:run:255 - INFO - Starting loop in mode: ListeningMode.WAKEWORD
2026-02-11 18:36:06.589 - voice - ovos_dinkum_listener.service:__init__:169 - INFO - Starting Voice Service
2026-02-11 18:36:06.603 - voice - ovos_dinkum_listener.service:on_alive:96 - INFO - DinkumVoiceService is alive.
2026-02-11 18:36:06.604 - voice - ovos_dinkum_listener.service:_before_start:372 - INFO - Starting service...
2026-02-11 18:36:06.829 - voice - ovos_dinkum_listener.service:_connect_to_bus:476 - INFO - Connected to Mycroft Core message bus
2026-02-11 18:36:10.389 - voice - ovos_dinkum_listener.service:on_alive:96 - INFO - DinkumVoiceService is alive.
2026-02-11 18:36:10.394 - voice - ovos_dinkum_listener.voice_loop.hotwords:load_hotword_engines:124 - INFO - creating hotword engines
2026-02-11 18:36:10.395 - voice - ovos_plugin_manager.wakewords:load_module:141 - INFO - Loading "wake_up" wake word via ovos-ww-plugin-vosk with config: {'module': 'ovos-ww-plugin-vosk', 'rule': 'fuzzy', 'samples': ['wake up'], 'lang': 'en-us', 'wakeup': True, 'fallback_ww': 'wake_up_pocketsphinx'}
2026-02-11 18:36:12.338 - voice - ovos_plugin_manager.wakewords:load_module:148 - INFO - Loaded the Wake Word wake_up with module ovos-ww-plugin-vosk
2026-02-11 18:36:14.087 - voice - ovos_dinkum_listener.voice_loop.hotwords:load_hotword_engines:173 - INFO - Loading hotword: wake_up with engine: <ovos_ww_plugin_vosk.VoskWakeWordPlugin object at 0x7ffebe795010>
2026-02-11 18:36:14.090 - voice - ovos_plugin_manager.wakewords:load_module:141 - INFO - Loading "hey_k9" wake word via ovos-ww-plugin-precise-lite with config: {'module': 'ovos-ww-plugin-precise-lite', 'model': '/home/ovos/.local/share/mycroft/hey_k9.tflite', 'listen': True, 'active': True, 'expected_duration': 3, 'trigger_level': 3, 'sensitivity': 0.5}
2026-02-11 18:36:14.119 - voice - ovos_plugin_manager.wakewords:load_module:148 - INFO - Loaded the Wake Word hey_k9 with module ovos-ww-plugin-precise-lite
2026-02-11 18:36:14.290 - voice - ovos_dinkum_listener.voice_loop.hotwords:load_hotword_engines:173 - INFO - Loading hotword: hey_k9 with engine: <ovos_ww_plugin_precise_lite.PreciseLiteHotwordPlugin object at 0x7ffea18d4d70>
2026-02-11 18:36:14.304 - voice - ovos_dinkum_listener.voice_loop.hotwords:load_hotword_engines:217 - WARNING - No stop words loaded
2026-02-11 18:36:14.317 - voice - ovos_dinkum_listener.voice_loop.voice_loop:start:190 - INFO - Listening mode: ListeningMode.WAKEWORD
2026-02-11 18:36:14.323 - voice - ovos_dinkum_listener.voice_loop.voice_loop:start:191 - INFO - VAD pre-wake enabled: False
2026-02-11 18:37:33.894 - voice - ovos_dinkum_listener.service:on_started:100 - INFO - DinkumVoiceService started.
2026-02-11 18:37:33.896 - voice - ovos_dinkum_listener.service:on_started:100 - INFO - DinkumVoiceService started.
2026-02-11 18:37:33.897 - voice - ovos_dinkum_listener.service:on_ready:92 - INFO - DinkumVoiceService is ready.
2026-02-11 18:37:33.897 - voice - ovos_dinkum_listener.service:run:349 - INFO - Service ready
2026-02-11 18:37:33.898 - voice - ovos_dinkum_listener.voice_loop.voice_loop:run:255 - INFO - Starting loop in mode: ListeningMode.WAKEWORD
2026-02-11 18:38:28.268 - voice - ovos_dinkum_listener.service:__init__:169 - INFO - Starting Voice Service
2026-02-11 18:38:28.284 - voice - ovos_dinkum_listener.service:on_alive:96 - INFO - DinkumVoiceService is alive.
2026-02-11 18:38:28.285 - voice - ovos_dinkum_listener.service:_before_start:372 - INFO - Starting service...
2026-02-11 18:51:06.492 - voice - ovos_dinkum_listener.service:_connect_to_bus:476 - INFO - Connected to Mycroft Core message bus
2026-02-11 18:51:10.955 - voice - ovos_dinkum_listener.service:on_alive:96 - INFO - DinkumVoiceService is alive.
2026-02-11 18:51:10.956 - voice - ovos_dinkum_listener.voice_loop.hotwords:load_hotword_engines:124 - INFO - creating hotword engines
2026-02-11 18:51:10.963 - voice - ovos_plugin_manager.wakewords:load_module:141 - INFO - Loading "wake_up" wake word via ovos-ww-plugin-vosk with config: {'module': 'ovos-ww-plugin-vosk', 'rule': 'fuzzy', 'samples': ['wake up'], 'lang': 'en-us', 'wakeup': True, 'fallback_ww': 'wake_up_pocketsphinx'}
2026-02-11 18:51:13.263 - voice - ovos_plugin_manager.wakewords:load_module:148 - INFO - Loaded the Wake Word wake_up with module ovos-ww-plugin-vosk
2026-02-11 18:51:14.477 - voice - ovos_dinkum_listener.voice_loop.hotwords:load_hotword_engines:173 - INFO - Loading hotword: wake_up with engine: <ovos_ww_plugin_vosk.VoskWakeWordPlugin object at 0x7ffe95079010>
2026-02-11 18:51:14.478 - voice - ovos_plugin_manager.wakewords:load_module:141 - INFO - Loading "hey_k9" wake word via ovos-ww-plugin-precise-lite with config: {'module': 'ovos-ww-plugin-precise-lite', 'model': '/home/ovos/.local/share/mycroft/hey_k9.tflite', 'listen': True, 'active': True, 'expected_duration': 3, 'trigger_level': 3, 'sensitivity': 0.5}
2026-02-11 18:51:14.485 - voice - ovos_plugin_manager.wakewords:load_module:148 - INFO - Loaded the Wake Word hey_k9 with module ovos-ww-plugin-precise-lite
2026-02-11 18:51:14.571 - voice - ovos_dinkum_listener.voice_loop.hotwords:load_hotword_engines:173 - INFO - Loading hotword: hey_k9 with engine: <ovos_ww_plugin_precise_lite.PreciseLiteHotwordPlugin object at 0x7ffe780a0d70>
2026-02-11 18:51:14.576 - voice - ovos_dinkum_listener.voice_loop.hotwords:load_hotword_engines:217 - WARNING - No stop words loaded
2026-02-11 18:51:14.579 - voice - ovos_dinkum_listener.voice_loop.voice_loop:start:190 - INFO - Listening mode: ListeningMode.WAKEWORD
2026-02-11 18:51:14.583 - voice - ovos_dinkum_listener.voice_loop.voice_loop:start:191 - INFO - VAD pre-wake enabled: False
2026-02-11 18:51:17.585 - voice - ovos_dinkum_listener.service:on_started:100 - INFO - DinkumVoiceService started.
2026-02-11 18:51:17.585 - voice - ovos_dinkum_listener.service:on_started:100 - INFO - DinkumVoiceService started.
2026-02-11 18:51:17.586 - voice - ovos_dinkum_listener.service:on_ready:92 - INFO - DinkumVoiceService is ready.
2026-02-11 18:51:17.586 - voice - ovos_dinkum_listener.service:run:349 - INFO - Service ready
2026-02-11 18:51:17.587 - voice - ovos_dinkum_listener.voice_loop.voice_loop:run:255 - INFO - Starting loop in mode: ListeningMode.WAKEWORD
2026-02-11 18:57:38.034 - voice - ovos_dinkum_listener.service:__init__:169 - INFO - Starting Voice Service
2026-02-11 18:57:38.058 - voice - ovos_dinkum_listener.service:on_alive:96 - INFO - DinkumVoiceService is alive.
2026-02-11 18:57:38.059 - voice - ovos_dinkum_listener.service:_before_start:372 - INFO - Starting service...
2026-02-11 18:57:45.769 - voice - ovos_dinkum_listener.service:_connect_to_bus:476 - INFO - Connected to Mycroft Core message bus
2026-02-11 19:11:18.999 - voice - ovos_dinkum_listener.service:on_alive:96 - INFO - DinkumVoiceService is alive.
2026-02-11 19:11:19.005 - voice - ovos_dinkum_listener.voice_loop.hotwords:load_hotword_engines:124 - INFO - creating hotword engines
2026-02-11 19:11:19.007 - voice - ovos_plugin_manager.wakewords:load_module:141 - INFO - Loading "wake_up" wake word via ovos-ww-plugin-vosk with config: {'module': 'ovos-ww-plugin-vosk', 'rule': 'fuzzy', 'samples': ['wake up'], 'lang': 'en-us', 'wakeup': True, 'fallback_ww': 'wake_up_pocketsphinx'}
2026-02-11 19:11:21.467 - voice - ovos_plugin_manager.wakewords:load_module:148 - INFO - Loaded the Wake Word wake_up with module ovos-ww-plugin-vosk
2026-02-11 19:11:22.953 - voice - ovos_dinkum_listener.voice_loop.hotwords:load_hotword_engines:173 - INFO - Loading hotword: wake_up with engine: <ovos_ww_plugin_vosk.VoskWakeWordPlugin object at 0x7ffe9d889010>
2026-02-11 19:11:22.955 - voice - ovos_plugin_manager.wakewords:load_module:141 - INFO - Loading "hey_k9" wake word via ovos-ww-plugin-precise-lite with config: {'module': 'ovos-ww-plugin-precise-lite', 'model': '/home/ovos/.local/share/mycroft/hey_k9.tflite', 'listen': True, 'active': True, 'expected_duration': 3, 'trigger_level': 3, 'sensitivity': 0.5}
2026-02-11 19:11:22.963 - voice - ovos_plugin_manager.wakewords:load_module:148 - INFO - Loaded the Wake Word hey_k9 with module ovos-ww-plugin-precise-lite
2026-02-11 19:11:23.023 - voice - ovos_dinkum_listener.voice_loop.hotwords:load_hotword_engines:173 - INFO - Loading hotword: hey_k9 with engine: <ovos_ww_plugin_precise_lite.PreciseLiteHotwordPlugin object at 0x7ffe80a04d70>
2026-02-11 19:11:23.027 - voice - ovos_dinkum_listener.voice_loop.hotwords:load_hotword_engines:217 - WARNING - No stop words loaded
2026-02-11 19:11:23.029 - voice - ovos_dinkum_listener.voice_loop.voice_loop:start:190 - INFO - Listening mode: ListeningMode.WAKEWORD
2026-02-11 19:11:23.029 - voice - ovos_dinkum_listener.voice_loop.voice_loop:start:191 - INFO - VAD pre-wake enabled: False
2026-02-11 19:11:26.032 - voice - ovos_dinkum_listener.service:on_started:100 - INFO - DinkumVoiceService started.
2026-02-11 19:11:26.032 - voice - ovos_dinkum_listener.service:on_started:100 - INFO - DinkumVoiceService started.
2026-02-11 19:11:26.033 - voice - ovos_dinkum_listener.service:on_ready:92 - INFO - DinkumVoiceService is ready.
2026-02-11 19:11:26.034 - voice - ovos_dinkum_listener.service:run:349 - INFO - Service ready
2026-02-11 19:11:26.034 - voice - ovos_dinkum_listener.voice_loop.voice_loop:run:255 - INFO - Starting loop in mode: ListeningMode.WAKEWORD
2026-02-11 19:21:31.848 - voice - ovos_dinkum_listener.service:__init__:169 - INFO - Starting Voice Service
2026-02-11 19:21:31.878 - voice - ovos_dinkum_listener.service:on_alive:96 - INFO - DinkumVoiceService is alive.
2026-02-11 19:21:31.879 - voice - ovos_dinkum_listener.service:_before_start:372 - INFO - Starting service...
2026-02-11 19:21:31.967 - voice - ovos_dinkum_listener.service:_connect_to_bus:476 - INFO - Connected to Mycroft Core message bus
2026-02-11 19:21:35.302 - voice - ovos_dinkum_listener.service:on_alive:96 - INFO - DinkumVoiceService is alive.
2026-02-11 19:21:35.306 - voice - ovos_dinkum_listener.voice_loop.hotwords:load_hotword_engines:124 - INFO - creating hotword engines
2026-02-11 19:21:35.308 - voice - ovos_plugin_manager.wakewords:load_module:141 - INFO - Loading "wake_up" wake word via ovos-ww-plugin-vosk with config: {'module': 'ovos-ww-plugin-vosk', 'rule': 'fuzzy', 'samples': ['wake up'], 'lang': 'en-us', 'wakeup': True, 'fallback_ww': 'wake_up_pocketsphinx'}
2026-02-11 19:21:36.991 - voice - ovos_plugin_manager.wakewords:load_module:148 - INFO - Loaded the Wake Word wake_up with module ovos-ww-plugin-vosk
2026-02-11 19:21:38.568 - voice - ovos_dinkum_listener.voice_loop.hotwords:load_hotword_engines:173 - INFO - Loading hotword: wake_up with engine: <ovos_ww_plugin_vosk.VoskWakeWordPlugin object at 0x7ffeeaf11010>
2026-02-11 19:21:38.569 - voice - ovos_plugin_manager.wakewords:load_module:141 - INFO - Loading "hey_k9" wake word via ovos-ww-plugin-precise-lite with config: {'module': 'ovos-ww-plugin-precise-lite', 'model': '/home/ovos/.local/share/mycroft/hey_k9.tflite', 'listen': True, 'active': True, 'expected_duration': 3, 'trigger_level': 3, 'sensitivity': 0.5}
2026-02-11 19:21:38.578 - voice - ovos_plugin_manager.wakewords:load_module:148 - INFO - Loaded the Wake Word hey_k9 with module ovos-ww-plugin-precise-lite
2026-02-11 19:21:38.789 - voice - ovos_dinkum_listener.voice_loop.hotwords:load_hotword_engines:173 - INFO - Loading hotword: hey_k9 with engine: <ovos_ww_plugin_precise_lite.PreciseLiteHotwordPlugin object at 0x7ffece044d70>
2026-02-11 19:21:38.803 - voice - ovos_dinkum_listener.voice_loop.hotwords:load_hotword_engines:217 - WARNING - No stop words loaded
2026-02-11 19:21:38.804 - voice - ovos_dinkum_listener.voice_loop.voice_loop:start:190 - INFO - Listening mode: ListeningMode.WAKEWORD
2026-02-11 19:21:38.805 - voice - ovos_dinkum_listener.voice_loop.voice_loop:start:191 - INFO - VAD pre-wake enabled: False
2026-02-12 17:20:07.524 - voice - ovos_dinkum_listener.service:on_started:100 - INFO - DinkumVoiceService started.
2026-02-12 17:20:07.526 - voice - ovos_dinkum_listener.service:on_started:100 - INFO - DinkumVoiceService started.
2026-02-12 17:20:07.527 - voice - ovos_dinkum_listener.service:on_ready:92 - INFO - DinkumVoiceService is ready.
2026-02-12 17:20:07.528 - voice - ovos_dinkum_listener.service:run:349 - INFO - Service ready
2026-02-12 17:20:07.528 - voice - ovos_dinkum_listener.voice_loop.voice_loop:run:255 - INFO - Starting loop in mode: ListeningMode.WAKEWORD
2026-02-12 17:22:07.903 - voice - ovos_dinkum_listener.service:__init__:169 - INFO - Starting Voice Service
2026-02-12 17:22:07.927 - voice - ovos_dinkum_listener.service:on_alive:96 - INFO - DinkumVoiceService is alive.
2026-02-12 17:22:07.928 - voice - ovos_dinkum_listener.service:_before_start:372 - INFO - Starting service...
2026-02-12 17:22:08.017 - voice - ovos_dinkum_listener.service:_connect_to_bus:476 - INFO - Connected to Mycroft Core message bus
2026-02-12 17:22:11.309 - voice - ovos_dinkum_listener.service:on_alive:96 - INFO - DinkumVoiceService is alive.
2026-02-12 17:22:11.314 - voice - ovos_dinkum_listener.voice_loop.hotwords:load_hotword_engines:124 - INFO - creating hotword engines
2026-02-12 17:22:11.315 - voice - ovos_plugin_manager.wakewords:load_module:141 - INFO - Loading "wake_up" wake word via ovos-ww-plugin-vosk with config: {'module': 'ovos-ww-plugin-vosk', 'rule': 'fuzzy', 'samples': ['wake up'], 'lang': 'en-us', 'wakeup': True, 'fallback_ww': 'wake_up_pocketsphinx'}
2026-02-12 17:22:13.815 - voice - ovos_plugin_manager.wakewords:load_module:148 - INFO - Loaded the Wake Word wake_up with module ovos-ww-plugin-vosk
2026-02-12 17:22:15.239 - voice - ovos_dinkum_listener.voice_loop.hotwords:load_hotword_engines:173 - INFO - Loading hotword: wake_up with engine: <ovos_ww_plugin_vosk.VoskWakeWordPlugin object at 0x7fff6b885010>
2026-02-12 17:22:15.240 - voice - ovos_plugin_manager.wakewords:load_module:141 - INFO - Loading "hey_k9" wake word via ovos-ww-plugin-precise-lite with config: {'module': 'ovos-ww-plugin-precise-lite', 'model': '/home/ovos/.local/share/mycroft/hey_k9.tflite', 'listen': True, 'active': True, 'expected_duration': 3, 'trigger_level': 3, 'sensitivity': 0.5}
2026-02-12 17:22:15.260 - voice - ovos_plugin_manager.wakewords:load_module:148 - INFO - Loaded the Wake Word hey_k9 with module ovos-ww-plugin-precise-lite
2026-02-12 17:22:15.420 - voice - ovos_dinkum_listener.voice_loop.hotwords:load_hotword_engines:173 - INFO - Loading hotword: hey_k9 with engine: <ovos_ww_plugin_precise_lite.PreciseLiteHotwordPlugin object at 0x7fff4e880d70>
2026-02-12 17:22:15.431 - voice - ovos_dinkum_listener.voice_loop.hotwords:load_hotword_engines:217 - WARNING - No stop words loaded
2026-02-12 17:22:15.432 - voice - ovos_dinkum_listener.voice_loop.voice_loop:start:190 - INFO - Listening mode: ListeningMode.WAKEWORD
2026-02-12 17:22:15.433 - voice - ovos_dinkum_listener.voice_loop.voice_loop:start:191 - INFO - VAD pre-wake enabled: False
2026-02-12 17:24:19.950 - voice - ovos_dinkum_listener.service:on_started:100 - INFO - DinkumVoiceService started.
2026-02-12 17:24:19.951 - voice - ovos_dinkum_listener.service:on_started:100 - INFO - DinkumVoiceService started.
2026-02-12 17:24:19.951 - voice - ovos_dinkum_listener.service:on_ready:92 - INFO - DinkumVoiceService is ready.
2026-02-12 17:24:19.952 - voice - ovos_dinkum_listener.service:run:349 - INFO - Service ready
2026-02-12 17:24:19.952 - voice - ovos_dinkum_listener.voice_loop.voice_loop:run:255 - INFO - Starting loop in mode: ListeningMode.WAKEWORD
2026-02-12 17:26:18.338 - voice - ovos_dinkum_listener.service:__init__:169 - INFO - Starting Voice Service
2026-02-12 17:26:18.354 - voice - ovos_dinkum_listener.service:on_alive:96 - INFO - DinkumVoiceService is alive.
2026-02-12 17:26:18.355 - voice - ovos_dinkum_listener.service:_before_start:372 - INFO - Starting service...
2026-02-12 17:26:18.463 - voice - ovos_dinkum_listener.service:_connect_to_bus:476 - INFO - Connected to Mycroft Core message bus
2026-02-12 17:26:21.968 - voice - ovos_dinkum_listener.service:on_alive:96 - INFO - DinkumVoiceService is alive.
2026-02-12 17:26:21.973 - voice - ovos_dinkum_listener.voice_loop.hotwords:load_hotword_engines:124 - INFO - creating hotword engines
2026-02-12 17:26:21.974 - voice - ovos_plugin_manager.wakewords:load_module:141 - INFO - Loading "wake_up" wake word via ovos-ww-plugin-vosk with config: {'module': 'ovos-ww-plugin-vosk', 'rule': 'fuzzy', 'samples': ['wake up'], 'lang': 'en-us', 'wakeup': True, 'fallback_ww': 'wake_up_pocketsphinx'}
2026-02-12 17:26:23.772 - voice - ovos_plugin_manager.wakewords:load_module:148 - INFO - Loaded the Wake Word wake_up with module ovos-ww-plugin-vosk
2026-02-12 17:26:25.102 - voice - ovos_dinkum_listener.voice_loop.hotwords:load_hotword_engines:173 - INFO - Loading hotword: wake_up with engine: <ovos_ww_plugin_vosk.VoskWakeWordPlugin object at 0x7ffea5a21010>
2026-02-12 17:26:25.103 - voice - ovos_plugin_manager.wakewords:load_module:141 - INFO - Loading "hey_k9" wake word via ovos-ww-plugin-precise-lite with config: {'module': 'ovos-ww-plugin-precise-lite', 'model': '/home/ovos/.local/share/mycroft/hey_k9.tflite', 'listen': True, 'active': True, 'expected_duration': 3, 'trigger_level': 3, 'sensitivity': 0.5}
2026-02-12 17:26:25.112 - voice - ovos_plugin_manager.wakewords:load_module:148 - INFO - Loaded the Wake Word hey_k9 with module ovos-ww-plugin-precise-lite
2026-02-12 17:26:25.210 - voice - ovos_dinkum_listener.voice_loop.hotwords:load_hotword_engines:173 - INFO - Loading hotword: hey_k9 with engine: <ovos_ww_plugin_precise_lite.PreciseLiteHotwordPlugin object at 0x7ffe88c68d70>
2026-02-12 17:26:25.215 - voice - ovos_dinkum_listener.voice_loop.hotwords:load_hotword_engines:217 - WARNING - No stop words loaded
2026-02-12 17:26:25.217 - voice - ovos_dinkum_listener.voice_loop.voice_loop:start:190 - INFO - Listening mode: ListeningMode.WAKEWORD
2026-02-12 17:26:25.218 - voice - ovos_dinkum_listener.voice_loop.voice_loop:start:191 - INFO - VAD pre-wake enabled: False
2026-02-12 17:26:28.220 - voice - ovos_dinkum_listener.service:on_started:100 - INFO - DinkumVoiceService started.
2026-02-12 17:26:28.221 - voice - ovos_dinkum_listener.service:on_started:100 - INFO - DinkumVoiceService started.
2026-02-12 17:26:28.221 - voice - ovos_dinkum_listener.service:on_ready:92 - INFO - DinkumVoiceService is ready.
2026-02-12 17:26:28.222 - voice - ovos_dinkum_listener.service:run:349 - INFO - Service ready
2026-02-12 17:26:28.222 - voice - ovos_dinkum_listener.voice_loop.voice_loop:run:255 - INFO - Starting loop in mode: ListeningMode.WAKEWORD
2026-02-12 19:05:40.958 - voice - ovos_dinkum_listener.service:__init__:169 - INFO - Starting Voice Service
2026-02-12 19:05:40.975 - voice - ovos_dinkum_listener.service:on_alive:96 - INFO - DinkumVoiceService is alive.
2026-02-12 19:05:40.976 - voice - ovos_dinkum_listener.service:_before_start:372 - INFO - Starting service...
2026-02-12 19:05:41.033 - voice - ovos_dinkum_listener.service:_connect_to_bus:476 - INFO - Connected to Mycroft Core message bus
2026-02-12 19:05:44.570 - voice - ovos_dinkum_listener.service:on_alive:96 - INFO - DinkumVoiceService is alive.
2026-02-12 19:05:44.575 - voice - ovos_dinkum_listener.voice_loop.hotwords:load_hotword_engines:124 - INFO - creating hotword engines
2026-02-12 19:05:44.576 - voice - ovos_plugin_manager.wakewords:load_module:141 - INFO - Loading "wake_up" wake word via ovos-ww-plugin-vosk with config: {'module': 'ovos-ww-plugin-vosk', 'rule': 'fuzzy', 'samples': ['wake up'], 'lang': 'en-us', 'wakeup': True, 'fallback_ww': 'wake_up_pocketsphinx'}
2026-02-12 19:05:46.332 - voice - ovos_plugin_manager.wakewords:load_module:148 - INFO - Loaded the Wake Word wake_up with module ovos-ww-plugin-vosk
2026-02-12 19:05:48.078 - voice - ovos_dinkum_listener.voice_loop.hotwords:load_hotword_engines:173 - INFO - Loading hotword: wake_up with engine: <ovos_ww_plugin_vosk.VoskWakeWordPlugin object at 0x7fff5f579010>
2026-02-12 19:05:48.081 - voice - ovos_plugin_manager.wakewords:load_module:141 - INFO - Loading "hey_k9" wake word via ovos-ww-plugin-precise-lite with config: {'module': 'ovos-ww-plugin-precise-lite', 'model': '/home/ovos/.local/share/mycroft/hey_k9.tflite', 'listen': True, 'active': True, 'expected_duration': 3, 'trigger_level': 3, 'sensitivity': 0.5}
2026-02-12 19:05:48.110 - voice - ovos_plugin_manager.wakewords:load_module:148 - INFO - Loaded the Wake Word hey_k9 with module ovos-ww-plugin-precise-lite
2026-02-12 19:05:48.202 - voice - ovos_dinkum_listener.voice_loop.hotwords:load_hotword_engines:173 - INFO - Loading hotword: hey_k9 with engine: <ovos_ww_plugin_precise_lite.PreciseLiteHotwordPlugin object at 0x7fff428a0d70>
2026-02-12 19:05:48.211 - voice - ovos_dinkum_listener.voice_loop.hotwords:load_hotword_engines:217 - WARNING - No stop words loaded
2026-02-12 19:05:48.215 - voice - ovos_dinkum_listener.voice_loop.voice_loop:start:190 - INFO - Listening mode: ListeningMode.WAKEWORD
2026-02-12 19:05:48.216 - voice - ovos_dinkum_listener.voice_loop.voice_loop:start:191 - INFO - VAD pre-wake enabled: False
2026-02-12 19:05:51.290 - voice - ovos_dinkum_listener.service:on_started:100 - INFO - DinkumVoiceService started.
2026-02-12 19:05:51.294 - voice - ovos_dinkum_listener.service:on_started:100 - INFO - DinkumVoiceService started.
2026-02-12 19:05:51.296 - voice - ovos_dinkum_listener.service:on_ready:92 - INFO - DinkumVoiceService is ready.
2026-02-12 19:05:51.296 - voice - ovos_dinkum_listener.service:run:349 - INFO - Service ready
2026-02-12 19:05:51.302 - voice - ovos_dinkum_listener.voice_loop.voice_loop:run:255 - INFO - Starting loop in mode: ListeningMode.WAKEWORD
2026-02-13 17:36:55.173 - voice - ovos_dinkum_listener.service:__init__:169 - INFO - Starting Voice Service
2026-02-13 17:36:55.199 - voice - ovos_dinkum_listener.service:on_alive:96 - INFO - DinkumVoiceService is alive.
2026-02-13 17:36:55.203 - voice - ovos_dinkum_listener.service:_before_start:372 - INFO - Starting service...
2026-02-13 17:36:55.284 - voice - ovos_dinkum_listener.service:_connect_to_bus:476 - INFO - Connected to Mycroft Core message bus
2026-02-13 17:36:58.714 - voice - ovos_dinkum_listener.service:on_alive:96 - INFO - DinkumVoiceService is alive.
2026-02-13 17:36:58.719 - voice - ovos_dinkum_listener.voice_loop.hotwords:load_hotword_engines:124 - INFO - creating hotword engines
2026-02-13 17:36:58.720 - voice - ovos_plugin_manager.wakewords:load_module:141 - INFO - Loading "wake_up" wake word via ovos-ww-plugin-vosk with config: {'module': 'ovos-ww-plugin-vosk', 'rule': 'fuzzy', 'samples': ['wake up'], 'lang': 'en-us', 'wakeup': True, 'fallback_ww': 'wake_up_pocketsphinx'}
2026-02-13 17:37:00.588 - voice - ovos_plugin_manager.wakewords:load_module:148 - INFO - Loaded the Wake Word wake_up with module ovos-ww-plugin-vosk
2026-02-13 17:37:02.275 - voice - ovos_dinkum_listener.voice_loop.hotwords:load_hotword_engines:173 - INFO - Loading hotword: wake_up with engine: <ovos_ww_plugin_vosk.VoskWakeWordPlugin object at 0x7ffef2889010>
2026-02-13 17:37:02.276 - voice - ovos_plugin_manager.wakewords:load_module:141 - INFO - Loading "hey_k9" wake word via ovos-ww-plugin-precise-lite with config: {'module': 'ovos-ww-plugin-precise-lite', 'model': '/home/ovos/.local/share/mycroft/hey_k9.tflite', 'listen': True, 'active': True, 'expected_duration': 3, 'trigger_level': 3, 'sensitivity': 0.5}
2026-02-13 17:37:02.284 - voice - ovos_plugin_manager.wakewords:load_module:148 - INFO - Loaded the Wake Word hey_k9 with module ovos-ww-plugin-precise-lite
2026-02-13 17:37:02.496 - voice - ovos_dinkum_listener.voice_loop.hotwords:load_hotword_engines:173 - INFO - Loading hotword: hey_k9 with engine: <ovos_ww_plugin_precise_lite.PreciseLiteHotwordPlugin object at 0x7ffed603cd70>
2026-02-13 17:37:02.505 - voice - ovos_dinkum_listener.voice_loop.hotwords:load_hotword_engines:217 - WARNING - No stop words loaded
2026-02-13 17:37:02.507 - voice - ovos_dinkum_listener.voice_loop.voice_loop:start:190 - INFO - Listening mode: ListeningMode.WAKEWORD
2026-02-13 17:37:02.507 - voice - ovos_dinkum_listener.voice_loop.voice_loop:start:191 - INFO - VAD pre-wake enabled: False
2026-02-13 18:22:38.166 - voice - ovos_dinkum_listener.service:on_started:100 - INFO - DinkumVoiceService started.
2026-02-13 18:22:38.166 - voice - ovos_dinkum_listener.service:on_started:100 - INFO - DinkumVoiceService started.
2026-02-13 18:22:38.167 - voice - ovos_dinkum_listener.service:on_ready:92 - INFO - DinkumVoiceService is ready.
2026-02-13 18:22:38.167 - voice - ovos_dinkum_listener.service:run:349 - INFO - Service ready
2026-02-13 18:22:38.168 - voice - ovos_dinkum_listener.voice_loop.voice_loop:run:255 - INFO - Starting loop in mode: ListeningMode.WAKEWORD
                                                                                                                                                                                                                                                                                                                                           2026-02-13 18:37:32.801 - voice - ovos_dinkum_listener.service:__init__:169 - INFO - Starting Voice Service
2026-02-13 18:37:32.835 - voice - ovos_dinkum_listener.service:on_alive:96 - INFO - DinkumVoiceService is alive.
2026-02-13 18:37:32.836 - voice - ovos_dinkum_listener.service:_before_start:372 - INFO - Starting service...
2026-02-13 18:37:33.001 - voice - ovos_dinkum_listener.service:_connect_to_bus:476 - INFO - Connected to Mycroft Core message bus
2026-02-13 18:37:36.244 - voice - ovos_dinkum_listener.service:on_alive:96 - INFO - DinkumVoiceService is alive.
2026-02-13 18:37:36.248 - voice - ovos_dinkum_listener.voice_loop.hotwords:load_hotword_engines:124 - INFO - creating hotword engines
2026-02-13 18:37:36.249 - voice - ovos_plugin_manager.wakewords:load_module:141 - INFO - Loading "wake_up" wake word via ovos-ww-plugin-vosk with config: {'module': 'ovos-ww-plugin-vosk', 'rule': 'fuzzy', 'samples': ['wake up'], 'lang': 'en-us', 'wakeup': True, 'fallback_ww': 'wake_up_pocketsphinx'}
2026-02-13 18:37:37.994 - voice - ovos_plugin_manager.wakewords:load_module:148 - INFO - Loaded the Wake Word wake_up with module ovos-ww-plugin-vosk
2026-02-13 18:37:39.230 - voice - ovos_dinkum_listener.voice_loop.hotwords:load_hotword_engines:173 - INFO - Loading hotword: wake_up with engine: <ovos_ww_plugin_vosk.VoskWakeWordPlugin object at 0x7fff17039010>
2026-02-13 18:37:39.231 - voice - ovos_plugin_manager.wakewords:load_module:141 - INFO - Loading "hey_k9" wake word via ovos-ww-plugin-precise-lite with config: {'module': 'ovos-ww-plugin-precise-lite', 'model': '/home/ovos/.local/share/mycroft/hey_k9.tflite', 'listen': True, 'active': True, 'expected_duration': 3, 'trigger_level': 3, 'sensitivity': 0.5}
2026-02-13 18:37:39.240 - voice - ovos_plugin_manager.wakewords:load_module:148 - INFO - Loaded the Wake Word hey_k9 with module ovos-ww-plugin-precise-lite
2026-02-13 18:37:39.309 - voice - ovos_dinkum_listener.voice_loop.hotwords:load_hotword_engines:173 - INFO - Loading hotword: hey_k9 with engine: <ovos_ww_plugin_precise_lite.PreciseLiteHotwordPlugin object at 0x7ffefa420d70>
2026-02-13 18:37:39.313 - voice - ovos_dinkum_listener.voice_loop.hotwords:load_hotword_engines:217 - WARNING - No stop words loaded
2026-02-13 18:37:39.314 - voice - ovos_dinkum_listener.voice_loop.voice_loop:start:190 - INFO - Listening mode: ListeningMode.WAKEWORD
2026-02-13 18:37:39.315 - voice - ovos_dinkum_listener.voice_loop.voice_loop:start:191 - INFO - VAD pre-wake enabled: False
2026-02-13 18:41:31.977 - voice - ovos_dinkum_listener.service:on_started:100 - INFO - DinkumVoiceService started.
2026-02-13 18:41:31.981 - voice - ovos_dinkum_listener.service:on_started:100 - INFO - DinkumVoiceService started.
2026-02-13 18:41:32.029 - voice - ovos_dinkum_listener.service:on_ready:92 - INFO - DinkumVoiceService is ready.
2026-02-13 18:41:32.029 - voice - ovos_dinkum_listener.service:run:349 - INFO - Service ready
2026-02-13 18:41:32.030 - voice - ovos_dinkum_listener.voice_loop.voice_loop:run:255 - INFO - Starting loop in mode: ListeningMode.WAKEWORD
2026-02-13 19:25:22.599 - voice - ovos_dinkum_listener.service:__init__:169 - INFO - Starting Voice Service
2026-02-13 19:25:22.626 - voice - ovos_dinkum_listener.service:on_alive:96 - INFO - DinkumVoiceService is alive.
2026-02-13 19:25:22.628 - voice - ovos_dinkum_listener.service:_before_start:372 - INFO - Starting service...
2026-02-13 19:25:22.783 - voice - ovos_dinkum_listener.service:_connect_to_bus:476 - INFO - Connected to Mycroft Core message bus
2026-02-13 19:25:25.969 - voice - ovos_dinkum_listener.service:on_alive:96 - INFO - DinkumVoiceService is alive.
2026-02-13 19:25:25.974 - voice - ovos_dinkum_listener.voice_loop.hotwords:load_hotword_engines:124 - INFO - creating hotword engines
2026-02-13 19:25:25.976 - voice - ovos_plugin_manager.wakewords:load_module:141 - INFO - Loading "wake_up" wake word via ovos-ww-plugin-vosk with config: {'module': 'ovos-ww-plugin-vosk', 'rule': 'fuzzy', 'samples': ['wake up'], 'lang': 'en-us', 'wakeup': True, 'fallback_ww': 'wake_up_pocketsphinx'}
2026-02-13 19:25:28.149 - voice - ovos_plugin_manager.wakewords:load_module:148 - INFO - Loaded the Wake Word wake_up with module ovos-ww-plugin-vosk
2026-02-13 19:25:29.674 - voice - ovos_dinkum_listener.voice_loop.hotwords:load_hotword_engines:173 - INFO - Loading hotword: wake_up with engine: <ovos_ww_plugin_vosk.VoskWakeWordPlugin object at 0x7ffeb2f55010>
2026-02-13 19:25:29.676 - voice - ovos_plugin_manager.wakewords:load_module:141 - INFO - Loading "hey_k9" wake word via ovos-ww-plugin-precise-lite with config: {'module': 'ovos-ww-plugin-precise-lite', 'model': '/home/ovos/.local/share/mycroft/hey_k9.tflite', 'listen': True, 'active': True, 'expected_duration': 3, 'trigger_level': 3, 'sensitivity': 0.5}
2026-02-13 19:25:29.692 - voice - ovos_plugin_manager.wakewords:load_module:148 - INFO - Loaded the Wake Word hey_k9 with module ovos-ww-plugin-precise-lite
2026-02-13 19:25:29.795 - voice - ovos_dinkum_listener.voice_loop.hotwords:load_hotword_engines:173 - INFO - Loading hotword: hey_k9 with engine: <ovos_ww_plugin_precise_lite.PreciseLiteHotwordPlugin object at 0x7ffe96074d70>
2026-02-13 19:25:29.802 - voice - ovos_dinkum_listener.voice_loop.hotwords:load_hotword_engines:217 - WARNING - No stop words loaded
2026-02-13 19:25:29.805 - voice - ovos_dinkum_listener.voice_loop.voice_loop:start:190 - INFO - Listening mode: ListeningMode.WAKEWORD
2026-02-13 19:25:29.807 - voice - ovos_dinkum_listener.voice_loop.voice_loop:start:191 - INFO - VAD pre-wake enabled: False
2026-02-14 13:34:00.136 - voice - ovos_dinkum_listener.service:on_started:100 - INFO - DinkumVoiceService started.
2026-02-14 13:34:00.143 - voice - ovos_dinkum_listener.service:on_started:100 - INFO - DinkumVoiceService started.
2026-02-14 13:34:00.144 - voice - ovos_dinkum_listener.service:on_ready:92 - INFO - DinkumVoiceService is ready.
2026-02-14 13:34:00.145 - voice - ovos_dinkum_listener.service:run:349 - INFO - Service ready
2026-02-14 13:34:00.145 - voice - ovos_dinkum_listener.voice_loop.voice_loop:run:255 - INFO - Starting loop in mode: ListeningMode.WAKEWORD
2026-02-14 13:38:07.571 - voice - ovos_dinkum_listener.service:__init__:169 - INFO - Starting Voice Service
2026-02-14 13:38:07.599 - voice - ovos_dinkum_listener.service:on_alive:96 - INFO - DinkumVoiceService is alive.
2026-02-14 13:38:07.600 - voice - ovos_dinkum_listener.service:_before_start:372 - INFO - Starting service...
2026-02-14 13:38:07.694 - voice - ovos_dinkum_listener.service:_connect_to_bus:476 - INFO - Connected to Mycroft Core message bus
2026-02-14 13:38:11.016 - voice - ovos_dinkum_listener.service:on_alive:96 - INFO - DinkumVoiceService is alive.
2026-02-14 13:38:11.020 - voice - ovos_dinkum_listener.voice_loop.hotwords:load_hotword_engines:124 - INFO - creating hotword engines
2026-02-14 13:38:11.021 - voice - ovos_plugin_manager.wakewords:load_module:141 - INFO - Loading "wake_up" wake word via ovos-ww-plugin-vosk with config: {'module': 'ovos-ww-plugin-vosk', 'rule': 'fuzzy', 'samples': ['wake up'], 'lang': 'en-us', 'wakeup': True, 'fallback_ww': 'wake_up_pocketsphinx'}
2026-02-14 13:38:13.527 - voice - ovos_plugin_manager.wakewords:load_module:148 - INFO - Loaded the Wake Word wake_up with module ovos-ww-plugin-vosk
2026-02-14 13:38:14.912 - voice - ovos_dinkum_listener.voice_loop.hotwords:load_hotword_engines:173 - INFO - Loading hotword: wake_up with engine: <ovos_ww_plugin_vosk.VoskWakeWordPlugin object at 0x7fff364a5010>
2026-02-14 13:38:14.918 - voice - ovos_plugin_manager.wakewords:load_module:141 - INFO - Loading "hey_k9" wake word via ovos-ww-plugin-precise-lite with config: {'module': 'ovos-ww-plugin-precise-lite', 'model': '/home/ovos/.local/share/mycroft/hey_k9.tflite', 'listen': True, 'active': True, 'expected_duration': 3, 'trigger_level': 3, 'sensitivity': 0.5}
2026-02-14 13:38:14.938 - voice - ovos_plugin_manager.wakewords:load_module:148 - INFO - Loaded the Wake Word hey_k9 with module ovos-ww-plugin-precise-lite
2026-02-14 13:38:15.082 - voice - ovos_dinkum_listener.voice_loop.hotwords:load_hotword_engines:173 - INFO - Loading hotword: hey_k9 with engine: <ovos_ww_plugin_precise_lite.PreciseLiteHotwordPlugin object at 0x7fff19cdcd70>
2026-02-14 13:38:15.093 - voice - ovos_dinkum_listener.voice_loop.hotwords:load_hotword_engines:217 - WARNING - No stop words loaded
2026-02-14 13:38:15.097 - voice - ovos_dinkum_listener.voice_loop.voice_loop:start:190 - INFO - Listening mode: ListeningMode.WAKEWORD
2026-02-14 13:38:15.099 - voice - ovos_dinkum_listener.voice_loop.voice_loop:start:191 - INFO - VAD pre-wake enabled: False
2026-02-15 15:53:23.894 - voice - ovos_dinkum_listener.service:on_started:100 - INFO - DinkumVoiceService started.
2026-02-15 15:53:23.895 - voice - ovos_dinkum_listener.service:on_started:100 - INFO - DinkumVoiceService started.
2026-02-15 15:53:23.895 - voice - ovos_dinkum_listener.service:on_ready:92 - INFO - DinkumVoiceService is ready.
2026-02-15 15:53:23.896 - voice - ovos_dinkum_listener.service:run:349 - INFO - Service ready
2026-02-15 15:53:23.897 - voice - ovos_dinkum_listener.voice_loop.voice_loop:run:255 - INFO - Starting loop in mode: ListeningMode.WAKEWORD
                                                                                                                                                                                                                                                                                                                                                                                                                                                                                                                                                                                                                                                                       2026-02-15 16:32:26.426 - voice - ovos_dinkum_listener.service:__init__:169 - INFO - Starting Voice Service
2026-02-15 16:32:26.447 - voice - ovos_dinkum_listener.service:on_alive:96 - INFO - DinkumVoiceService is alive.
2026-02-15 16:32:26.448 - voice - ovos_dinkum_listener.service:_before_start:372 - INFO - Starting service...
2026-02-15 16:32:26.537 - voice - ovos_dinkum_listener.service:_connect_to_bus:476 - INFO - Connected to Mycroft Core message bus
2026-02-15 16:32:29.793 - voice - ovos_dinkum_listener.service:on_alive:96 - INFO - DinkumVoiceService is alive.
2026-02-15 16:32:29.798 - voice - ovos_dinkum_listener.voice_loop.hotwords:load_hotword_engines:124 - INFO - creating hotword engines
2026-02-15 16:32:29.799 - voice - ovos_plugin_manager.wakewords:load_module:141 - INFO - Loading "wake_up" wake word via ovos-ww-plugin-vosk with config: {'module': 'ovos-ww-plugin-vosk', 'rule': 'fuzzy', 'samples': ['wake up'], 'lang': 'en-us', 'wakeup': True, 'fallback_ww': 'wake_up_pocketsphinx'}
2026-02-15 16:32:31.949 - voice - ovos_plugin_manager.wakewords:load_module:148 - INFO - Loaded the Wake Word wake_up with module ovos-ww-plugin-vosk
2026-02-15 16:32:33.293 - voice - ovos_dinkum_listener.voice_loop.hotwords:load_hotword_engines:173 - INFO - Loading hotword: wake_up with engine: <ovos_ww_plugin_vosk.VoskWakeWordPlugin object at 0x7ffed3531010>
2026-02-15 16:32:33.294 - voice - ovos_plugin_manager.wakewords:load_module:141 - INFO - Loading "hey_k9" wake word via ovos-ww-plugin-precise-lite with config: {'module': 'ovos-ww-plugin-precise-lite', 'model': '/home/ovos/.local/share/mycroft/hey_k9.tflite', 'listen': True, 'active': True, 'expected_duration': 3, 'trigger_level': 3, 'sensitivity': 0.5}
2026-02-15 16:32:33.307 - voice - ovos_plugin_manager.wakewords:load_module:148 - INFO - Loaded the Wake Word hey_k9 with module ovos-ww-plugin-precise-lite
2026-02-15 16:32:33.433 - voice - ovos_dinkum_listener.voice_loop.hotwords:load_hotword_engines:173 - INFO - Loading hotword: hey_k9 with engine: <ovos_ww_plugin_precise_lite.PreciseLiteHotwordPlugin object at 0x7ffeb65a4ec0>
2026-02-15 16:32:33.438 - voice - ovos_dinkum_listener.voice_loop.hotwords:load_hotword_engines:217 - WARNING - No stop words loaded
2026-02-15 16:32:33.439 - voice - ovos_dinkum_listener.voice_loop.voice_loop:start:190 - INFO - Listening mode: ListeningMode.WAKEWORD
2026-02-15 16:32:33.444 - voice - ovos_dinkum_listener.voice_loop.voice_loop:start:191 - INFO - VAD pre-wake enabled: False
2026-02-15 17:08:59.515 - voice - ovos_dinkum_listener.service:on_started:100 - INFO - DinkumVoiceService started.
2026-02-15 17:08:59.516 - voice - ovos_dinkum_listener.service:on_started:100 - INFO - DinkumVoiceService started.
2026-02-15 17:08:59.517 - voice - ovos_dinkum_listener.service:on_ready:92 - INFO - DinkumVoiceService is ready.
2026-02-15 17:08:59.525 - voice - ovos_dinkum_listener.service:run:349 - INFO - Service ready
2026-02-15 17:08:59.526 - voice - ovos_dinkum_listener.voice_loop.voice_loop:run:255 - INFO - Starting loop in mode: ListeningMode.WAKEWORD
2026-02-15 17:15:20.878 - voice - ovos_dinkum_listener.service:__init__:169 - INFO - Starting Voice Service
2026-02-15 17:15:20.906 - voice - ovos_dinkum_listener.service:on_alive:96 - INFO - DinkumVoiceService is alive.
2026-02-15 17:15:20.907 - voice - ovos_dinkum_listener.service:_before_start:372 - INFO - Starting service...
2026-02-15 17:15:20.990 - voice - ovos_dinkum_listener.service:_connect_to_bus:476 - INFO - Connected to Mycroft Core message bus
2026-02-15 17:15:24.275 - voice - ovos_dinkum_listener.service:on_alive:96 - INFO - DinkumVoiceService is alive.
2026-02-15 17:15:24.280 - voice - ovos_dinkum_listener.voice_loop.hotwords:load_hotword_engines:124 - INFO - creating hotword engines
2026-02-15 17:15:24.281 - voice - ovos_plugin_manager.wakewords:load_module:141 - INFO - Loading "wake_up" wake word via ovos-ww-plugin-vosk with config: {'module': 'ovos-ww-plugin-vosk', 'rule': 'fuzzy', 'samples': ['wake up'], 'lang': 'en-us', 'wakeup': True, 'fallback_ww': 'wake_up_pocketsphinx'}
2026-02-15 17:15:26.055 - voice - ovos_plugin_manager.wakewords:load_module:148 - INFO - Loaded the Wake Word wake_up with module ovos-ww-plugin-vosk
2026-02-15 17:15:27.417 - voice - ovos_dinkum_listener.voice_loop.hotwords:load_hotword_engines:173 - INFO - Loading hotword: wake_up with engine: <ovos_ww_plugin_vosk.VoskWakeWordPlugin object at 0x7fff7d6f5010>
2026-02-15 17:15:27.418 - voice - ovos_plugin_manager.wakewords:load_module:141 - INFO - Loading "hey_k9" wake word via ovos-ww-plugin-precise-lite with config: {'module': 'ovos-ww-plugin-precise-lite', 'model': '/home/ovos/.local/share/mycroft/hey_k9.tflite', 'listen': True, 'active': True, 'expected_duration': 3, 'trigger_level': 3, 'sensitivity': 0.5}
2026-02-15 17:15:27.426 - voice - ovos_plugin_manager.wakewords:load_module:148 - INFO - Loaded the Wake Word hey_k9 with module ovos-ww-plugin-precise-lite
2026-02-15 17:15:27.634 - voice - ovos_dinkum_listener.voice_loop.hotwords:load_hotword_engines:173 - INFO - Loading hotword: hey_k9 with engine: <ovos_ww_plugin_precise_lite.PreciseLiteHotwordPlugin object at 0x7fff60978d70>
2026-02-15 17:15:27.654 - voice - ovos_dinkum_listener.voice_loop.hotwords:load_hotword_engines:217 - WARNING - No stop words loaded
2026-02-15 17:15:27.656 - voice - ovos_dinkum_listener.voice_loop.voice_loop:start:190 - INFO - Listening mode: ListeningMode.WAKEWORD
2026-02-15 17:15:27.657 - voice - ovos_dinkum_listener.voice_loop.voice_loop:start:191 - INFO - VAD pre-wake enabled: False
2026-03-01 12:52:33.863 - voice - ovos_dinkum_listener.service:on_started:100 - INFO - DinkumVoiceService started.
2026-03-01 12:52:33.864 - voice - ovos_dinkum_listener.service:on_started:100 - INFO - DinkumVoiceService started.
2026-03-01 12:52:33.865 - voice - ovos_dinkum_listener.service:on_ready:92 - INFO - DinkumVoiceService is ready.
2026-03-01 12:52:33.865 - voice - ovos_dinkum_listener.service:run:349 - INFO - Service ready
2026-03-01 12:52:33.866 - voice - ovos_dinkum_listener.voice_loop.voice_loop:run:255 - INFO - Starting loop in mode: ListeningMode.WAKEWORD
2026-03-01 12:54:33.683 - voice - ovos_dinkum_listener.service:__init__:169 - INFO - Starting Voice Service
2026-03-01 12:54:33.704 - voice - ovos_dinkum_listener.service:on_alive:96 - INFO - DinkumVoiceService is alive.
2026-03-01 12:54:33.705 - voice - ovos_dinkum_listener.service:_before_start:372 - INFO - Starting service...
2026-03-01 12:54:33.771 - voice - ovos_dinkum_listener.service:_connect_to_bus:476 - INFO - Connected to Mycroft Core message bus
2026-03-01 12:54:36.624 - voice - ovos_dinkum_listener.service:on_alive:96 - INFO - DinkumVoiceService is alive.
2026-03-01 12:54:36.628 - voice - ovos_dinkum_listener.voice_loop.hotwords:load_hotword_engines:124 - INFO - creating hotword engines
2026-03-01 12:54:36.630 - voice - ovos_plugin_manager.wakewords:load_module:141 - INFO - Loading "wake_up" wake word via ovos-ww-plugin-vosk with config: {'module': 'ovos-ww-plugin-vosk', 'rule': 'fuzzy', 'samples': ['wake up'], 'lang': 'en-us', 'wakeup': True, 'fallback_ww': 'wake_up_pocketsphinx'}
2026-03-01 12:54:38.686 - voice - ovos_plugin_manager.wakewords:load_module:148 - INFO - Loaded the Wake Word wake_up with module ovos-ww-plugin-vosk
2026-03-012026-03-01 13:05:15.065 - voice - ovos_dinkum_listener.service:__init__:169 - INFO - Starting Voice Service
2026-03-01 13:05:15.082 - voice - ovos_dinkum_listener.service:on_alive:96 - INFO - DinkumVoiceService is alive.
2026-03-01 13:05:15.083 - voice - ovos_dinkum_listener.service:_before_start:372 - INFO - Starting service...
2026-03-01 13:05:15.158 - voice - ovos_dinkum_listener.service:_connect_to_bus:476 - INFO - Connected to Mycroft Core message bus
2026-03-01 13:05:18.316 - voice - ovos_dinkum_listener.service:on_alive:96 - INFO - DinkumVoiceService is alive.
2026-03-01 13:05:18.320 - voice - ovos_dinkum_listener.voice_loop.hotwords:load_hotword_engines:124 - INFO - creating hotword engines
2026-03-01 13:05:18.322 - voice - ovos_plugin_manager.wakewords:load_module:141 - INFO - Loading "wake_up" wake word via ovos-ww-plugin-vosk with config: {'module': 'ovos-ww-plugin-vosk', 'rule': 'fuzzy', 'samples': ['wake up'], 'lang': 'en-us', 'wakeup': True, 'fallback_ww': 'wake_up_pocketsphinx'}
2026-03-01 13:05:20.501 - voice - ovos_plugin_manager.wakewords:load_module:148 - INFO - Loaded the Wake Word wake_up with module ovos-ww-plugin-vosk
2026-03-01 13:05:21.765 - voice - ovos_dinkum_listener.voice_loop.hotwords:load_hotword_engines:173 - INFO - Loading hotword: wake_up with engine: <ovos_ww_plugin_vosk.VoskWakeWordPlugin object at 0x7fff0bfb5010>
2026-03-01 13:05:21.768 - voice - ovos_plugin_manager.wakewords:load_module:141 - INFO - Loading "hey_k9" wake word via ovos-ww-plugin-precise-lite with config: {'module': 'ovos-ww-plugin-precise-lite', 'model': '/home/ovos/.local/share/mycroft/hey_k9.tflite', 'listen': True, 'active': True, 'expected_duration': 3, 'trigger_level': 3, 'sensitivity': 0.5}
2026-03-01 13:05:21.776 - voice - ovos_plugin_manager.wakewords:load_module:148 - INFO - Loaded the Wake Word hey_k9 with module ovos-ww-plugin-precise-lite
2026-03-01 13:05:21.878 - voice - ovos_dinkum_listener.voice_loop.hotwords:load_hotword_engines:173 - INFO - Loading hotword: hey_k9 with engine: <ovos_ww_plugin_precise_lite.PreciseLiteHotwordPlugin object at 0x7ffeeeffcd70>
2026-03-01 13:05:21.883 - voice - ovos_dinkum_listener.voice_loop.hotwords:load_hotword_engines:217 - WARNING - No stop words loaded
2026-03-01 13:05:21.884 - voice - ovos_dinkum_listener.voice_loop.voice_loop:start:190 - INFO - Listening mode: ListeningMode.WAKEWORD
2026-03-01 13:05:21.885 - voice - ovos_dinkum_listener.voice_loop.voice_loop:start:191 - INFO - VAD pre-wake enabled: False
2026-03-01 13:06:25.879 - voice - ovos_dinkum_listener.service:on_started:100 - INFO - DinkumVoiceService started.
2026-03-01 13:06:25.880 - voice - ovos_dinkum_listener.service:on_started:100 - INFO - DinkumVoiceService started.
2026-03-01 13:06:25.882 - voice - ovos_dinkum_listener.service:on_ready:92 - INFO - DinkumVoiceService is ready.
2026-03-01 13:06:25.882 - voice - ovos_dinkum_listener.service:run:349 - INFO - Service ready
2026-03-01 13:06:25.883 - voice - ovos_dinkum_listener.voice_loop.voice_loop:run:255 - INFO - Starting loop in mode: ListeningMode.WAKEWORD
                                                                                                                                                                                                                                                                                                                                                                                                                                                                                                                                                                                                                                                                                                                                                                                                                                                                                                                                                          2026-03-01 13:06:55.726 - voice - ovos_dinkum_listener.service:__init__:169 - INFO - Starting Voice Service
2026-03-01 13:06:55.744 - voice - ovos_dinkum_listener.service:on_alive:96 - INFO - DinkumVoiceService is alive.
2026-03-01 13:06:55.745 - voice - ovos_dinkum_listener.service:_before_start:372 - INFO - Starting service...
2026-03-01 13:07:00.449 - voice - ovos_dinkum_listener.service:_connect_to_bus:476 - INFO - Connected to Mycroft Core message bus
2026-03-01 13:11:44.928 - voice - ovos_dinkum_listener.service:on_alive:96 - INFO - DinkumVoiceService is alive.
2026-03-01 13:11:44.929 - voice - ovos_dinkum_listener.voice_loop.hotwords:load_hotword_engines:124 - INFO - creating hotword engines
2026-03-01 13:11:44.936 - voice - ovos_plugin_manager.wakewords:load_module:141 - INFO - Loading "wake_up" wake word via ovos-ww-plugin-vosk with config: {'module': 'ovos-ww-plugin-vosk', 'rule': 'fuzzy', 'samples': ['wake up'], 'lang': 'en-us', 'wakeup': True, 'fallback_ww': 'wake_up_pocketsphinx'}
2026-03-01 13:11:47.587 - voice - ovos_plugin_manager.wakewords:load_module:148 - INFO - Loaded the Wake Word wake_up with module ovos-ww-plugin-vosk
2026-03-01 13:11:48.742 - voice - ovos_dinkum_listener.voice_loop.hotwords:load_hotword_engines:173 - INFO - Loading hotword: wake_up with engine: <ovos_ww_plugin_vosk.VoskWakeWordPlugin object at 0x7fff3afa5160>
2026-03-01 13:11:48.744 - voice - ovos_plugin_manager.wakewords:load_module:141 - INFO - Loading "hey_k9" wake word via ovos-ww-plugin-precise-lite with config: {'module': 'ovos-ww-plugin-precise-lite', 'model': '/home/ovos/.local/share/mycroft/hey_k9.tflite', 'listen': True, 'active': True, 'expected_duration': 3, 'trigger_level': 3, 'sensitivity': 0.5}
2026-03-01 13:11:48.751 - voice - ovos_plugin_manager.wakewords:load_module:148 - INFO - Loaded the Wake Word hey_k9 with module ovos-ww-plugin-precise-lite
2026-03-01 13:11:48.814 - voice - ovos_dinkum_listener.voice_loop.hotwords:load_hotword_engines:173 - INFO - Loading hotword: hey_k9 with engine: <ovos_ww_plugin_precise_lite.PreciseLiteHotwordPlugin object at 0x7fff1e184d70>
2026-03-01 13:11:48.818 - voice - ovos_dinkum_listener.voice_loop.hotwords:load_hotword_engines:217 - WARNING - No stop words loaded
2026-03-01 13:11:48.819 - voice - ovos_dinkum_listener.voice_loop.voice_loop:start:190 - INFO - Listening mode: ListeningMode.WAKEWORD
2026-03-01 13:11:48.819 - voice - ovos_dinkum_listener.voice_loop.voice_loop:start:191 - INFO - VAD pre-wake enabled: False
2026-03-01 13:11:51.822 - voice - ovos_dinkum_listener.service:on_started:100 - INFO - DinkumVoiceService started.
2026-03-01 13:11:51.823 - voice - ovos_dinkum_listener.service:on_started:100 - INFO - DinkumVoiceService started.
2026-03-01 13:11:51.824 - voice - ovos_dinkum_listener.service:on_ready:92 - INFO - DinkumVoiceService is ready.
2026-03-01 13:11:51.824 - voice - ovos_dinkum_listener.service:run:349 - INFO - Service ready
2026-03-01 13:11:51.825 - voice - ovos_dinkum_listener.voice_loop.voice_loop:run:255 - INFO - Starting loop in mode: ListeningMode.WAKEWORD
2026-03-01 13:13:45.693 - voice - ovos_dinkum_listener.service:__init__:169 - INFO - Starting Voice Service
2026-03-01 13:13:45.719 - voice - ovos_dinkum_listener.service:on_alive:96 - INFO - DinkumVoiceService is alive.
2026-03-01 13:13:45.720 - voice - ovos_dinkum_listener.service:_before_start:372 - INFO - Starting service...
2026-03-01 13:13:45.788 - voice - ovos_dinkum_listener.service:_connect_to_bus:476 - INFO - Connected to Mycroft Core message bus
2026-03-01 13:13:49.051 - voice - ovos_dinkum_listener.service:on_alive:96 - INFO - DinkumVoiceService is alive.
2026-03-01 13:13:49.055 - voice - ovos_dinkum_listener.voice_loop.hotwords:load_hotword_engines:124 - INFO - creating hotword engines
2026-03-01 13:13:49.057 - voice - ovos_plugin_manager.wakewords:load_module:141 - INFO - Loading "wake_up" wake word via ovos-ww-plugin-vosk with config: {'module': 'ovos-ww-plugin-vosk', 'rule': 'fuzzy', 'samples': ['wake up'], 'lang': 'en-us', 'wakeup': True, 'fallback_ww': 'wake_up_pocketsphinx'}
2026-03-01 13:13:51.007 - voice - ovos_plugin_manager.wakewords:load_module:148 - INFO - Loaded the Wake Word wake_up with module ovos-ww-plugin-vosk
2026-03-01 13:13:52.371 - voice - ovos_dinkum_listener.voice_loop.hotwords:load_hotword_engines:173 - INFO - Loading hotword: wake_up with engine: <ovos_ww_plugin_vosk.VoskWakeWordPlugin object at 0x7ffeda301010>
2026-03-01 13:13:52.373 - voice - ovos_plugin_manager.wakewords:load_module:141 - INFO - Loading "hey_k9" wake word via ovos-ww-plugin-precise-lite with config: {'module': 'ovos-ww-plugin-precise-lite', 'model': '/home/ovos/.local/share/mycroft/hey_k9.tflite', 'listen': True, 'active': True, 'expected_duration': 3, 'trigger_level': 3, 'sensitivity': 0.5}
2026-03-01 13:13:52.386 - voice - ovos_plugin_manager.wakewords:load_module:148 - INFO - Loaded the Wake Word hey_k9 with module ovos-ww-plugin-precise-lite
2026-03-01 13:13:52.539 - voice - ovos_dinkum_listener.voice_loop.hotwords:load_hotword_engines:173 - INFO - Loading hotword: hey_k9 with engine: <ovos_ww_plugin_precise_lite.PreciseLiteHotwordPlugin object at 0x7ffeb93a8d70>
2026-03-01 13:13:52.544 - voice - ovos_dinkum_listener.voice_loop.hotwords:load_hotword_engines:217 - WARNING - No stop words loaded
2026-03-01 13:13:52.545 - voice - ovos_dinkum_listener.voice_loop.voice_loop:start:190 - INFO - Listening mode: ListeningMode.WAKEWORD
2026-03-01 13:13:52.546 - voice - ovos_dinkum_listener.voice_loop.voice_loop:start:191 - INFO - VAD pre-wake enabled: False
2026-03-02 09:19:25.099 - voice - ovos_dinkum_listener.service:on_started:100 - INFO - DinkumVoiceService started.
2026-03-02 09:19:25.100 - voice - ovos_dinkum_listener.service:on_started:100 - INFO - DinkumVoiceService started.
2026-03-02 09:19:25.101 - voice - ovos_dinkum_listener.service:on_ready:92 - INFO - DinkumVoiceService is ready.
2026-03-02 09:19:25.101 - voice - ovos_dinkum_listener.service:run:349 - INFO - Service ready
2026-03-02 09:19:25.101 - voice - ovos_dinkum_listener.voice_loop.voice_loop:run:255 - INFO - Starting loop in mode: ListeningMode.WAKEWORD
2026-03-02 09:21:23.293 - voice - ovos_dinkum_listener.service:__init__:169 - INFO - Starting Voice Service
2026-03-02 09:21:23.319 - voice - ovos_dinkum_listener.service:on_alive:96 - INFO - DinkumVoiceService is alive.
2026-03-02 09:21:23.320 - voice - ovos_dinkum_listener.service:_before_start:372 - INFO - Starting service...
2026-03-02 09:21:23.360 - voice - ovos_dinkum_listener.service:_connect_to_bus:476 - INFO - Connected to Mycroft Core message bus
2026-03-02 09:21:27.458 - voice - ovos_dinkum_listener.service:on_alive:96 - INFO - DinkumVoiceService is alive.
2026-03-02 09:21:27.462 - voice - ovos_dinkum_listener.voice_loop.hotwords:load_hotword_engines:124 - INFO - creating hotword engines
2026-03-02 09:21:27.480 - voice - ovos_plugin_manager.wakewords:load_module:141 - INFO - Loading "wake_up" wake word via ovos-ww-plugin-vosk with config: {'module': 'ovos-ww-plugin-vosk', 'rule': 'fuzzy', 'samples': ['wake up'], 'lang': 'en-us', 'wakeup': True, 'fallback_ww': 'wake_up_pocketsphinx'}
2026-03-02 09:21:29.501 - voice - ovos_plugin_manager.wakewords:load_module:148 - INFO - Loaded the Wake Word wake_up with module ovos-ww-plugin-vosk
2026-03-02 09:21:30.973 - voice - ovos_dinkum_listener.voice_loop.hotwords:load_hotword_engines:173 - INFO - Loading hotword: wake_up with engine: <ovos_ww_plugin_vosk.VoskWakeWordPlugin object at 0x7fff5c2e5010>
2026-03-02 09:21:30.975 - voice - ovos_plugin_manager.wakewords:load_module:141 - INFO - Loading "hey_k9" wake word via ovos-ww-plugin-precise-lite with config: {'module': 'ovos-ww-plugin-precise-lite', 'model': '/home/ovos/.local/share/mycroft/hey_k9.tflite', 'listen': True, 'active': True, 'expected_duration': 3, 'trigger_level': 3, 'sensitivity': 0.5}
2026-03-02 09:21:30.994 - voice - ovos_plugin_manager.wakewords:load_module:148 - INFO - Loaded the Wake Word hey_k9 with module ovos-ww-plugin-precise-lite
2026-03-02 09:21:31.138 - voice - ovos_dinkum_listener.voice_loop.hotwords:load_hotword_engines:173 - INFO - Loading hotword: hey_k9 with engine: <ovos_ww_plugin_precise_lite.PreciseLiteHotwordPlugin object at 0x7fff2ff58ec0>
2026-03-02 09:21:31.147 - voice - ovos_dinkum_listener.voice_loop.hotwords:load_hotword_engines:217 - WARNING - No stop words loaded
2026-03-02 09:21:31.153 - voice - ovos_dinkum_listener.voice_loop.voice_loop:start:190 - INFO - Listening mode: ListeningMode.WAKEWORD
2026-03-02 09:21:31.155 - voice - ovos_dinkum_listener.voice_loop.voice_loop:start:191 - INFO - VAD pre-wake enabled: False
2026-03-02 09:21:34.162 - voice - ovos_dinkum_listener.service:on_started:100 - INFO - DinkumVoiceService started.
2026-03-02 09:21:34.163 - voice - ovos_dinkum_listener.service:on_started:100 - INFO - DinkumVoiceService started.
2026-03-02 09:21:34.164 - voice - ovos_dinkum_listener.service:on_ready:92 - INFO - DinkumVoiceService is ready.
2026-03-02 09:21:34.164 - voice - ovos_dinkum_listener.service:run:349 - INFO - Service ready
2026-03-02 09:21:34.165 - voice - ovos_dinkum_listener.voice_loop.voice_loop:run:255 - INFO - Starting loop in mode: ListeningMode.WAKEWORD
2026-03-02 13:26:39.367 - voice - ovos_dinkum_listener.service:__init__:169 - INFO - Starting Voice Service
2026-03-02 13:26:39.401 - voice - ovos_dinkum_listener.service:on_alive:96 - INFO - DinkumVoiceService is alive.
2026-03-02 13:26:39.402 - voice - ovos_dinkum_listener.service:_before_start:372 - INFO - Starting service...
2026-03-02 13:26:39.441 - voice - ovos_dinkum_listener.service:_connect_to_bus:476 - INFO - Connected to Mycroft Core message bus
2026-03-02 13:26:43.394 - voice - ovos_dinkum_listener.service:on_alive:96 - INFO - DinkumVoiceService is alive.
2026-03-02 13:26:43.399 - voice - ovos_dinkum_listener.voice_loop.hotwords:load_hotword_engines:124 - INFO - creating hotword engines
2026-03-02 13:26:43.400 - voice - ovos_plugin_manager.wakewords:load_module:141 - INFO - Loading "wake_up" wake word via ovos-ww-plugin-vosk with config: {'module': 'ovos-ww-plugin-vosk', 'rule': 'fuzzy', 'samples': ['wake up'], 'lang': 'en-us', 'wakeup': True, 'fallback_ww': 'wake_up_pocketsphinx'}
2026-03-02 13:26:45.594 - voice - ovos_plugin_manager.wakewords:load_module:148 - INFO - Loaded the Wake Word wake_up with module ovos-ww-plugin-vosk
2026-03-02 13:26:47.187 - voice - ovos_dinkum_listener.voice_loop.hotwords:load_hotword_engines:173 - INFO - Loading hotword: wake_up with engine: <ovos_ww_plugin_vosk.VoskWakeWordPlugin object at 0x7ffeae665010>
2026-03-02 13:26:47.189 - voice - ovos_plugin_manager.wakewords:load_module:141 - INFO - Loading "hey_k9" wake word via ovos-ww-plugin-precise-lite with config: {'module': 'ovos-ww-plugin-precise-lite', 'model': '/home/ovos/.local/share/mycroft/hey_k9.tflite', 'listen': True, 'active': True, 'expected_duration': 3, 'trigger_level': 3, 'sensitivity': 0.5}
2026-03-02 13:26:47.203 - voice - ovos_plugin_manager.wakewords:load_module:148 - INFO - Loaded the Wake Word hey_k9 with module ovos-ww-plugin-precise-lite
2026-03-02 13:26:47.287 - voice - ovos_dinkum_listener.voice_loop.hotwords:load_hotword_engines:173 - INFO - Loading hotword: hey_k9 with engine: <ovos_ww_plugin_precise_lite.PreciseLiteHotwordPlugin object at 0x7ffe916a0d70>
2026-03-02 13:26:47.292 - voice - ovos_dinkum_listener.voice_loop.hotwords:load_hotword_engines:217 - WARNING - No stop words loaded
2026-03-02 13:26:47.297 - voice - ovos_dinkum_listener.voice_loop.voice_loop:start:190 - INFO - Listening mode: ListeningMode.WAKEWORD
2026-03-02 13:26:47.298 - voice - ovos_dinkum_listener.voice_loop.voice_loop:start:191 - INFO - VAD pre-wake enabled: False
2026-03-02 13:26:50.302 - voice - ovos_dinkum_listener.service:on_started:100 - INFO - DinkumVoiceService started.
2026-03-02 13:26:50.302 - voice - ovos_dinkum_listener.service:on_started:100 - INFO - DinkumVoiceService started.
2026-03-02 13:26:50.303 - voice - ovos_dinkum_listener.service:on_ready:92 - INFO - DinkumVoiceService is ready.
2026-03-02 13:26:50.303 - voice - ovos_dinkum_listener.service:run:349 - INFO - Service ready
2026-03-02 13:26:50.304 - voice - ovos_dinkum_listener.voice_loop.voice_loop:run:255 - INFO - Starting loop in mode: ListeningMode.WAKEWORD
2026-03-02 14:13:22.967 - voice - ovos_dinkum_listener.service:__init__:169 - INFO - Starting Voice Service
2026-03-02 14:13:22.994 - voice - ovos_dinkum_listener.service:on_alive:96 - INFO - DinkumVoiceService is alive.
2026-03-02 14:13:22.995 - voice - ovos_dinkum_listener.service:_before_start:372 - INFO - Starting service...
2026-03-02 14:13:23.033 - voice - ovos_dinkum_listener.service:_connect_to_bus:476 - INFO - Connected to Mycroft Core message bus
2026-03-02 14:13:26.663 - voice - ovos_dinkum_listener.service:on_alive:96 - INFO - DinkumVoiceService is alive.
2026-03-02 14:13:26.664 - voice - ovos_dinkum_listener.voice_loop.hotwords:load_hotword_engines:124 - INFO - creating hotword engines
2026-03-02 14:13:26.671 - voice - ovos_plugin_manager.wakewords:load_module:141 - INFO - Loading "wake_up" wake word via ovos-ww-plugin-vosk with config: {'module': 'ovos-ww-plugin-vosk', 'rule': 'fuzzy', 'samples': ['wake up'], 'lang': 'en-us', 'wakeup': True, 'fallback_ww': 'wake_up_pocketsphinx'}
2026-03-02 14:13:28.621 - voice - ovos_plugin_manager.wakewords:load_module:148 - INFO - Loaded the Wake Word wake_up with module ovos-ww-plugin-vosk
2026-03-02 14:13:30.158 - voice - ovos_dinkum_listener.voice_loop.hotwords:load_hotword_engines:173 - INFO - Loading hotword: wake_up with engine: <ovos_ww_plugin_vosk.VoskWakeWordPlugin object at 0x7ffee3aa5010>
2026-03-02 14:13:30.159 - voice - ovos_plugin_manager.wakewords:load_module:141 - INFO - Loading "hey_k9" wake word via ovos-ww-plugin-precise-lite with config: {'module': 'ovos-ww-plugin-precise-lite', 'model': '/home/ovos/.local/share/mycroft/hey_k9.tflite', 'listen': True, 'active': True, 'expected_duration': 3, 'trigger_level': 3, 'sensitivity': 0.5}
2026-03-02 14:13:30.167 - voice - ovos_plugin_manager.wakewords:load_module:148 - INFO - Loaded the Wake Word hey_k9 with module ovos-ww-plugin-precise-lite
2026-03-02 14:13:30.313 - voice - ovos_dinkum_listener.voice_loop.hotwords:load_hotword_engines:173 - INFO - Loading hotword: hey_k9 with engine: <ovos_ww_plugin_precise_lite.PreciseLiteHotwordPlugin object at 0x7ffec70c0d70>
2026-03-02 14:13:30.327 - voice - ovos_dinkum_listener.voice_loop.hotwords:load_hotword_engines:217 - WARNING - No stop words loaded
2026-03-02 14:13:30.328 - voice - ovos_dinkum_listener.voice_loop.voice_loop:start:190 - INFO - Listening mode: ListeningMode.WAKEWORD
2026-03-02 14:13:30.329 - voice - ovos_dinkum_listener.voice_loop.voice_loop:start:191 - INFO - VAD pre-wake enabled: False
2026-03-02 14:13:33.331 - voice - ovos_dinkum_listener.service:on_started:100 - INFO - DinkumVoiceService started.
2026-03-02 14:13:33.332 - voice - ovos_dinkum_listener.service:on_started:100 - INFO - DinkumVoiceService started.
2026-03-02 14:13:33.333 - voice - ovos_dinkum_listener.service:on_ready:92 - INFO - DinkumVoiceService is ready.
2026-03-02 14:13:33.333 - voice - ovos_dinkum_listener.service:run:349 - INFO - Service ready
2026-03-02 14:13:33.334 - voice - ovos_dinkum_listener.voice_loop.voice_loop:run:255 - INFO - Starting loop in mode: ListeningMode.WAKEWORD
2026-03-02 17:18:05.568 - voice - ovos_dinkum_listener.service:__init__:169 - INFO - Starting Voice Service
2026-03-02 17:18:05.598 - voice - ovos_dinkum_listener.service:on_alive:96 - INFO - DinkumVoiceService is alive.
2026-03-02 17:18:05.602 - voice - ovos_dinkum_listener.service:_before_start:372 - INFO - Starting service...
2026-03-02 17:18:05.666 - voice - ovos_dinkum_listener.service:_connect_to_bus:476 - INFO - Connected to Mycroft Core message bus
2026-03-02 17:18:08.616 - voice - ovos_dinkum_listener.service:on_alive:96 - INFO - DinkumVoiceService is alive.
2026-03-02 17:18:08.617 - voice - ovos_dinkum_listener.voice_loop.hotwords:load_hotword_engines:124 - INFO - creating hotword engines
2026-03-02 17:18:08.619 - voice - ovos_microphone_plugin_alsa:_run:113 - ERROR - Failed to open microphone
Traceback (most recent call last):
  File "/home/ovos/.venv/lib/python3.13/site-packages/ovos_microphone_plugin_alsa/__init__.py", line 78, in _run
    mic = alsaaudio.PCM(
        type=alsaaudio.PCM_CAPTURE,
    ...<6 lines>...
        periodsize=self.period_size,
    )
alsaaudio.ALSAAudioError: No such file or directory [hw:0,0]
2026-03-02 17:18:08.620 - voice - ovos_plugin_manager.wakewords:load_module:141 - INFO - Loading "wake_up" wake word via ovos-ww-plugin-vosk with config: {'module': 'ovos-ww-plugin-vosk', 'rule': 'fuzzy', 'samples': ['wake up'], 'lang': 'en-us', 'wakeup': True, 'fallback_ww': 'wake_up_pocketsphinx'}
2026-03-02 17:19:14.999 - voice - ovos_plugin_manager.wakewords:load_module:148 - INFO - Loaded the Wake Word wake_up with module ovos-ww-plugin-vosk
2026-03-02 17:19:16.302 - voice - ovos_dinkum_listener.voice_loop.hotwords:load_hotword_engines:173 - INFO - Loading hotword: wake_up with engine: <ovos_ww_plugin_vosk.VoskWakeWordPlugin object at 0x7fff42385010>
2026-03-02 17:19:16.303 - voice - ovos_plugin_manager.wakewords:load_module:141 - INFO - Loading "hey_k9" wake word via ovos-ww-plugin-precise-lite with config: {'module': 'ovos-ww-plugin-precise-lite', 'model': '/home/ovos/.local/share/mycroft/hey_k9.tflite', 'listen': True, 'active': True, 'expected_duration': 3, 'trigger_level': 3, 'sensitivity': 0.5}
2026-03-02 17:19:16.314 - voice - ovos_plugin_manager.wakewords:load_module:148 - INFO - Loaded the Wake Word hey_k9 with module ovos-ww-plugin-precise-lite
2026-03-02 17:19:16.395 - voice - ovos_dinkum_listener.voice_loop.hotwords:load_hotword_engines:173 - INFO - Loading hotword: hey_k9 with engine: <ovos_ww_plugin_precise_lite.PreciseLiteHotwordPlugin object at 0x7fff253fcec0>
2026-03-02 17:19:16.402 - voice - ovos_dinkum_listener.voice_loop.hotwords:load_hotword_engines:217 - WARNING - No stop words loaded
2026-03-02 17:19:16.403 - voice - ovos_dinkum_listener.voice_loop.voice_loop:start:190 - INFO - Listening mode: ListeningMode.WAKEWORD
2026-03-02 17:19:16.404 - voice - ovos_dinkum_listener.voice_loop.voice_loop:start:191 - INFO - VAD pre-wake enabled: False
2026-03-02 17:19:19.430 - voice - ovos_dinkum_listener.service:on_started:100 - INFO - DinkumVoiceService started.
2026-03-02 17:19:19.431 - voice - ovos_dinkum_listener.service:on_started:100 - INFO - DinkumVoiceService started.
2026-03-02 17:19:19.439 - voice - ovos_dinkum_listener.service:on_ready:92 - INFO - DinkumVoiceService is ready.
2026-03-02 17:19:19.439 - voice - ovos_dinkum_listener.service:run:349 - INFO - Service ready
2026-03-02 17:19:19.440 - voice - ovos_dinkum_listener.voice_loop.voice_loop:run:255 - INFO - Starting loop in mode: ListeningMode.WAKEWORD
2026-03-02 17:21:12.876 - voice - ovos_dinkum_listener.service:__init__:169 - INFO - Starting Voice Service
2026-03-02 17:21:12.914 - voice - ovos_dinkum_listener.service:on_alive:96 - INFO - DinkumVoiceService is alive.
2026-03-02 17:21:12.915 - voice - ovos_dinkum_listener.service:_before_start:372 - INFO - Starting service...
2026-03-02 17:21:25.005 - voice - ovos_dinkum_listener.service:_connect_to_bus:476 - INFO - Connected to Mycroft Core message bus
2026-03-02 17:21:26.811 - voice - ovos_dinkum_listener.service:on_alive:96 - INFO - DinkumVoiceService is alive.
2026-03-02 17:21:26.815 - voice - ovos_dinkum_listener.voice_loop.hotwords:load_hotword_engines:124 - INFO - creating hotword engines
2026-03-02 17:21:26.817 - voice - ovos_plugin_manager.wakewords:load_module:141 - INFO - Loading "wake_up" wake word via ovos-ww-plugin-vosk with config: {'module': 'ovos-ww-plugin-vosk', 'rule': 'fuzzy', 'samples': ['wake up'], 'lang': 'en-us', 'wakeup': True, 'fallback_ww': 'wake_up_pocketsphinx'}
2026-03-02 17:21:28.247 - voice - ovos_plugin_manager.wakewords:load_module:148 - INFO - Loaded the Wake Word wake_up with module ovos-ww-plugin-vosk
2026-03-02 17:21:29.337 - voice - ovos_dinkum_listener.voice_loop.hotwords:load_hotword_engines:173 - INFO - Loading hotword: wake_up with engine: <ovos_ww_plugin_vosk.VoskWakeWordPlugin object at 0x7ffee7349010>
2026-03-02 17:21:29.338 - voice - ovos_plugin_manager.wakewords:load_module:141 - INFO - Loading "hey_k9" wake word via ovos-ww-plugin-precise-lite with config: {'module': 'ovos-ww-plugin-precise-lite', 'model': '/home/ovos/.local/share/mycroft/hey_k9.tflite', 'listen': True, 'active': True, 'expected_duration': 3, 'trigger_level': 3, 'sensitivity': 0.5}
2026-03-02 17:21:29.346 - voice - ovos_plugin_manager.wakewords:load_module:148 - INFO - Loaded the Wake Word hey_k9 with module ovos-ww-plugin-precise-lite
2026-03-02 17:21:29.409 - voice - ovos_dinkum_listener.voice_loop.hotwords:load_hotword_engines:173 - INFO - Loading hotword: hey_k9 with engine: <ovos_ww_plugin_precise_lite.PreciseLiteHotwordPlugin object at 0x7ffeca3bcd70>
2026-03-02 17:21:29.413 - voice - ovos_dinkum_listener.voice_loop.hotwords:load_hotword_engines:217 - WARNING - No stop words loaded
2026-03-02 17:21:29.414 - voice - ovos_dinkum_listener.voice_loop.voice_loop:start:190 - INFO - Listening mode: ListeningMode.WAKEWORD
2026-03-02 17:21:29.414 - voice - ovos_dinkum_listener.voice_loop.voice_loop:start:191 - INFO - VAD pre-wake enabled: False
2026-03-02 17:21:32.420 - voice - ovos_dinkum_listener.service:on_started:100 - INFO - DinkumVoiceService started.
2026-03-02 17:21:32.422 - voice - ovos_dinkum_listener.service:on_started:100 - INFO - DinkumVoiceService started.
2026-03-02 17:21:32.424 - voice - ovos_dinkum_listener.service:on_ready:92 - INFO - DinkumVoiceService is ready.
2026-03-02 17:21:32.425 - voice - ovos_dinkum_listener.service:run:349 - INFO - Service ready
2026-03-02 17:21:32.426 - voice - ovos_dinkum_listener.voice_loop.voice_loop:run:255 - INFO - Starting loop in mode: ListeningMode.WAKEWORD
2026-03-02 17:33:13.012 - voice - ovos_dinkum_listener.service:__init__:169 - INFO - Starting Voice Service
2026-03-02 17:33:13.029 - voice - ovos_dinkum_listener.service:on_alive:96 - INFO - DinkumVoiceService is alive.
2026-03-02 17:33:13.030 - voice - ovos_dinkum_listener.service:_before_start:372 - INFO - Starting service...
2026-03-02 17:33:13.106 - voice - ovos_dinkum_listener.service:_connect_to_bus:476 - INFO - Connected to Mycroft Core message bus
2026-03-02 17:33:16.332 - voice - ovos_dinkum_listener.service:on_alive:96 - INFO - DinkumVoiceService is alive.
2026-03-02 17:33:16.334 - voice - ovos_dinkum_listener.voice_loop.hotwords:load_hotword_engines:124 - INFO - creating hotword engines
2026-03-02 17:33:16.338 - voice - ovos_plugin_manager.wakewords:load_module:141 - INFO - Loading "wake_up" wake word via ovos-ww-plugin-vosk with config: {'module': 'ovos-ww-plugin-vosk', 'rule': 'fuzzy', 'samples': ['wake up'], 'lang': 'en-us', 'wakeup': True, 'fallback_ww': 'wake_up_pocketsphinx'}
2026-03-02 17:33:18.849 - voice - ovos_plugin_manager.wakewords:load_module:148 - INFO - Loaded the Wake Word wake_up with module ovos-ww-plugin-vosk
2026-03-02 17:33:20.262 - voice - ovos_dinkum_listener.voice_loop.hotwords:load_hotword_engines:173 - INFO - Loading hotword: wake_up with engine: <ovos_ww_plugin_vosk.VoskWakeWordPlugin object at 0x7ffeebf59010>
2026-03-02 17:33:20.263 - voice - ovos_plugin_manager.wakewords:load_module:141 - INFO - Loading "hey_k9" wake word via ovos-ww-plugin-precise-lite with config: {'module': 'ovos-ww-plugin-precise-lite', 'model': '/home/ovos/.local/share/mycroft/hey_k9.tflite', 'listen': True, 'active': True, 'expected_duration': 3, 'trigger_level': 3, 'sensitivity': 0.5}
2026-03-02 17:33:20.271 - voice - ovos_plugin_manager.wakewords:load_module:148 - INFO - Loaded the Wake Word hey_k9 with module ovos-ww-plugin-precise-lite
2026-03-02 17:33:20.405 - voice - ovos_dinkum_listener.voice_loop.hotwords:load_hotword_engines:173 - INFO - Loading hotword: hey_k9 with engine: <ovos_ww_plugin_precise_lite.PreciseLiteHotwordPlugin object at 0x7ffecf064d70>
2026-03-02 17:33:20.412 - voice - ovos_dinkum_listener.voice_loop.hotwords:load_hotword_engines:217 - WARNING - No stop words loaded
2026-03-02 17:33:20.413 - voice - ovos_dinkum_listener.voice_loop.voice_loop:start:190 - INFO - Listening mode: ListeningMode.WAKEWORD
2026-03-02 17:33:20.414 - voice - ovos_dinkum_listener.voice_loop.voice_loop:start:191 - INFO - VAD pre-wake enabled: False
2026-03-02 18:14:48.875 - voice - ovos_dinkum_listener.service:on_started:100 - INFO - DinkumVoiceService started.
2026-03-02 18:14:48.876 - voice - ovos_dinkum_listener.service:on_started:100 - INFO - DinkumVoiceService started.
2026-03-02 18:14:48.877 - voice - ovos_dinkum_listener.service:on_ready:92 - INFO - DinkumVoiceService is ready.
2026-03-02 18:14:48.877 - voice - ovos_dinkum_listener.service:run:349 - INFO - Service ready
2026-03-02 18:14:48.878 - voice - ovos_dinkum_listener.voice_loop.voice_loop:run:255 - INFO - Starting loop in mode: ListeningMode.WAKEWORD
2026-03-02 18:16:48.594 - voice - ovos_dinkum_listener.service:__init__:169 - INFO - Starting Voice Service
2026-03-02 18:16:48.622 - voice - ovos_dinkum_listener.service:on_alive:96 - INFO - DinkumVoiceService is alive.
2026-03-02 18:16:48.623 - voice - ovos_dinkum_listener.service:_before_start:372 - INFO - Starting service...
2026-03-02 18:16:48.699 - voice - ovos_dinkum_listener.service:_connect_to_bus:476 - INFO - Connected to Mycroft Core message bus
2026-03-02 18:16:52.176 - voice - ovos_dinkum_listener.service:on_alive:96 - INFO - DinkumVoiceService is alive.
2026-03-02 18:16:52.177 - voice - ovos_dinkum_listener.voice_loop.hotwords:load_hotword_engines:124 - INFO - creating hotword engines
2026-03-02 18:16:52.183 - voice - ovos_plugin_manager.wakewords:load_module:141 - INFO - Loading "wake_up" wake word via ovos-ww-plugin-vosk with config: {'module': 'ovos-ww-plugin-vosk', 'rule': 'fuzzy', 'samples': ['wake up'], 'lang': 'en-us', 'wakeup': True, 'fallback_ww': 'wake_up_pocketsphinx'}
2026-03-02 18:16:55.004 - voice - ovos_plugin_manager.wakewords:load_module:148 - INFO - Loaded the Wake Word wake_up with module ovos-ww-plugin-vosk
2026-03-02 18:16:56.559 - voice - ovos_dinkum_listener.voice_loop.hotwords:load_hotword_engines:173 - INFO - Loading hotword: wake_up with engine: <ovos_ww_plugin_vosk.VoskWakeWordPlugin object at 0x7fff5a309010>
2026-03-02 18:16:56.565 - voice - ovos_plugin_manager.wakewords:load_module:141 - INFO - Loading "hey_k9" wake word via ovos-ww-plugin-precise-lite with config: {'module': 'ovos-ww-plugin-precise-lite', 'model': '/home/ovos/.local/share/mycroft/hey_k9.tflite', 'listen': True, 'active': True, 'expected_duration': 3, 'trigger_level': 3, 'sensitivity': 0.5}
2026-03-02 18:16:56.586 - voice - ovos_plugin_manager.wakewords:load_module:148 - INFO - Loaded the Wake Word hey_k9 with module ovos-ww-plugin-precise-lite
2026-03-02 18:16:56.703 - voice - ovos_dinkum_listener.voice_loop.hotwords:load_hotword_engines:173 - INFO - Loading hotword: hey_k9 with engine: <ovos_ww_plugin_precise_lite.PreciseLiteHotwordPlugin object at 0x7fff3d5e8d70>
2026-03-02 18:16:56.708 - voice - ovos_dinkum_listener.voice_loop.hotwords:load_hotword_engines:217 - WARNING - No stop words loaded
2026-03-02 18:16:56.709 - voice - ovos_dinkum_listener.voice_loop.voice_loop:start:190 - INFO - Listening mode: ListeningMode.WAKEWORD
2026-03-02 18:16:56.710 - voice - ovos_dinkum_listener.voice_loop.voice_loop:start:191 - INFO - VAD pre-wake enabled: False
2026-03-02 18:18:26.640 - voice - ovos_dinkum_listener.service:on_started:100 - INFO - DinkumVoiceService started.
2026-03-02 18:18:26.641 - voice - ovos_dinkum_listener.service:on_started:100 - INFO - DinkumVoiceService started.
2026-03-02 18:18:26.642 - voice - ovos_dinkum_listener.service:on_ready:92 - INFO - DinkumVoiceService is ready.
2026-03-02 18:18:26.642 - voice - ovos_dinkum_listener.service:run:349 - INFO - Service ready
2026-03-02 18:18:26.643 - voice - ovos_dinkum_listener.voice_loop.voice_loop:run:255 - INFO - Starting loop in mode: ListeningMode.WAKEWORD
2026-03-02 18:22:34.461 - voice - ovos_dinkum_listener.service:__init__:169 - INFO - Starting Voice Service
2026-03-02 18:22:34.478 - voice - ovos_dinkum_listener.service:on_alive:96 - INFO - DinkumVoiceService is alive.
2026-03-02 18:22:34.480 - voice - ovos_dinkum_listener.service:_before_start:372 - INFO - Starting service...
2026-03-02 18:22:34.595 - voice - ovos_dinkum_listener.service:_connect_to_bus:476 - INFO - Connected to Mycroft Core message bus
2026-03-02 18:22:37.068 - voice - ovos_dinkum_listener.service:on_alive:96 - INFO - DinkumVoiceService is alive.
2026-03-02 18:22:37.071 - voice - ovos_dinkum_listener.voice_loop.hotwords:load_hotword_engines:124 - INFO - creating hotword engines
2026-03-02 18:22:37.072 - voice - ovos_microphone_plugin_alsa:_run:113 - ERROR - Failed to open microphone
Traceback (most recent call last):
  File "/home/ovos/.venv/lib/python3.13/site-packages/ovos_microphone_plugin_alsa/__init__.py", line 78, in _run
    mic = alsaaudio.PCM(
        type=alsaaudio.PCM_CAPTURE,
    ...<6 lines>...
        periodsize=self.period_size,
    )
alsaaudio.ALSAAudioError: No such file or directory [hw:0,0]
2026-03-02 18:22:37.073 - voice - ovos_plugin_manager.wakewords:load_module:141 - INFO - Loading "wake_up" wake word via ovos-ww-plugin-vosk with config: {'module': 'ovos-ww-plugin-vosk', 'rule': 'fuzzy', 'samples': ['wake up'], 'lang': 'en-us', 'wakeup': True, 'fallback_ww': 'wake_up_pocketsphinx'}
2026-03-02 18:22:38.726 - voice - ovos_plugin_manager.wakewords:load_module:148 - INFO - Loaded the Wake Word wake_up with module ovos-ww-plugin-vosk
2026-03-02 18:22:39.900 - voice - ovos_dinkum_listener.voice_loop.hotwords:load_hotword_engines:173 - INFO - Loading hotword: wake_up with engine: <ovos_ww_plugin_vosk.VoskWakeWordPlugin object at 0x7fff30011010>
2026-03-02 18:22:39.901 - voice - ovos_plugin_manager.wakewords:load_module:141 - INFO - Loading "hey_k9" wake word via ovos-ww-plugin-precise-lite with config: {'module': 'ovos-ww-plugin-precise-lite', 'model': '/home/ovos/.local/share/mycroft/hey_k9.tflite', 'listen': True, 'active': True, 'expected_duration': 3, 'trigger_level': 3, 'sensitivity': 0.5}
2026-03-02 18:22:39.912 - voice - ovos_plugin_manager.wakewords:load_module:148 - INFO - Loaded the Wake Word hey_k9 with module ovos-ww-plugin-precise-lite
2026-03-02 18:22:40.129 - voice - ovos_dinkum_listener.voice_loop.hotwords:load_hotword_engines:173 - INFO - Loading hotword: hey_k9 with engine: <ovos_ww_plugin_precise_lite.PreciseLiteHotwordPlugin object at 0x7fff13128d70>
2026-03-02 18:22:40.142 - voice - ovos_dinkum_listener.voice_loop.hotwords:load_hotword_engines:217 - WARNING - No stop words loaded
2026-03-02 18:22:40.143 - voice - ovos_dinkum_listener.voice_loop.voice_loop:start:190 - INFO - Listening mode: ListeningMode.WAKEWORD
2026-03-02 18:22:40.144 - voice - ovos_dinkum_listener.voice_loop.voice_loop:start:191 - INFO - VAD pre-wake enabled: False
2026-03-02 18:40:06.469 - voice - ovos_dinkum_listener.service:on_started:100 - INFO - DinkumVoiceService started.
2026-03-02 18:40:06.474 - voice - ovos_dinkum_listener.service:on_started:100 - INFO - DinkumVoiceService started.
2026-03-02 18:40:06.475 - voice - ovos_dinkum_listener.service:on_ready:92 - INFO - DinkumVoiceService is ready.
2026-03-02 18:40:06.475 - voice - ovos_dinkum_listener.service:run:349 - INFO - Service ready
2026-03-02 18:40:06.477 - voice - ovos_dinkum_listener.voice_loop.voice_loop:run:255 - INFO - Starting loop in mode: ListeningMode.WAKEWORD
2026-03-02 18:54:27.261 - voice - ovos_dinkum_listener.service:__init__:169 - INFO - Starting Voice Service
2026-03-02 18:54:27.297 - voice - ovos_dinkum_listener.service:on_alive:96 - INFO - DinkumVoiceService is alive.
2026-03-02 18:54:27.298 - voice - ovos_dinkum_listener.service:_before_start:372 - INFO - Starting service...
2026-03-02 18:54:27.418 - voice - ovos_dinkum_listener.service:_connect_to_bus:476 - INFO - Connected to Mycroft Core message bus
2026-03-02 18:54:30.070 - voice - ovos_dinkum_listener.service:on_alive:96 - INFO - DinkumVoiceService is alive.
2026-03-02 18:54:30.074 - voice - ovos_dinkum_listener.voice_loop.hotwords:load_hotword_engines:124 - INFO - creating hotword engines
2026-03-02 18:54:30.076 - voice - ovos_plugin_manager.wakewords:load_module:141 - INFO - Loading "wake_up" wake word via ovos-ww-plugin-vosk with config: {'module': 'ovos-ww-plugin-vosk', 'rule': 'fuzzy', 'samples': ['wake up'], 'lang': 'en-us', 'wakeup': True, 'fallback_ww': 'wake_up_pocketsphinx'}
2026-03-02 18:54:31.661 - voice - ovos_plugin_manager.wakewords:load_module:148 - INFO - Loaded the Wake Word wake_up with module ovos-ww-plugin-vosk
2026-03-02 18:54:32.882 - voice - ovos_dinkum_listener.voice_loop.hotwords:load_hotword_engines:173 - INFO - Loading hotword: wake_up with engine: <ovos_ww_plugin_vosk.VoskWakeWordPlugin object at 0x7ffe95319010>
2026-03-02 18:54:32.883 - voice - ovos_plugin_manager.wakewords:load_module:141 - INFO - Loading "hey_k9" wake word via ovos-ww-plugin-precise-lite with config: {'module': 'ovos-ww-plugin-precise-lite', 'model': '/home/ovos/.local/share/mycroft/hey_k9.tflite', 'listen': True, 'active': True, 'expected_duration': 3, 'trigger_level': 3, 'sensitivity': 0.5}
2026-03-02 18:54:32.892 - voice - ovos_plugin_manager.wakewords:load_module:148 - INFO - Loaded the Wake Word hey_k9 with module ovos-ww-plugin-precise-lite
2026-03-02 18:54:32.952 - voice - ovos_dinkum_listener.voice_loop.hotwords:load_hotword_engines:173 - INFO - Loading hotword: hey_k9 with engine: <ovos_ww_plugin_precise_lite.PreciseLiteHotwordPlugin object at 0x7ffe78398d70>
2026-03-02 18:54:32.956 - voice - ovos_dinkum_listener.voice_loop.hotwords:load_hotword_engines:217 - WARNING - No stop words loaded
2026-03-02 18:54:32.957 - voice - ovos_dinkum_listener.voice_loop.voice_loop:start:190 - INFO - Listening mode: ListeningMode.WAKEWORD
2026-03-02 18:54:32.957 - voice - ovos_dinkum_listener.voice_loop.voice_loop:start:191 - INFO - VAD pre-wake enabled: False
2026-03-02 18:54:35.960 - voice - ovos_dinkum_listener.service:on_started:100 - INFO - DinkumVoiceService started.
2026-03-02 18:54:35.960 - voice - ovos_dinkum_listener.service:on_started:100 - INFO - DinkumVoiceService started.
2026-03-02 18:54:35.961 - voice - ovos_dinkum_listener.service:on_ready:92 - INFO - DinkumVoiceService is ready.
2026-03-02 18:54:35.961 - voice - ovos_dinkum_listener.service:run:349 - INFO - Service ready
2026-03-02 18:54:35.962 - voice - ovos_dinkum_listener.voice_loop.voice_loop:run:255 - INFO - Starting loop in mode: ListeningMode.WAKEWORD
2026-03-03 19:53:16.701 - voice - ovos_dinkum_listener.service:__init__:169 - INFO - Starting Voice Service
2026-03-03 19:53:16.729 - voice - ovos_dinkum_listener.service:on_alive:96 - INFO - DinkumVoiceService is alive.
2026-03-03 19:53:16.731 - voice - ovos_dinkum_listener.service:_before_start:372 - INFO - Starting service...
2026-03-03 19:53:16.984 - voice - ovos_dinkum_listener.service:_connect_to_bus:476 - INFO - Connected to Mycroft Core message bus
2026-03-03 19:53:19.713 - voice - ovos_dinkum_listener.service:on_alive:96 - INFO - DinkumVoiceService is alive.
2026-03-03 19:53:19.718 - voice - ovos_dinkum_listener.voice_loop.hotwords:load_hotword_engines:124 - INFO - creating hotword engines
2026-03-03 19:53:19.719 - voice - ovos_plugin_manager.wakewords:load_module:141 - INFO - Loading "wake_up" wake word via ovos-ww-plugin-vosk with config: {'module': 'ovos-ww-plugin-vosk', 'rule': 'fuzzy', 'samples': ['wake up'], 'lang': 'en-us', 'wakeup': True, 'fallback_ww': 'wake_up_pocketsphinx'}
2026-03-03 19:53:22.355 - voice - ovos_plugin_manager.wakewords:load_module:148 - INFO - Loaded the Wake Word wake_up with module ovos-ww-plugin-vosk
2026-03-04 16:43:52.556 - voice - ovos_dinkum_listener.voice_loop.hotwords:load_hotword_engines:173 - INFO - Loading hotword: wake_up with engine: <ovos_ww_plugin_vosk.VoskWakeWordPlugin object at 0x7ffe91e65010>
2026-03-04 16:43:52.557 - voice - ovos_plugin_manager.wakewords:load_module:141 - INFO - Loading "hey_k9" wake word via ovos-ww-plugin-precise-lite with config: {'module': 'ovos-ww-plugin-precise-lite', 'model': '/home/ovos/.local/share/mycroft/hey_k9.tflite', 'listen': True, 'active': True, 'expected_duration': 3, 'trigger_level': 3, 'sensitivity': 0.5}
2026-03-04 16:43:52.571 - voice - ovos_plugin_manager.wakewords:load_module:148 - INFO - Loaded the Wake Word hey_k9 with module ovos-ww-plugin-precise-lite
2026-03-04 16:43:52.672 - voice - ovos_dinkum_listener.voice_loop.hotwords:load_hotword_engines:173 - INFO - Loading hotword: hey_k9 with engine: <ovos_ww_plugin_precise_lite.PreciseLiteHotwordPlugin object at 0x7ffe74f98d70>
2026-03-04 16:43:52.677 - voice - ovos_dinkum_listener.voice_loop.hotwords:load_hotword_engines:217 - WARNING - No stop words loaded
2026-03-04 16:43:52.678 - voice - ovos_dinkum_listener.voice_loop.voice_loop:start:190 - INFO - Listening mode: ListeningMode.WAKEWORD
2026-03-04 16:43:52.679 - voice - ovos_dinkum_listener.voice_loop.voice_loop:start:191 - INFO - VAD pre-wake enabled: False
2026-03-04 16:43:55.681 - voice - ovos_dinkum_listener.service:on_started:100 - INFO - DinkumVoiceService started.
2026-03-04 16:43:55.682 - voice - ovos_dinkum_listener.service:on_started:100 - INFO - DinkumVoiceService started.
2026-03-04 16:43:55.683 - voice - ovos_dinkum_listener.service:on_ready:92 - INFO - DinkumVoiceService is ready.
2026-03-04 16:43:55.684 - voice - ovos_dinkum_listener.service:run:349 - INFO - Service ready
2026-03-04 16:43:55.685 - voice - ovos_dinkum_listener.voice_loop.voice_loop:run:255 - INFO - Starting loop in mode: ListeningMode.WAKEWORD
2026-03-04 17:04:02.955 - voice - ovos_dinkum_listener.service:__init__:169 - INFO - Starting Voice Service
2026-03-04 17:04:02.975 - voice - ovos_dinkum_listener.service:on_alive:96 - INFO - DinkumVoiceService is alive.
2026-03-04 17:04:02.976 - voice - ovos_dinkum_listener.service:_before_start:372 - INFO - Starting service...
2026-03-04 17:04:03.041 - voice - ovos_dinkum_listener.service:_connect_to_bus:476 - INFO - Connected to Mycroft Core message bus
2026-03-04 17:04:06.054 - voice - ovos_dinkum_listener.service:on_alive:96 - INFO - DinkumVoiceService is alive.
2026-03-04 17:04:06.059 - voice - ovos_dinkum_listener.voice_loop.hotwords:load_hotword_engines:124 - INFO - creating hotword engines
2026-03-04 17:04:06.060 - voice - ovos_plugin_manager.wakewords:load_module:141 - INFO - Loading "wake_up" wake word via ovos-ww-plugin-vosk with config: {'module': 'ovos-ww-plugin-vosk', 'rule': 'fuzzy', 'samples': ['wake up'], 'lang': 'en-us', 'wakeup': True, 'fallback_ww': 'wake_up_pocketsphinx'}
2026-03-04 17:04:07.763 - voice - ovos_plugin_manager.wakewords:load_module:148 - INFO - Loaded the Wake Word wake_up with module ovos-ww-plugin-vosk
2026-03-04 17:04:09.364 - voice - ovos_dinkum_listener.voice_loop.hotwords:load_hotword_engines:173 - INFO - Loading hotword: wake_up with engine: <ovos_ww_plugin_vosk.VoskWakeWordPlugin object at 0x7fff781d5010>
2026-03-04 17:04:09.365 - voice - ovos_plugin_manager.wakewords:load_module:141 - INFO - Loading "hey_k9" wake word via ovos-ww-plugin-precise-lite with config: {'module': 'ovos-ww-plugin-precise-lite', 'model': '/home/ovos/.local/share/mycroft/hey_k9.tflite', 'listen': True, 'active': True, 'expected_duration': 3, 'trigger_level': 3, 'sensitivity': 0.5}
2026-03-04 17:04:09.372 - voice - ovos_plugin_manager.wakewords:load_module:148 - INFO - Loaded the Wake Word hey_k9 with module ovos-ww-plugin-precise-lite
2026-03-04 17:04:09.572 - voice - ovos_dinkum_listener.voice_loop.hotwords:load_hotword_engines:173 - INFO - Loading hotword: hey_k9 with engine: <ovos_ww_plugin_precise_lite.PreciseLiteHotwordPlugin object at 0x7fff5b43cd70>
2026-03-04 17:04:09.587 - voice - ovos_dinkum_listener.voice_loop.hotwords:load_hotword_engines:217 - WARNING - No stop words loaded
2026-03-04 17:04:09.588 - voice - ovos_dinkum_listener.voice_loop.voice_loop:start:190 - INFO - Listening mode: ListeningMode.WAKEWORD
2026-03-04 17:04:09.589 - voice - ovos_dinkum_listener.voice_loop.voice_loop:start:191 - INFO - VAD pre-wake enabled: False
2026-03-04 18:21:17.310 - voice - ovos_dinkum_listener.service:on_started:100 - INFO - DinkumVoiceService started.
2026-03-04 18:21:17.311 - voice - ovos_dinkum_listener.service:on_started:100 - INFO - DinkumVoiceService started.
2026-03-04 18:21:17.312 - voice - ovos_dinkum_listener.service:on_ready:92 - INFO - DinkumVoiceService is ready.
2026-03-04 18:21:17.313 - voice - ovos_dinkum_listener.service:run:349 - INFO - Service ready
2026-03-04 18:21:17.314 - voice - ovos_dinkum_listener.voice_loop.voice_loop:run:255 - INFO - Starting loop in mode: ListeningMode.WAKEWORD
2026-03-04 18:51:56.186 - voice - ovos_dinkum_listener.service:__init__:169 - INFO - Starting Voice Service
2026-03-04 18:51:56.206 - voice - ovos_dinkum_listener.service:on_alive:96 - INFO - DinkumVoiceService is alive.
2026-03-04 18:51:56.207 - voice - ovos_dinkum_listener.service:_before_start:372 - INFO - Starting service...
2026-03-04 18:51:56.312 - voice - ovos_dinkum_listener.service:_connect_to_bus:476 - INFO - Connected to Mycroft Core message bus
2026-03-04 18:51:58.837 - voice - ovos_dinkum_listener.service:on_alive:96 - INFO - DinkumVoiceService is alive.
2026-03-04 18:51:58.842 - voice - ovos_dinkum_listener.voice_loop.hotwords:load_hotword_engines:124 - INFO - creating hotword engines
2026-03-04 18:51:58.843 - voice - ovos_plugin_manager.wakewords:load_module:141 - INFO - Loading "wake_up" wake word via ovos-ww-plugin-vosk with config: {'module': 'ovos-ww-plugin-vosk', 'rule': 'fuzzy', 'samples': ['wake up'], 'lang': 'en-us', 'wakeup': True, 'fallback_ww': 'wake_up_pocketsphinx'}
2026-03-04 18:52:01.155 - voice - ovos_plugin_manager.wakewords:load_module:148 - INFO - Loaded the Wake Word wake_up with module ovos-ww-plugin-vosk
2026-03-04 18:52:02.593 - voice - ovos_dinkum_listener.voice_loop.hotwords:load_hotword_engines:173 - INFO - Loading hotword: wake_up with engine: <ovos_ww_plugin_vosk.VoskWakeWordPlugin object at 0x7fff6d281010>
2026-03-04 18:52:02.595 - voice - ovos_plugin_manager.wakewords:load_module:141 - INFO - Loading "hey_k9" wake word via ovos-ww-plugin-precise-lite with config: {'module': 'ovos-ww-plugin-precise-lite', 'model': '/home/ovos/.local/share/mycroft/hey_k9.tflite', 'listen': True, 'active': True, 'expected_duration': 3, 'trigger_level': 3, 'sensitivity': 0.5}
2026-03-04 18:52:02.605 - voice - ovos_plugin_manager.wakewords:load_module:148 - INFO - Loaded the Wake Word hey_k9 with module ovos-ww-plugin-precise-lite
2026-03-04 18:52:02.674 - voice - ovos_dinkum_listener.voice_loop.hotwords:load_hotword_engines:173 - INFO - Loading hotword: hey_k9 with engine: <ovos_ww_plugin_precise_lite.PreciseLiteHotwordPlugin object at 0x7fff503c0d70>
2026-03-04 18:52:02.680 - voice - ovos_dinkum_listener.voice_loop.hotwords:load_hotword_engines:217 - WARNING - No stop words loaded
2026-03-04 18:52:02.682 - voice - ovos_dinkum_listener.voice_loop.voice_loop:start:190 - INFO - Listening mode: ListeningMode.WAKEWORD
2026-03-04 18:52:02.682 - voice - ovos_dinkum_listener.voice_loop.voice_loop:start:191 - INFO - VAD pre-wake enabled: False
2026-03-05 18:56:14.550 - voice - ovos_dinkum_listener.service:on_started:100 - INFO - DinkumVoiceService started.
2026-03-05 18:56:14.551 - voice - ovos_dinkum_listener.service:on_started:100 - INFO - DinkumVoiceService started.
2026-03-05 18:56:14.552 - voice - ovos_dinkum_listener.service:on_ready:92 - INFO - DinkumVoiceService is ready.
2026-03-05 18:56:14.552 - voice - ovos_dinkum_listener.service:run:349 - INFO - Service ready
2026-03-05 18:56:14.553 - voice - ovos_dinkum_listener.voice_loop.voice_loop:run:255 - INFO - Starting loop in mode: ListeningMode.WAKEWORD
2026-03-05 19:30:18.586 - voice - ovos_dinkum_listener.service:__init__:169 - INFO - Starting Voice Service
2026-03-05 19:30:18.615 - voice - ovos_dinkum_listener.service:on_alive:96 - INFO - DinkumVoiceService is alive.
2026-03-05 19:30:18.616 - voice - ovos_dinkum_listener.service:_before_start:372 - INFO - Starting service...
2026-03-05 19:30:18.685 - voice - ovos_dinkum_listener.service:_connect_to_bus:476 - INFO - Connected to Mycroft Core message bus
2026-03-05 19:30:21.609 - voice - ovos_dinkum_listener.service:on_alive:96 - INFO - DinkumVoiceService is alive.
2026-03-05 19:30:21.613 - voice - ovos_dinkum_listener.voice_loop.hotwords:load_hotword_engines:124 - INFO - creating hotword engines
2026-03-05 19:30:21.614 - voice - ovos_plugin_manager.wakewords:load_module:141 - INFO - Loading "wake_up" wake word via ovos-ww-plugin-vosk with config: {'module': 'ovos-ww-plugin-vosk', 'rule': 'fuzzy', 'samples': ['wake up'], 'lang': 'en-us', 'wakeup': True, 'fallback_ww': 'wake_up_pocketsphinx'}
2026-03-05 19:30:24.119 - voice - ovos_plugin_manager.wakewords:load_module:148 - INFO - Loaded the Wake Word wake_up with module ovos-ww-plugin-vosk
2026-03-07 08:34:58.969 - voice - ovos_dinkum_listener.voice_loop.hotwords:load_hotword_engines:173 - INFO - Loading hotword: wake_up with engine: <ovos_ww_plugin_vosk.VoskWakeWordPlugin object at 0x7fff19345010>
2026-03-07 08:34:58.970 - voice - ovos_plugin_manager.wakewords:load_module:141 - INFO - Loading "hey_k9" wake word via ovos-ww-plugin-precise-lite with config: {'module': 'ovos-ww-plugin-precise-lite', 'model': '/home/ovos/.local/share/mycroft/hey_k9.tflite', 'listen': True, 'active': True, 'expected_duration': 3, 'trigger_level': 3, 'sensitivity': 0.5}
2026-03-07 08:34:58.978 - voice - ovos_plugin_manager.wakewords:load_module:148 - INFO - Loaded the Wake Word hey_k9 with module ovos-ww-plugin-precise-lite
2026-03-07 08:34:59.057 - voice - ovos_dinkum_listener.voice_loop.hotwords:load_hotword_engines:173 - INFO - Loading hotword: hey_k9 with engine: <ovos_ww_plugin_precise_lite.PreciseLiteHotwordPlugin object at 0x7ffefc46cd70>
2026-03-07 08:34:59.062 - voice - ovos_dinkum_listener.voice_loop.hotwords:load_hotword_engines:217 - WARNING - No stop words loaded
2026-03-07 08:34:59.063 - voice - ovos_dinkum_listener.voice_loop.voice_loop:start:190 - INFO - Listening mode: ListeningMode.WAKEWORD
2026-03-07 08:34:59.064 - voice - ovos_dinkum_listener.voice_loop.voice_loop:start:191 - INFO - VAD pre-wake enabled: False
2026-03-07 08:35:02.066 - voice - ovos_dinkum_listener.service:on_started:100 - INFO - DinkumVoiceService started.
2026-03-07 08:35:02.066 - voice - ovos_dinkum_listener.service:on_started:100 - INFO - DinkumVoiceService started.
2026-03-07 08:35:02.067 - voice - ovos_dinkum_listener.service:on_ready:92 - INFO - DinkumVoiceService is ready.
2026-03-07 08:35:02.067 - voice - ovos_dinkum_listener.service:run:349 - INFO - Service ready
2026-03-07 08:35:02.068 - voice - ovos_dinkum_listener.voice_loop.voice_loop:run:255 - INFO - Starting loop in mode: ListeningMode.WAKEWORD
2026-03-07 08:45:55.564 - voice - ovos_dinkum_listener.service:_record_begin:534 - INFO - fake barge-in lowering volume to: 30
2026-03-07 08:45:55.569 - voice - ovos_dinkum_listener.voice_loop.voice_loop:run:293 - INFO - Wakeword detected
2026-03-07 08:45:56.967 - voice - ovos_dinkum_listener.voice_loop.voice_loop:run:332 - INFO - speech finished
2026-03-07 08:45:58.732 - voice - ovos_dinkum_listener.voice_loop.voice_loop:_after_cmd:851 - INFO - Raw transcription: [(' Thank you.', 1.0)]
2026-03-07 08:45:58.734 - voice - ovos_dinkum_listener.service:_record_end_signal:660 - INFO - fake barge-in restoring volume to: 70
2026-03-07 08:57:02.165 - voice - ovos_dinkum_listener.service:__init__:169 - INFO - Starting Voice Service
2026-03-07 08:57:02.191 - voice - ovos_dinkum_listener.service:on_alive:96 - INFO - DinkumVoiceService is alive.
2026-03-07 08:57:02.192 - voice - ovos_dinkum_listener.service:_before_start:372 - INFO - Starting service...
2026-03-07 08:57:02.301 - voice - ovos_dinkum_listener.service:_connect_to_bus:476 - INFO - Connected to Mycroft Core message bus
2026-03-07 08:57:05.760 - voice - ovos_dinkum_listener.service:on_alive:96 - INFO - DinkumVoiceService is alive.
2026-03-07 08:57:05.764 - voice - ovos_dinkum_listener.voice_loop.hotwords:load_hotword_engines:124 - INFO - creating hotword engines
2026-03-07 08:57:05.766 - voice - ovos_plugin_manager.wakewords:load_module:141 - INFO - Loading "wake_up" wake word via ovos-ww-plugin-vosk with config: {'module': 'ovos-ww-plugin-vosk', 'rule': 'fuzzy', 'samples': ['wake up'], 'lang': 'en-us', 'wakeup': True, 'fallback_ww': 'wake_up_pocketsphinx'}
2026-03-07 08:57:07.432 - voice - ovos_plugin_manager.wakewords:load_module:148 - INFO - Loaded the Wake Word wake_up with module ovos-ww-plugin-vosk
2026-03-07 08:57:08.932 - voice - ovos_dinkum_listener.voice_loop.hotwords:load_hotword_engines:173 - INFO - Loading hotword: wake_up with engine: <ovos_ww_plugin_vosk.VoskWakeWordPlugin object at 0x7ffe9e609010>
2026-03-07 08:57:08.933 - voice - ovos_plugin_manager.wakewords:load_module:141 - INFO - Loading "hey_k9" wake word via ovos-ww-plugin-precise-lite with config: {'module': 'ovos-ww-plugin-precise-lite', 'model': '/home/ovos/.local/share/mycroft/hey_k9.tflite', 'listen': True, 'active': True, 'expected_duration': 3, 'trigger_level': 3, 'sensitivity': 0.5}
2026-03-07 08:57:08.945 - voice - ovos_plugin_manager.wakewords:load_module:148 - INFO - Loaded the Wake Word hey_k9 with module ovos-ww-plugin-precise-lite
2026-03-07 08:57:09.164 - voice - ovos_dinkum_listener.voice_loop.hotwords:load_hotword_engines:173 - INFO - Loading hotword: hey_k9 with engine: <ovos_ww_plugin_precise_lite.PreciseLiteHotwordPlugin object at 0x7ffe81724d70>
2026-03-07 08:57:09.184 - voice - ovos_dinkum_listener.voice_loop.hotwords:load_hotword_engines:217 - WARNING - No stop words loaded
2026-03-07 08:57:09.186 - voice - ovos_dinkum_listener.voice_loop.voice_loop:start:190 - INFO - Listening mode: ListeningMode.WAKEWORD
2026-03-07 08:57:09.187 - voice - ovos_dinkum_listener.voice_loop.voice_loop:start:191 - INFO - VAD pre-wake enabled: False
2026-03-07 13:34:20.693 - voice - ovos_dinkum_listener.service:on_started:100 - INFO - DinkumVoiceService started.
2026-03-07 13:34:20.694 - voice - ovos_dinkum_listener.service:on_started:100 - INFO - DinkumVoiceService started.
2026-03-07 13:34:20.694 - voice - ovos_dinkum_listener.service:on_ready:92 - INFO - DinkumVoiceService is ready.
2026-03-07 13:34:20.695 - voice - ovos_dinkum_listener.service:run:349 - INFO - Service ready
2026-03-07 13:34:20.695 - voice - ovos_dinkum_listener.voice_loop.voice_loop:run:255 - INFO - Starting loop in mode: ListeningMode.WAKEWORD
2026-03-07 13:42:45.786 - voice - ovos_dinkum_listener.service:__init__:169 - INFO - Starting Voice Service
2026-03-07 13:42:45.805 - voice - ovos_dinkum_listener.service:on_alive:96 - INFO - DinkumVoiceService is alive.
2026-03-07 13:42:45.806 - voice - ovos_dinkum_listener.service:_before_start:372 - INFO - Starting service...
2026-03-07 13:42:46.952 - voice - ovos_dinkum_listener.service:_connect_to_bus:476 - INFO - Connected to Mycroft Core message bus
2026-03-07 13:42:49.833 - voice - ovos_dinkum_listener.service:on_alive:96 - INFO - DinkumVoiceService is alive.
2026-03-07 13:42:49.837 - voice - ovos_dinkum_listener.voice_loop.hotwords:load_hotword_engines:124 - INFO - creating hotword engines
2026-03-07 13:42:49.838 - voice - ovos_plugin_manager.wakewords:load_module:141 - INFO - Loading "wake_up" wake word via ovos-ww-plugin-vosk with config: {'module': 'ovos-ww-plugin-vosk', 'rule': 'fuzzy', 'samples': ['wake up'], 'lang': 'en-us', 'wakeup': True, 'fallback_ww': 'wake_up_pocketsphinx'}
2026-03-07 13:42:51.597 - voice - ovos_plugin_manager.wakewords:load_module:148 - INFO - Loaded the Wake Word wake_up with module ovos-ww-plugin-vosk
2026-03-07 13:42:52.811 - voice - ovos_dinkum_listener.voice_loop.hotwords:load_hotword_engines:173 - INFO - Loading hotword: wake_up with engine: <ovos_ww_plugin_vosk.VoskWakeWordPlugin object at 0x7fff5b715010>
2026-03-07 13:42:52.813 - voice - ovos_plugin_manager.wakewords:load_module:141 - INFO - Loading "hey_k9" wake word via ovos-ww-plugin-precise-lite with config: {'module': 'ovos-ww-plugin-precise-lite', 'model': '/home/ovos/.local/share/mycroft/hey_k9.tflite', 'listen': True, 'active': True, 'expected_duration': 3, 'trigger_level': 3, 'sensitivity': 0.5}
2026-03-07 13:42:52.822 - voice - ovos_plugin_manager.wakewords:load_module:148 - INFO - Loaded the Wake Word hey_k9 with module ovos-ww-plugin-precise-lite
2026-03-07 13:42:52.898 - voice - ovos_dinkum_listener.voice_loop.hotwords:load_hotword_engines:173 - INFO - Loading hotword: hey_k9 with engine: <ovos_ww_plugin_precise_lite.PreciseLiteHotwordPlugin object at 0x7fff3eb1cd70>
2026-03-07 13:42:52.903 - voice - ovos_dinkum_listener.voice_loop.hotwords:load_hotword_engines:217 - WARNING - No stop words loaded
2026-03-07 13:42:52.904 - voice - ovos_dinkum_listener.voice_loop.voice_loop:start:190 - INFO - Listening mode: ListeningMode.WAKEWORD
2026-03-07 13:42:52.904 - voice - ovos_dinkum_listener.voice_loop.voice_loop:start:191 - INFO - VAD pre-wake enabled: False
2026-03-07 16:57:37.465 - voice - ovos_dinkum_listener.service:on_started:100 - INFO - DinkumVoiceService started.
2026-03-07 16:57:37.465 - voice - ovos_dinkum_listener.service:on_started:100 - INFO - DinkumVoiceService started.
2026-03-07 16:57:37.466 - voice - ovos_dinkum_listener.service:on_ready:92 - INFO - DinkumVoiceService is ready.
2026-03-07 16:57:37.466 - voice - ovos_dinkum_listener.service:run:349 - INFO - Service ready
2026-03-07 16:57:37.467 - voice - ovos_dinkum_listener.voice_loop.voice_loop:run:255 - INFO - Starting loop in mode: ListeningMode.WAKEWORD
2026-03-07 17:00:39.385 - voice - ovos_dinkum_listener.service:_record_begin:534 - INFO - fake barge-in lowering volume to: 30
2026-03-07 17:00:39.397 - voice - ovos_dinkum_listener.voice_loop.voice_loop:run:293 - INFO - Wakeword detected
2026-03-07 17:00:40.777 - voice - ovos_dinkum_listener.voice_loop.voice_loop:run:332 - INFO - speech finished
2026-03-07 17:00:40.888 - voice - ovos_stt_plugin_server:execute:133 - ERROR - HTTPSConnectionPool(host='stt.smartgic.io', port=443): Max retries exceeded with url: /fasterwhisper/stt?lang=en-US (Caused by NameResolutionError("HTTPSConnection(host='stt.smartgic.io', port=443): Failed to resolve 'stt.smartgic.io' ([Errno -3] Temporary failure in name resolution)"))
Traceback (most recent call last):
  File "/home/ovos/.venv/lib/python3.13/site-packages/urllib3/connection.py", line 204, in _new_conn
    sock = connection.create_connection(
        (self._dns_host, self.port),
    ...<2 lines>...
        socket_options=self.socket_options,
    )
  File "/home/ovos/.venv/lib/python3.13/site-packages/urllib3/util/connection.py", line 60, in create_connection
    for res in socket.getaddrinfo(host, port, family, socket.SOCK_STREAM):
               ~~~~~~~~~~~~~~~~~~^^^^^^^^^^^^^^^^^^^^^^^^^^^^^^^^^^^^^^^^
  File "/usr/local/lib/python3.13/socket.py", line 977, in getaddrinfo
    for res in _socket.getaddrinfo(host, port, family, type, proto, flags):
               ~~~~~~~~~~~~~~~~~~~^^^^^^^^^^^^^^^^^^^^^^^^^^^^^^^^^^^^^^^^
socket.gaierror: [Errno -3] Temporary failure in name resolution

The above exception was the direct cause of the following exception:

Traceback (most recent call last):
  File "/home/ovos/.venv/lib/python3.13/site-packages/urllib3/connectionpool.py", line 787, in urlopen
    response = self._make_request(
        conn,
    ...<10 lines>...
        **response_kw,
    )
  File "/home/ovos/.venv/lib/python3.13/site-packages/urllib3/connectionpool.py", line 488, in _make_request
    raise new_e
  File "/home/ovos/.venv/lib/python3.13/site-packages/urllib3/connectionpool.py", line 464, in _make_request
    self._validate_conn(conn)
    ~~~~~~~~~~~~~~~~~~~^^^^^^
  File "/home/ovos/.venv/lib/python3.13/site-packages/urllib3/connectionpool.py", line 1093, in _validate_conn
    conn.connect()
    ~~~~~~~~~~~~^^
  File "/home/ovos/.venv/lib/python3.13/site-packages/urllib3/connection.py", line 759, in connect
    self.sock = sock = self._new_conn()
                       ~~~~~~~~~~~~~~^^
  File "/home/ovos/.venv/lib/python3.13/site-packages/urllib3/connection.py", line 211, in _new_conn
    raise NameResolutionError(self.host, self, e) from e
urllib3.exceptions.NameResolutionError: HTTPSConnection(host='stt.smartgic.io', port=443): Failed to resolve 'stt.smartgic.io' ([Errno -3] Temporary failure in name resolution)

The above exception was the direct cause of the following exception:

Traceback (most recent call last):
  File "/home/ovos/.venv/lib/python3.13/site-packages/requests/adapters.py", line 644, in send
    resp = conn.urlopen(
        method=request.method,
    ...<9 lines>...
        chunked=chunked,
    )
  File "/home/ovos/.venv/lib/python3.13/site-packages/urllib3/connectionpool.py", line 841, in urlopen
    retries = retries.increment(
        method, url, error=new_e, _pool=self, _stacktrace=sys.exc_info()[2]
    )
  File "/home/ovos/.venv/lib/python3.13/site-packages/urllib3/util/retry.py", line 519, in increment
    raise MaxRetryError(_pool, url, reason) from reason  # type: ignore[arg-type]
    ^^^^^^^^^^^^^^^^^^^^^^^^^^^^^^^^^^^^^^^^^^^^^^^^^^^
urllib3.exceptions.MaxRetryError: HTTPSConnectionPool(host='stt.smartgic.io', port=443): Max retries exceeded with url: /fasterwhisper/stt?lang=en-US (Caused by NameResolutionError("HTTPSConnection(host='stt.smartgic.io', port=443): Failed to resolve 'stt.smartgic.io' ([Errno -3] Temporary failure in name resolution)"))

During handling of the above exception, another exception occurred:

Traceback (most recent call last):
  File "/home/ovos/.venv/lib/python3.13/site-packages/ovos_stt_plugin_server/__init__.py", line 121, in execute
    response = requests.post(url, data=audio.get_wav_data(),
                             headers={"Content-Type": "audio/wav",
    ...<2 lines>...
                             timeout=self.config.get("timeout", 5),
                             verify=self.verify_ssl)
  File "/home/ovos/.venv/lib/python3.13/site-packages/requests/api.py", line 115, in post
    return request("post", url, data=data, json=json, **kwargs)
  File "/home/ovos/.venv/lib/python3.13/site-packages/requests/api.py", line 59, in request
    return session.request(method=method, url=url, **kwargs)
           ~~~~~~~~~~~~~~~^^^^^^^^^^^^^^^^^^^^^^^^^^^^^^^^^^
  File "/home/ovos/.venv/lib/python3.13/site-packages/requests/sessions.py", line 589, in request
    resp = self.send(prep, **send_kwargs)
  File "/home/ovos/.venv/lib/python3.13/site-packages/requests/sessions.py", line 703, in send
    r = adapter.send(request, **kwargs)
  File "/home/ovos/.venv/lib/python3.13/site-packages/requests/adapters.py", line 677, in send
    raise ConnectionError(e, request=request)
requests.exceptions.ConnectionError: HTTPSConnectionPool(host='stt.smartgic.io', port=443): Max retries exceeded with url: /fasterwhisper/stt?lang=en-US (Caused by NameResolutionError("HTTPSConnection(host='stt.smartgic.io', port=443): Failed to resolve 'stt.smartgic.io' ([Errno -3] Temporary failure in name resolution)"))
2026-03-07 17:00:40.897 - voice - ovos_stt_plugin_server:execute:134 - ERROR - STT request to https://stt.smartgic.io/fasterwhisper/stt failed
2026-03-07 17:00:40.904 - voice - ovos_stt_plugin_server:execute:133 - ERROR - HTTPSConnectionPool(host='whisper.tigregotico.pt', port=443): Max retries exceeded with url: /stt?lang=en-US (Caused by NameResolutionError("HTTPSConnection(host='whisper.tigregotico.pt', port=443): Failed to resolve 'whisper.tigregotico.pt' ([Errno -3] Temporary failure in name resolution)"))
Traceback (most recent call last):
  File "/home/ovos/.venv/lib/python3.13/site-packages/urllib3/connection.py", line 204, in _new_conn
    sock = connection.create_connection(
        (self._dns_host, self.port),
    ...<2 lines>...
        socket_options=self.socket_options,
    )
  File "/home/ovos/.venv/lib/python3.13/site-packages/urllib3/util/connection.py", line 60, in create_connection
    for res in socket.getaddrinfo(host, port, family, socket.SOCK_STREAM):
               ~~~~~~~~~~~~~~~~~~^^^^^^^^^^^^^^^^^^^^^^^^^^^^^^^^^^^^^^^^
  File "/usr/local/lib/python3.13/socket.py", line 977, in getaddrinfo
    for res in _socket.getaddrinfo(host, port, family, type, proto, flags):
               ~~~~~~~~~~~~~~~~~~~^^^^^^^^^^^^^^^^^^^^^^^^^^^^^^^^^^^^^^^^
socket.gaierror: [Errno -3] Temporary failure in name resolution

The above exception was the direct cause of the following exception:

Traceback (most recent call last):
  File "/home/ovos/.venv/lib/python3.13/site-packages/urllib3/connectionpool.py", line 787, in urlopen
    response = self._make_request(
        conn,
    ...<10 lines>...
        **response_kw,
    )
  File "/home/ovos/.venv/lib/python3.13/site-packages/urllib3/connectionpool.py", line 488, in _make_request
    raise new_e
  File "/home/ovos/.venv/lib/python3.13/site-packages/urllib3/connectionpool.py", line 464, in _make_request
    self._validate_conn(conn)
    ~~~~~~~~~~~~~~~~~~~^^^^^^
  File "/home/ovos/.venv/lib/python3.13/site-packages/urllib3/connectionpool.py", line 1093, in _validate_conn
    conn.connect()
    ~~~~~~~~~~~~^^
  File "/home/ovos/.venv/lib/python3.13/site-packages/urllib3/connection.py", line 759, in connect
    self.sock = sock = self._new_conn()
                       ~~~~~~~~~~~~~~^^
  File "/home/ovos/.venv/lib/python3.13/site-packages/urllib3/connection.py", line 211, in _new_conn
    raise NameResolutionError(self.host, self, e) from e
urllib3.exceptions.NameResolutionError: HTTPSConnection(host='whisper.tigregotico.pt', port=443): Failed to resolve 'whisper.tigregotico.pt' ([Errno -3] Temporary failure in name resolution)

The above exception was the direct cause of the following exception:

Traceback (most recent call last):
  File "/home/ovos/.venv/lib/python3.13/site-packages/requests/adapters.py", line 644, in send
    resp = conn.urlopen(
        method=request.method,
    ...<9 lines>...
        chunked=chunked,
    )
  File "/home/ovos/.venv/lib/python3.13/site-packages/urllib3/connectionpool.py", line 841, in urlopen
    retries = retries.increment(
        method, url, error=new_e, _pool=self, _stacktrace=sys.exc_info()[2]
    )
  File "/home/ovos/.venv/lib/python3.13/site-packages/urllib3/util/retry.py", line 519, in increment
    raise MaxRetryError(_pool, url, reason) from reason  # type: ignore[arg-type]
    ^^^^^^^^^^^^^^^^^^^^^^^^^^^^^^^^^^^^^^^^^^^^^^^^^^^
urllib3.exceptions.MaxRetryError: HTTPSConnectionPool(host='whisper.tigregotico.pt', port=443): Max retries exceeded with url: /stt?lang=en-US (Caused by NameResolutionError("HTTPSConnection(host='whisper.tigregotico.pt', port=443): Failed to resolve 'whisper.tigregotico.pt' ([Errno -3] Temporary failure in name resolution)"))

During handling of the above exception, another exception occurred:

Traceback (most recent call last):
  File "/home/ovos/.venv/lib/python3.13/site-packages/ovos_stt_plugin_server/__init__.py", line 121, in execute
    response = requests.post(url, data=audio.get_wav_data(),
                             headers={"Content-Type": "audio/wav",
    ...<2 lines>...
                             timeout=self.config.get("timeout", 5),
                             verify=self.verify_ssl)
  File "/home/ovos/.venv/lib/python3.13/site-packages/requests/api.py", line 115, in post
    return request("post", url, data=data, json=json, **kwargs)
  File "/home/ovos/.venv/lib/python3.13/site-packages/requests/api.py", line 59, in request
    return session.request(method=method, url=url, **kwargs)
           ~~~~~~~~~~~~~~~^^^^^^^^^^^^^^^^^^^^^^^^^^^^^^^^^^
  File "/home/ovos/.venv/lib/python3.13/site-packages/requests/sessions.py", line 589, in request
    resp = self.send(prep, **send_kwargs)
  File "/home/ovos/.venv/lib/python3.13/site-packages/requests/sessions.py", line 703, in send
    r = adapter.send(request, **kwargs)
  File "/home/ovos/.venv/lib/python3.13/site-packages/requests/adapters.py", line 677, in send
    raise ConnectionError(e, request=request)
requests.exceptions.ConnectionError: HTTPSConnectionPool(host='whisper.tigregotico.pt', port=443): Max retries exceeded with url: /stt?lang=en-US (Caused by NameResolutionError("HTTPSConnection(host='whisper.tigregotico.pt', port=443): Failed to resolve 'whisper.tigregotico.pt' ([Errno -3] Temporary failure in name resolution)"))
2026-03-07 17:00:40.909 - voice - ovos_stt_plugin_server:execute:134 - ERROR - STT request to https://whisper.tigregotico.pt/stt failed
2026-03-07 17:00:40.910 - voice - ovos_dinkum_listener.voice_loop.voice_loop:_after_cmd:851 - INFO - Raw transcription: [(None, 1.0)]
2026-03-07 17:00:40.912 - voice - ovos_dinkum_listener.service:_record_end_signal:660 - INFO - fake barge-in restoring volume to: 70
2026-03-07 17:00:40.914 - voice - ovos_dinkum_listener.service:_stt_text:697 - ERROR - Empty transcription, either recorded silence or STT failed!
2026-03-07 17:37:07.634 - voice - ovos_dinkum_listener.service:__init__:169 - INFO - Starting Voice Service
2026-03-07 17:37:07.655 - voice - ovos_dinkum_listener.service:on_alive:96 - INFO - DinkumVoiceService is alive.
2026-03-07 17:37:07.656 - voice - ovos_dinkum_listener.service:_before_start:372 - INFO - Starting service...
2026-03-07 17:37:07.723 - voice - ovos_dinkum_listener.service:_connect_to_bus:476 - INFO - Connected to Mycroft Core message bus
2026-03-07 17:37:10.814 - voice - ovos_dinkum_listener.service:on_alive:96 - INFO - DinkumVoiceService is alive.
2026-03-07 17:37:10.819 - voice - ovos_dinkum_listener.voice_loop.hotwords:load_hotword_engines:124 - INFO - creating hotword engines
2026-03-07 17:37:10.820 - voice - ovos_plugin_manager.wakewords:load_module:141 - INFO - Loading "wake_up" wake word via ovos-ww-plugin-vosk with config: {'module': 'ovos-ww-plugin-vosk', 'rule': 'fuzzy', 'samples': ['wake up'], 'lang': 'en-us', 'wakeup': True, 'fallback_ww': 'wake_up_pocketsphinx'}
2026-03-07 17:37:13.661 - voice - ovos_plugin_manager.wakewords:load_module:148 - INFO - Loaded the Wake Word wake_up with module ovos-ww-plugin-vosk
2026-03-07 18:16:17.840 - voice - ovos_dinkum_listener.voice_loop.hotwords:load_hotword_engines:173 - INFO - Loading hotword: wake_up with engine: <ovos_ww_plugin_vosk.VoskWakeWordPlugin object at 0x7ffee1419010>
2026-03-07 18:16:17.842 - voice - ovos_plugin_manager.wakewords:load_module:141 - INFO - Loading "hey_k9" wake word via ovos-ww-plugin-precise-lite with config: {'module': 'ovos-ww-plugin-precise-lite', 'model': '/home/ovos/.local/share/mycroft/hey_k9.tflite', 'listen': True, 'active': True, 'expected_duration': 3, 'trigger_level': 3, 'sensitivity': 0.5}
2026-03-07 18:16:17.849 - voice - ovos_plugin_manager.wakewords:load_module:148 - INFO - Loaded the Wake Word hey_k9 with module ovos-ww-plugin-precise-lite
2026-03-07 18:16:18.085 - voice - ovos_dinkum_listener.voice_loop.hotwords:load_hotword_engines:173 - INFO - Loading hotword: hey_k9 with engine: <ovos_ww_plugin_precise_lite.PreciseLiteHotwordPlugin object at 0x7ffec4420d70>
2026-03-07 18:16:18.102 - voice - ovos_dinkum_listener.voice_loop.hotwords:load_hotword_engines:217 - WARNING - No stop words loaded
2026-03-07 18:16:18.103 - voice - ovos_dinkum_listener.voice_loop.voice_loop:start:190 - INFO - Listening mode: ListeningMode.WAKEWORD
2026-03-07 18:16:18.103 - voice - ovos_dinkum_listener.voice_loop.voice_loop:start:191 - INFO - VAD pre-wake enabled: False
2026-03-07 18:16:21.105 - voice - ovos_dinkum_listener.service:on_started:100 - INFO - DinkumVoiceService started.
2026-03-07 18:16:21.106 - voice - ovos_dinkum_listener.service:on_started:100 - INFO - DinkumVoiceService started.
2026-03-07 18:16:21.107 - voice - ovos_dinkum_listener.service:on_ready:92 - INFO - DinkumVoiceService is ready.
2026-03-07 18:16:21.107 - voice - ovos_dinkum_listener.service:run:349 - INFO - Service ready
2026-03-07 18:16:21.107 - voice - ovos_dinkum_listener.voice_loop.voice_loop:run:255 - INFO - Starting loop in mode: ListeningMode.WAKEWORD
2026-03-07 18:18:17.889 - voice - ovos_dinkum_listener.service:__init__:169 - INFO - Starting Voice Service
2026-03-07 18:18:17.920 - voice - ovos_dinkum_listener.service:on_alive:96 - INFO - DinkumVoiceService is alive.
2026-03-07 18:18:17.921 - voice - ovos_dinkum_listener.service:_before_start:372 - INFO - Starting service...
2026-03-07 18:18:17.967 - voice - ovos_dinkum_listener.service:_connect_to_bus:476 - INFO - Connected to Mycroft Core message bus
2026-03-07 18:18:21.759 - voice - ovos_dinkum_listener.service:on_alive:96 - INFO - DinkumVoiceService is alive.
2026-03-07 18:18:21.763 - voice - ovos_dinkum_listener.voice_loop.hotwords:load_hotword_engines:124 - INFO - creating hotword engines
2026-03-07 18:18:21.765 - voice - ovos_plugin_manager.wakewords:load_module:141 - INFO - Loading "wake_up" wake word via ovos-ww-plugin-vosk with config: {'module': 'ovos-ww-plugin-vosk', 'rule': 'fuzzy', 'samples': ['wake up'], 'lang': 'en-us', 'wakeup': True, 'fallback_ww': 'wake_up_pocketsphinx'}
2026-03-07 18:18:23.710 - voice - ovos_plugin_manager.wakewords:load_module:148 - INFO - Loaded the Wake Word wake_up with module ovos-ww-plugin-vosk
2026-03-07 18:18:25.055 - voice - ovos_dinkum_listener.voice_loop.hotwords:load_hotword_engines:173 - INFO - Loading hotword: wake_up with engine: <ovos_ww_plugin_vosk.VoskWakeWordPlugin object at 0x7fff869f9010>
2026-03-07 18:18:25.057 - voice - ovos_plugin_manager.wakewords:load_module:141 - INFO - Loading "hey_k9" wake word via ovos-ww-plugin-precise-lite with config: {'module': 'ovos-ww-plugin-precise-lite', 'model': '/home/ovos/.local/share/mycroft/hey_k9.tflite', 'listen': True, 'active': True, 'expected_duration': 3, 'trigger_level': 3, 'sensitivity': 0.5}
2026-03-07 18:18:25.064 - voice - ovos_plugin_manager.wakewords:load_module:148 - INFO - Loaded the Wake Word hey_k9 with module ovos-ww-plugin-precise-lite
2026-03-07 18:18:25.220 - voice - ovos_dinkum_listener.voice_loop.hotwords:load_hotword_engines:173 - INFO - Loading hotword: hey_k9 with engine: <ovos_ww_plugin_precise_lite.PreciseLiteHotwordPlugin object at 0x7fff6a1e8ec0>
2026-03-07 18:18:25.229 - voice - ovos_dinkum_listener.voice_loop.hotwords:load_hotword_engines:217 - WARNING - No stop words loaded
2026-03-07 18:18:25.231 - voice - ovos_dinkum_listener.voice_loop.voice_loop:start:190 - INFO - Listening mode: ListeningMode.WAKEWORD
2026-03-07 18:18:25.231 - voice - ovos_dinkum_listener.voice_loop.voice_loop:start:191 - INFO - VAD pre-wake enabled: False
2026-03-07 18:18:28.237 - voice - ovos_dinkum_listener.service:on_started:100 - INFO - DinkumVoiceService started.
2026-03-07 18:18:28.237 - voice - ovos_dinkum_listener.service:on_started:100 - INFO - DinkumVoiceService started.
2026-03-07 18:18:28.238 - voice - ovos_dinkum_listener.service:on_ready:92 - INFO - DinkumVoiceService is ready.
2026-03-07 18:18:28.238 - voice - ovos_dinkum_listener.service:run:349 - INFO - Service ready
2026-03-07 18:18:28.238 - voice - ovos_dinkum_listener.voice_loop.voice_loop:run:255 - INFO - Starting loop in mode: ListeningMode.WAKEWORD
2026-03-07 18:18:20.498 - voice - ovos_dinkum_listener.service:__init__:169 - INFO - Starting Voice Service
2026-03-07 18:18:20.517 - voice - ovos_dinkum_listener.service:on_alive:96 - INFO - DinkumVoiceService is alive.
2026-03-07 18:18:20.518 - voice - ovos_dinkum_listener.service:_before_start:372 - INFO - Starting service...
2026-03-07 18:18:20.558 - voice - ovos_dinkum_listener.service:_connect_to_bus:476 - INFO - Connected to Mycroft Core message bus
2026-03-07 18:18:24.355 - voice - ovos_dinkum_listener.service:on_alive:96 - INFO - DinkumVoiceService is alive.
2026-03-07 18:18:24.362 - voice - ovos_dinkum_listener.voice_loop.hotwords:load_hotword_engines:124 - INFO - creating hotword engines
2026-03-07 18:18:24.364 - voice - ovos_plugin_manager.wakewords:load_module:141 - INFO - Loading "wake_up" wake word via ovos-ww-plugin-vosk with config: {'module': 'ovos-ww-plugin-vosk', 'rule': 'fuzzy', 'samples': ['wake up'], 'lang': 'en-us', 'wakeup': True, 'fallback_ww': 'wake_up_pocketsphinx'}
2026-03-07 18:18:26.579 - voice - ovos_plugin_manager.wakewords:load_module:148 - INFO - Loaded the Wake Word wake_up with module ovos-ww-plugin-vosk
2026-03-07 18:18:28.105 - voice - ovos_dinkum_listener.voice_loop.hotwords:load_hotword_engines:173 - INFO - Loading hotword: wake_up with engine: <ovos_ww_plugin_vosk.VoskWakeWordPlugin object at 0x7ffeb2e15010>
2026-03-07 18:18:28.107 - voice - ovos_plugin_manager.wakewords:load_module:141 - INFO - Loading "hey_k9" wake word via ovos-ww-plugin-precise-lite with config: {'module': 'ovos-ww-plugin-precise-lite', 'model': '/home/ovos/.local/share/mycroft/hey_k9.tflite', 'listen': True, 'active': True, 'expected_duration': 3, 'trigger_level': 3, 'sensitivity': 0.5}
2026-03-07 18:18:28.124 - voice - ovos_plugin_manager.wakewords:load_module:148 - INFO - Loaded the Wake Word hey_k9 with module ovos-ww-plugin-precise-lite
2026-03-07 18:18:28.231 - voice - ovos_dinkum_listener.voice_loop.hotwords:load_hotword_engines:173 - INFO - Loading hotword: hey_k9 with engine: <ovos_ww_plugin_precise_lite.PreciseLiteHotwordPlugin object at 0x7ffe95f50ec0>
2026-03-07 18:18:28.238 - voice - ovos_dinkum_listener.voice_loop.hotwords:load_hotword_engines:217 - WARNING - No stop words loaded
2026-03-07 18:18:28.239 - voice - ovos_dinkum_listener.voice_loop.voice_loop:start:190 - INFO - Listening mode: ListeningMode.WAKEWORD
2026-03-07 18:18:28.244 - voice - ovos_dinkum_listener.voice_loop.voice_loop:start:191 - INFO - VAD pre-wake enabled: False
2026-03-07 18:18:31.247 - voice - ovos_dinkum_listener.service:on_started:100 - INFO - DinkumVoiceService started.
2026-03-07 18:18:31.248 - voice - ovos_dinkum_listener.service:on_started:100 - INFO - DinkumVoiceService started.
2026-03-07 18:18:31.249 - voice - ovos_dinkum_listener.service:on_ready:92 - INFO - DinkumVoiceService is ready.
2026-03-07 18:18:31.249 - voice - ovos_dinkum_listener.service:run:349 - INFO - Service ready
2026-03-07 18:18:31.250 - voice - ovos_dinkum_listener.voice_loop.voice_loop:run:255 - INFO - Starting loop in mode: ListeningMode.WAKEWORD
2026-03-07 18:18:22.812 - voice - ovos_dinkum_listener.service:__init__:169 - INFO - Starting Voice Service
2026-03-07 18:18:22.837 - voice - ovos_dinkum_listener.service:on_alive:96 - INFO - DinkumVoiceService is alive.
2026-03-07 18:18:22.839 - voice - ovos_dinkum_listener.service:_before_start:372 - INFO - Starting service...
2026-03-07 18:18:22.884 - voice - ovos_dinkum_listener.service:_connect_to_bus:476 - INFO - Connected to Mycroft Core message bus
2026-03-07 18:18:26.608 - voice - ovos_dinkum_listener.service:on_alive:96 - INFO - DinkumVoiceService is alive.
2026-03-07 18:18:26.612 - voice - ovos_dinkum_listener.voice_loop.hotwords:load_hotword_engines:124 - INFO - creating hotword engines
2026-03-07 18:18:26.614 - voice - ovos_plugin_manager.wakewords:load_module:141 - INFO - Loading "wake_up" wake word via ovos-ww-plugin-vosk with config: {'module': 'ovos-ww-plugin-vosk', 'rule': 'fuzzy', 'samples': ['wake up'], 'lang': 'en-us', 'wakeup': True, 'fallback_ww': 'wake_up_pocketsphinx'}
2026-03-07 18:18:29.080 - voice - ovos_plugin_manager.wakewords:load_module:148 - INFO - Loaded the Wake Word wake_up with module ovos-ww-plugin-vosk
2026-03-07 18:18:30.597 - voice - ovos_dinkum_listener.voice_loop.hotwords:load_hotword_engines:173 - INFO - Loading hotword: wake_up with engine: <ovos_ww_plugin_vosk.VoskWakeWordPlugin object at 0x7fff6e5b9010>
2026-03-07 18:18:30.600 - voice - ovos_plugin_manager.wakewords:load_module:141 - INFO - Loading "hey_k9" wake word via ovos-ww-plugin-precise-lite with config: {'module': 'ovos-ww-plugin-precise-lite', 'model': '/home/ovos/.local/share/mycroft/hey_k9.tflite', 'listen': True, 'active': True, 'expected_duration': 3, 'trigger_level': 3, 'sensitivity': 0.5}
2026-03-07 18:18:30.608 - voice - ovos_plugin_manager.wakewords:load_module:148 - INFO - Loaded the Wake Word hey_k9 with module ovos-ww-plugin-precise-lite
2026-03-07 18:18:30.729 - voice - ovos_dinkum_listener.voice_loop.hotwords:load_hotword_engines:173 - INFO - Loading hotword: hey_k9 with engine: <ovos_ww_plugin_precise_lite.PreciseLiteHotwordPlugin object at 0x7fff51630d70>
2026-03-07 18:18:30.736 - voice - ovos_dinkum_listener.voice_loop.hotwords:load_hotword_engines:217 - WARNING - No stop words loaded
2026-03-07 18:18:30.739 - voice - ovos_dinkum_listener.voice_loop.voice_loop:start:190 - INFO - Listening mode: ListeningMode.WAKEWORD
2026-03-07 18:18:30.740 - voice - ovos_dinkum_listener.voice_loop.voice_loop:start:191 - INFO - VAD pre-wake enabled: False
2026-03-07 18:18:33.743 - voice - ovos_dinkum_listener.service:on_started:100 - INFO - DinkumVoiceService started.
2026-03-07 18:18:33.744 - voice - ovos_dinkum_listener.service:on_started:100 - INFO - DinkumVoiceService started.
2026-03-07 18:18:33.745 - voice - ovos_dinkum_listener.service:on_ready:92 - INFO - DinkumVoiceService is ready.
2026-03-07 18:18:33.745 - voice - ovos_dinkum_listener.service:run:349 - INFO - Service ready
2026-03-07 18:18:33.745 - voice - ovos_dinkum_listener.voice_loop.voice_loop:run:255 - INFO - Starting loop in mode: ListeningMode.WAKEWORD
2026-03-07 18:18:25.808 - voice - ovos_dinkum_listener.service:__init__:169 - INFO - Starting Voice Service
2026-03-07 18:18:25.837 - voice - ovos_dinkum_listener.service:on_alive:96 - INFO - DinkumVoiceService is alive.
2026-03-07 18:18:25.837 - voice - ovos_dinkum_listener.service:_before_start:372 - INFO - Starting service...
2026-03-07 18:18:25.897 - voice - ovos_dinkum_listener.service:_connect_to_bus:476 - INFO - Connected to Mycroft Core message bus
2026-03-07 18:18:29.732 - voice - ovos_dinkum_listener.service:on_alive:96 - INFO - DinkumVoiceService is alive.
2026-03-07 18:18:29.734 - voice - ovos_dinkum_listener.voice_loop.hotwords:load_hotword_engines:124 - INFO - creating hotword engines
2026-03-07 18:18:29.736 - voice - ovos_plugin_manager.wakewords:load_module:141 - INFO - Loading "wake_up" wake word via ovos-ww-plugin-vosk with config: {'module': 'ovos-ww-plugin-vosk', 'rule': 'fuzzy', 'samples': ['wake up'], 'lang': 'en-us', 'wakeup': True, 'fallback_ww': 'wake_up_pocketsphinx'}
2026-03-07 18:18:29.737 - voice - ovos_microphone_plugin_alsa:_run:113 - ERROR - Failed to open microphone
Traceback (most recent call last):
  File "/home/ovos/.venv/lib/python3.13/site-packages/ovos_microphone_plugin_alsa/__init__.py", line 78, in _run
    mic = alsaaudio.PCM(
        type=alsaaudio.PCM_CAPTURE,
    ...<6 lines>...
        periodsize=self.period_size,
    )
alsaaudio.ALSAAudioError: No such file or directory [hw:0,0]
2026-03-07 18:18:31.939 - voice - ovos_plugin_manager.wakewords:load_module:148 - INFO - Loaded the Wake Word wake_up with module ovos-ww-plugin-vosk
2026-03-07 18:18:33.263 - voice - ovos_dinkum_listener.voice_loop.hotwords:load_hotword_engines:173 - INFO - Loading hotword: wake_up with engine: <ovos_ww_plugin_vosk.VoskWakeWordPlugin object at 0x7ffe97995010>
2026-03-07 18:18:33.265 - voice - ovos_plugin_manager.wakewords:load_module:141 - INFO - Loading "hey_k9" wake word via ovos-ww-plugin-precise-lite with config: {'module': 'ovos-ww-plugin-precise-lite', 'model': '/home/ovos/.local/share/mycroft/hey_k9.tflite', 'listen': True, 'active': True, 'expected_duration': 3, 'trigger_level': 3, 'sensitivity': 0.5}
2026-03-07 18:18:33.273 - voice - ovos_plugin_manager.wakewords:load_module:148 - INFO - Loaded the Wake Word hey_k9 with module ovos-ww-plugin-precise-lite
2026-03-07 18:18:33.446 - voice - ovos_dinkum_listener.voice_loop.hotwords:load_hotword_engines:173 - INFO - Loading hotword: hey_k9 with engine: <ovos_ww_plugin_precise_lite.PreciseLiteHotwordPlugin object at 0x7ffe7aae8ec0>
2026-03-07 18:18:33.456 - voice - ovos_dinkum_listener.voice_loop.hotwords:load_hotword_engines:217 - WARNING - No stop words loaded
2026-03-07 18:18:33.457 - voice - ovos_dinkum_listener.voice_loop.voice_loop:start:190 - INFO - Listening mode: ListeningMode.WAKEWORD
2026-03-07 18:18:33.458 - voice - ovos_dinkum_listener.voice_loop.voice_loop:start:191 - INFO - VAD pre-wake enabled: False
2026-03-07 18:18:36.476 - voice - ovos_dinkum_listener.service:on_started:100 - INFO - DinkumVoiceService started.
2026-03-07 18:18:36.477 - voice - ovos_dinkum_listener.service:on_started:100 - INFO - DinkumVoiceService started.
2026-03-07 18:18:36.478 - voice - ovos_dinkum_listener.service:on_ready:92 - INFO - DinkumVoiceService is ready.
2026-03-07 18:18:36.478 - voice - ovos_dinkum_listener.service:run:349 - INFO - Service ready
2026-03-07 18:18:36.478 - voice - ovos_dinkum_listener.voice_loop.voice_loop:run:255 - INFO - Starting loop in mode: ListeningMode.WAKEWORD
2026-03-07 18:18:25.806 - voice - ovos_dinkum_listener.service:__init__:169 - INFO - Starting Voice Service
2026-03-07 18:18:25.821 - voice - ovos_dinkum_listener.service:on_alive:96 - INFO - DinkumVoiceService is alive.
2026-03-07 18:18:25.822 - voice - ovos_dinkum_listener.service:_before_start:372 - INFO - Starting service...
2026-03-07 18:18:25.867 - voice - ovos_dinkum_listener.service:_connect_to_bus:476 - INFO - Connected to Mycroft Core message bus
2026-03-07 18:18:29.900 - voice - ovos_dinkum_listener.service:on_alive:96 - INFO - DinkumVoiceService is alive.
2026-03-07 18:18:29.901 - voice - ovos_dinkum_listener.voice_loop.hotwords:load_hotword_engines:124 - INFO - creating hotword engines
2026-03-07 18:18:29.907 - voice - ovos_plugin_manager.wakewords:load_module:141 - INFO - Loading "wake_up" wake word via ovos-ww-plugin-vosk with config: {'module': 'ovos-ww-plugin-vosk', 'rule': 'fuzzy', 'samples': ['wake up'], 'lang': 'en-us', 'wakeup': True, 'fallback_ww': 'wake_up_pocketsphinx'}
2026-03-07 18:18:32.003 - voice - ovos_plugin_manager.wakewords:load_module:148 - INFO - Loaded the Wake Word wake_up with module ovos-ww-plugin-vosk
2026-03-07 18:18:33.780 - voice - ovos_dinkum_listener.voice_loop.hotwords:load_hotword_engines:173 - INFO - Loading hotword: wake_up with engine: <ovos_ww_plugin_vosk.VoskWakeWordPlugin object at 0x7fff4eac1010>
2026-03-07 18:18:33.783 - voice - ovos_plugin_manager.wakewords:load_module:141 - INFO - Loading "hey_k9" wake word via ovos-ww-plugin-precise-lite with config: {'module': 'ovos-ww-plugin-precise-lite', 'model': '/home/ovos/.local/share/mycroft/hey_k9.tflite', 'listen': True, 'active': True, 'expected_duration': 3, 'trigger_level': 3, 'sensitivity': 0.5}
2026-03-07 18:18:33.794 - voice - ovos_plugin_manager.wakewords:load_module:148 - INFO - Loaded the Wake Word hey_k9 with module ovos-ww-plugin-precise-lite
2026-03-07 18:18:33.916 - voice - ovos_dinkum_listener.voice_loop.hotwords:load_hotword_engines:173 - INFO - Loading hotword: hey_k9 with engine: <ovos_ww_plugin_precise_lite.PreciseLiteHotwordPlugin object at 0x7fff31be4ec0>
2026-03-07 18:18:33.926 - voice - ovos_dinkum_listener.voice_loop.hotwords:load_hotword_engines:217 - WARNING - No stop words loaded
2026-03-07 18:18:33.939 - voice - ovos_dinkum_listener.voice_loop.voice_loop:start:190 - INFO - Listening mode: ListeningMode.WAKEWORD
2026-03-07 18:18:33.947 - voice - ovos_dinkum_listener.voice_loop.voice_loop:start:191 - INFO - VAD pre-wake enabled: False
2026-03-07 18:18:36.952 - voice - ovos_dinkum_listener.service:on_started:100 - INFO - DinkumVoiceService started.
2026-03-07 18:18:36.952 - voice - ovos_dinkum_listener.service:on_started:100 - INFO - DinkumVoiceService started.
2026-03-07 18:18:36.953 - voice - ovos_dinkum_listener.service:on_ready:92 - INFO - DinkumVoiceService is ready.
2026-03-07 18:18:36.954 - voice - ovos_dinkum_listener.service:run:349 - INFO - Service ready
2026-03-07 18:18:36.954 - voice - ovos_dinkum_listener.voice_loop.voice_loop:run:255 - INFO - Starting loop in mode: ListeningMode.WAKEWORD
2026-03-07 18:18:27.880 - voice - ovos_dinkum_listener.service:__init__:169 - INFO - Starting Voice Service
2026-03-07 18:18:27.899 - voice - ovos_dinkum_listener.service:on_alive:96 - INFO - DinkumVoiceService is alive.
2026-03-07 18:18:27.900 - voice - ovos_dinkum_listener.service:_before_start:372 - INFO - Starting service...
2026-03-07 18:18:27.949 - voice - ovos_dinkum_listener.service:_connect_to_bus:476 - INFO - Connected to Mycroft Core message bus
2026-03-07 18:18:31.456 - voice - ovos_dinkum_listener.service:on_alive:96 - INFO - DinkumVoiceService is alive.
2026-03-07 18:18:31.464 - voice - ovos_dinkum_listener.voice_loop.hotwords:load_hotword_engines:124 - INFO - creating hotword engines
2026-03-07 18:18:31.465 - voice - ovos_plugin_manager.wakewords:load_module:141 - INFO - Loading "wake_up" wake word via ovos-ww-plugin-vosk with config: {'module': 'ovos-ww-plugin-vosk', 'rule': 'fuzzy', 'samples': ['wake up'], 'lang': 'en-us', 'wakeup': True, 'fallback_ww': 'wake_up_pocketsphinx'}
2026-03-07 18:18:33.699 - voice - ovos_plugin_manager.wakewords:load_module:148 - INFO - Loaded the Wake Word wake_up with module ovos-ww-plugin-vosk
2026-03-07 18:18:35.165 - voice - ovos_dinkum_listener.voice_loop.hotwords:load_hotword_engines:173 - INFO - Loading hotword: wake_up with engine: <ovos_ww_plugin_vosk.VoskWakeWordPlugin object at 0x7ffec6699010>
2026-03-07 18:18:35.166 - voice - ovos_plugin_manager.wakewords:load_module:141 - INFO - Loading "hey_k9" wake word via ovos-ww-plugin-precise-lite with config: {'module': 'ovos-ww-plugin-precise-lite', 'model': '/home/ovos/.local/share/mycroft/hey_k9.tflite', 'listen': True, 'active': True, 'expected_duration': 3, 'trigger_level': 3, 'sensitivity': 0.5}
2026-03-07 18:18:35.194 - voice - ovos_plugin_manager.wakewords:load_module:148 - INFO - Loaded the Wake Word hey_k9 with module ovos-ww-plugin-precise-lite
2026-03-07 18:18:35.292 - voice - ovos_dinkum_listener.voice_loop.hotwords:load_hotword_engines:173 - INFO - Loading hotword: hey_k9 with engine: <ovos_ww_plugin_precise_lite.PreciseLiteHotwordPlugin object at 0x7ffea96b4d70>
2026-03-07 18:18:35.308 - voice - ovos_dinkum_listener.voice_loop.hotwords:load_hotword_engines:217 - WARNING - No stop words loaded
2026-03-07 18:18:35.312 - voice - ovos_dinkum_listener.voice_loop.voice_loop:start:190 - INFO - Listening mode: ListeningMode.WAKEWORD
2026-03-07 18:18:35.313 - voice - ovos_dinkum_listener.voice_loop.voice_loop:start:191 - INFO - VAD pre-wake enabled: False
2026-03-07 18:18:38.316 - voice - ovos_dinkum_listener.service:on_started:100 - INFO - DinkumVoiceService started.
2026-03-07 18:18:38.316 - voice - ovos_dinkum_listener.service:on_started:100 - INFO - DinkumVoiceService started.
2026-03-07 18:18:38.317 - voice - ovos_dinkum_listener.service:on_ready:92 - INFO - DinkumVoiceService is ready.
2026-03-07 18:18:38.318 - voice - ovos_dinkum_listener.service:run:349 - INFO - Service ready
2026-03-07 18:18:38.318 - voice - ovos_dinkum_listener.voice_loop.voice_loop:run:255 - INFO - Starting loop in mode: ListeningMode.WAKEWORD
2026-03-07 18:18:31.838 - voice - ovos_dinkum_listener.service:__init__:169 - INFO - Starting Voice Service
2026-03-07 18:18:31.858 - voice - ovos_dinkum_listener.service:on_alive:96 - INFO - DinkumVoiceService is alive.
2026-03-07 18:18:31.860 - voice - ovos_dinkum_listener.service:_before_start:372 - INFO - Starting service...
2026-03-07 18:18:31.910 - voice - ovos_dinkum_listener.service:_connect_to_bus:476 - INFO - Connected to Mycroft Core message bus
2026-03-07 18:18:35.936 - voice - ovos_dinkum_listener.service:on_alive:96 - INFO - DinkumVoiceService is alive.
2026-03-07 18:18:35.937 - voice - ovos_dinkum_listener.voice_loop.hotwords:load_hotword_engines:124 - INFO - creating hotword engines
2026-03-07 18:18:35.953 - voice - ovos_plugin_manager.wakewords:load_module:141 - INFO - Loading "wake_up" wake word via ovos-ww-plugin-vosk with config: {'module': 'ovos-ww-plugin-vosk', 'rule': 'fuzzy', 'samples': ['wake up'], 'lang': 'en-us', 'wakeup': True, 'fallback_ww': 'wake_up_pocketsphinx'}
2026-03-07 18:18:38.155 - voice - ovos_plugin_manager.wakewords:load_module:148 - INFO - Loaded the Wake Word wake_up with module ovos-ww-plugin-vosk
2026-03-07 18:18:39.935 - voice - ovos_dinkum_listener.voice_loop.hotwords:load_hotword_engines:173 - INFO - Loading hotword: wake_up with engine: <ovos_ww_plugin_vosk.VoskWakeWordPlugin object at 0x7ffeec5c9010>
2026-03-07 18:18:39.944 - voice - ovos_plugin_manager.wakewords:load_module:141 - INFO - Loading "hey_k9" wake word via ovos-ww-plugin-precise-lite with config: {'module': 'ovos-ww-plugin-precise-lite', 'model': '/home/ovos/.local/share/mycroft/hey_k9.tflite', 'listen': True, 'active': True, 'expected_duration': 3, 'trigger_level': 3, 'sensitivity': 0.5}
2026-03-07 18:18:39.959 - voice - ovos_plugin_manager.wakewords:load_module:148 - INFO - Loaded the Wake Word hey_k9 with module ovos-ww-plugin-precise-lite
2026-03-07 18:18:40.095 - voice - ovos_dinkum_listener.voice_loop.hotwords:load_hotword_engines:173 - INFO - Loading hotword: hey_k9 with engine: <ovos_ww_plugin_precise_lite.PreciseLiteHotwordPlugin object at 0x7ffecfd74d70>
2026-03-07 18:18:40.100 - voice - ovos_dinkum_listener.voice_loop.hotwords:load_hotword_engines:217 - WARNING - No stop words loaded
2026-03-07 18:18:40.102 - voice - ovos_dinkum_listener.voice_loop.voice_loop:start:190 - INFO - Listening mode: ListeningMode.WAKEWORD
2026-03-07 18:18:40.103 - voice - ovos_dinkum_listener.voice_loop.voice_loop:start:191 - INFO - VAD pre-wake enabled: False
2026-03-07 18:18:43.118 - voice - ovos_dinkum_listener.service:on_started:100 - INFO - DinkumVoiceService started.
2026-03-07 18:18:43.119 - voice - ovos_dinkum_listener.service:on_started:100 - INFO - DinkumVoiceService started.
2026-03-07 18:18:43.119 - voice - ovos_dinkum_listener.service:on_ready:92 - INFO - DinkumVoiceService is ready.
2026-03-07 18:18:43.120 - voice - ovos_dinkum_listener.service:run:349 - INFO - Service ready
2026-03-07 18:18:43.120 - voice - ovos_dinkum_listener.voice_loop.voice_loop:run:255 - INFO - Starting loop in mode: ListeningMode.WAKEWORD
2026-03-07 18:18:31.292 - voice - ovos_dinkum_listener.service:__init__:169 - INFO - Starting Voice Service
2026-03-07 18:18:31.317 - voice - ovos_dinkum_listener.service:on_alive:96 - INFO - DinkumVoiceService is alive.
2026-03-07 18:18:31.318 - voice - ovos_dinkum_listener.service:_before_start:372 - INFO - Starting service...
2026-03-07 18:18:31.355 - voice - ovos_dinkum_listener.service:_connect_to_bus:476 - INFO - Connected to Mycroft Core message bus
2026-03-07 18:18:35.140 - voice - ovos_dinkum_listener.service:on_alive:96 - INFO - DinkumVoiceService is alive.
2026-03-07 18:18:35.152 - voice - ovos_dinkum_listener.voice_loop.hotwords:load_hotword_engines:124 - INFO - creating hotword engines
2026-03-07 18:18:35.154 - voice - ovos_plugin_manager.wakewords:load_module:141 - INFO - Loading "wake_up" wake word via ovos-ww-plugin-vosk with config: {'module': 'ovos-ww-plugin-vosk', 'rule': 'fuzzy', 'samples': ['wake up'], 'lang': 'en-us', 'wakeup': True, 'fallback_ww': 'wake_up_pocketsphinx'}
2026-03-07 18:18:37.177 - voice - ovos_plugin_manager.wakewords:load_module:148 - INFO - Loaded the Wake Word wake_up with module ovos-ww-plugin-vosk
2026-03-07 18:18:38.733 - voice - ovos_dinkum_listener.voice_loop.hotwords:load_hotword_engines:173 - INFO - Loading hotword: wake_up with engine: <ovos_ww_plugin_vosk.VoskWakeWordPlugin object at 0x7fff751c9010>
2026-03-07 18:18:38.734 - voice - ovos_plugin_manager.wakewords:load_module:141 - INFO - Loading "hey_k9" wake word via ovos-ww-plugin-precise-lite with config: {'module': 'ovos-ww-plugin-precise-lite', 'model': '/home/ovos/.local/share/mycroft/hey_k9.tflite', 'listen': True, 'active': True, 'expected_duration': 3, 'trigger_level': 3, 'sensitivity': 0.5}
2026-03-07 18:18:38.751 - voice - ovos_plugin_manager.wakewords:load_module:148 - INFO - Loaded the Wake Word hey_k9 with module ovos-ww-plugin-precise-lite
2026-03-07 18:18:38.880 - voice - ovos_dinkum_listener.voice_loop.hotwords:load_hotword_engines:173 - INFO - Loading hotword: hey_k9 with engine: <ovos_ww_plugin_precise_lite.PreciseLiteHotwordPlugin object at 0x7fff581fcd70>
2026-03-07 18:18:38.891 - voice - ovos_dinkum_listener.voice_loop.hotwords:load_hotword_engines:217 - WARNING - No stop words loaded
2026-03-07 18:18:38.892 - voice - ovos_dinkum_listener.voice_loop.voice_loop:start:190 - INFO - Listening mode: ListeningMode.WAKEWORD
2026-03-07 18:18:38.893 - voice - ovos_dinkum_listener.voice_loop.voice_loop:start:191 - INFO - VAD pre-wake enabled: False
2026-03-07 18:18:41.895 - voice - ovos_dinkum_listener.service:on_started:100 - INFO - DinkumVoiceService started.
2026-03-07 18:18:41.896 - voice - ovos_dinkum_listener.service:on_started:100 - INFO - DinkumVoiceService started.
2026-03-07 18:18:41.897 - voice - ovos_dinkum_listener.service:on_ready:92 - INFO - DinkumVoiceService is ready.
2026-03-07 18:18:41.897 - voice - ovos_dinkum_listener.service:run:349 - INFO - Service ready
2026-03-07 18:18:41.897 - voice - ovos_dinkum_listener.voice_loop.voice_loop:run:255 - INFO - Starting loop in mode: ListeningMode.WAKEWORD
2026-03-07 18:18:33.320 - voice - ovos_dinkum_listener.service:__init__:169 - INFO - Starting Voice Service
2026-03-07 18:18:33.344 - voice - ovos_dinkum_listener.service:on_alive:96 - INFO - DinkumVoiceService is alive.
2026-03-07 18:18:33.345 - voice - ovos_dinkum_listener.service:_before_start:372 - INFO - Starting service...
2026-03-07 18:18:33.392 - voice - ovos_dinkum_listener.service:_connect_to_bus:476 - INFO - Connected to Mycroft Core message bus
2026-03-07 18:18:37.259 - voice - ovos_dinkum_listener.service:on_alive:96 - INFO - DinkumVoiceService is alive.
2026-03-07 18:18:37.262 - voice - ovos_dinkum_listener.voice_loop.hotwords:load_hotword_engines:124 - INFO - creating hotword engines
2026-03-07 18:18:37.268 - voice - ovos_plugin_manager.wakewords:load_module:141 - INFO - Loading "wake_up" wake word via ovos-ww-plugin-vosk with config: {'module': 'ovos-ww-plugin-vosk', 'rule': 'fuzzy', 'samples': ['wake up'], 'lang': 'en-us', 'wakeup': True, 'fallback_ww': 'wake_up_pocketsphinx'}
2026-03-07 18:18:39.435 - voice - ovos_plugin_manager.wakewords:load_module:148 - INFO - Loaded the Wake Word wake_up with module ovos-ww-plugin-vosk
2026-03-07 18:18:41.028 - voice - ovos_dinkum_listener.voice_loop.hotwords:load_hotword_engines:173 - INFO - Loading hotword: wake_up with engine: <ovos_ww_plugin_vosk.VoskWakeWordPlugin object at 0x7fff329f5010>
2026-03-07 18:18:41.036 - voice - ovos_plugin_manager.wakewords:load_module:141 - INFO - Loading "hey_k9" wake word via ovos-ww-plugin-precise-lite with config: {'module': 'ovos-ww-plugin-precise-lite', 'model': '/home/ovos/.local/share/mycroft/hey_k9.tflite', 'listen': True, 'active': True, 'expected_duration': 3, 'trigger_level': 3, 'sensitivity': 0.5}
2026-03-07 18:18:41.056 - voice - ovos_plugin_manager.wakewords:load_module:148 - INFO - Loaded the Wake Word hey_k9 with module ovos-ww-plugin-precise-lite
2026-03-07 18:18:41.212 - voice - ovos_dinkum_listener.voice_loop.hotwords:load_hotword_engines:173 - INFO - Loading hotword: hey_k9 with engine: <ovos_ww_plugin_precise_lite.PreciseLiteHotwordPlugin object at 0x7fff15a1cd70>
2026-03-07 18:18:41.224 - voice - ovos_dinkum_listener.voice_loop.hotwords:load_hotword_engines:217 - WARNING - No stop words loaded
2026-03-07 18:18:41.226 - voice - ovos_dinkum_listener.voice_loop.voice_loop:start:190 - INFO - Listening mode: ListeningMode.WAKEWORD
2026-03-07 18:18:41.228 - voice - ovos_dinkum_listener.voice_loop.voice_loop:start:191 - INFO - VAD pre-wake enabled: False
2026-03-07 18:18:44.232 - voice - ovos_dinkum_listener.service:on_started:100 - INFO - DinkumVoiceService started.
2026-03-07 18:18:44.233 - voice - ovos_dinkum_listener.service:on_started:100 - INFO - DinkumVoiceService started.
2026-03-07 18:18:44.234 - voice - ovos_dinkum_listener.service:on_ready:92 - INFO - DinkumVoiceService is ready.
2026-03-07 18:18:44.234 - voice - ovos_dinkum_listener.service:run:349 - INFO - Service ready
2026-03-07 18:18:44.235 - voice - ovos_dinkum_listener.voice_loop.voice_loop:run:255 - INFO - Starting loop in mode: ListeningMode.WAKEWORD
2026-03-07 18:18:36.499 - voice - ovos_dinkum_listener.service:__init__:169 - INFO - Starting Voice Service
2026-03-07 18:18:36.515 - voice - ovos_dinkum_listener.service:on_alive:96 - INFO - DinkumVoiceService is alive.
2026-03-07 18:18:36.516 - voice - ovos_dinkum_listener.service:_before_start:372 - INFO - Starting service...
2026-03-07 18:18:36.577 - voice - ovos_dinkum_listener.service:_connect_to_bus:476 - INFO - Connected to Mycroft Core message bus
2026-03-07 18:18:40.310 - voice - ovos_dinkum_listener.service:on_alive:96 - INFO - DinkumVoiceService is alive.
2026-03-07 18:18:40.314 - voice - ovos_dinkum_listener.voice_loop.hotwords:load_hotword_engines:124 - INFO - creating hotword engines
2026-03-07 18:18:40.316 - voice - ovos_plugin_manager.wakewords:load_module:141 - INFO - Loading "wake_up" wake word via ovos-ww-plugin-vosk with config: {'module': 'ovos-ww-plugin-vosk', 'rule': 'fuzzy', 'samples': ['wake up'], 'lang': 'en-us', 'wakeup': True, 'fallback_ww': 'wake_up_pocketsphinx'}
2026-03-07 18:18:42.261 - voice - ovos_plugin_manager.wakewords:load_module:148 - INFO - Loaded the Wake Word wake_up with module ovos-ww-plugin-vosk
2026-03-07 18:18:43.732 - voice - ovos_dinkum_listener.voice_loop.hotwords:load_hotword_engines:173 - INFO - Loading hotword: wake_up with engine: <ovos_ww_plugin_vosk.VoskWakeWordPlugin object at 0x7ffef2965010>
2026-03-07 18:18:43.734 - voice - ovos_plugin_manager.wakewords:load_module:141 - INFO - Loading "hey_k9" wake word via ovos-ww-plugin-precise-lite with config: {'module': 'ovos-ww-plugin-precise-lite', 'model': '/home/ovos/.local/share/mycroft/hey_k9.tflite', 'listen': True, 'active': True, 'expected_duration': 3, 'trigger_level': 3, 'sensitivity': 0.5}
2026-03-07 18:18:43.767 - voice - ovos_plugin_manager.wakewords:load_module:148 - INFO - Loaded the Wake Word hey_k9 with module ovos-ww-plugin-precise-lite
2026-03-07 18:18:43.862 - voice - ovos_dinkum_listener.voice_loop.hotwords:load_hotword_engines:173 - INFO - Loading hotword: hey_k9 with engine: <ovos_ww_plugin_precise_lite.PreciseLiteHotwordPlugin object at 0x7ffed5bdcd70>
2026-03-07 18:18:43.870 - voice - ovos_dinkum_listener.voice_loop.hotwords:load_hotword_engines:217 - WARNING - No stop words loaded
2026-03-07 18:18:43.871 - voice - ovos_dinkum_listener.voice_loop.voice_loop:start:190 - INFO - Listening mode: ListeningMode.WAKEWORD
2026-03-07 18:18:43.873 - voice - ovos_dinkum_listener.voice_loop.voice_loop:start:191 - INFO - VAD pre-wake enabled: False
2026-03-07 18:18:46.884 - voice - ovos_dinkum_listener.service:on_started:100 - INFO - DinkumVoiceService started.
2026-03-07 18:18:46.887 - voice - ovos_dinkum_listener.service:on_started:100 - INFO - DinkumVoiceService started.
2026-03-07 18:18:46.888 - voice - ovos_dinkum_listener.service:on_ready:92 - INFO - DinkumVoiceService is ready.
2026-03-07 18:18:46.891 - voice - ovos_dinkum_listener.service:run:349 - INFO - Service ready
2026-03-07 18:18:46.895 - voice - ovos_dinkum_listener.voice_loop.voice_loop:run:255 - INFO - Starting loop in mode: ListeningMode.WAKEWORD
2026-03-08 17:27:29.894 - voice - ovos_dinkum_listener.service:__init__:169 - INFO - Starting Voice Service
2026-03-08 17:27:29.914 - voice - ovos_dinkum_listener.service:on_alive:96 - INFO - DinkumVoiceService is alive.
2026-03-08 17:27:29.915 - voice - ovos_dinkum_listener.service:_before_start:372 - INFO - Starting service...
2026-03-08 17:27:29.964 - voice - ovos_dinkum_listener.service:_connect_to_bus:476 - INFO - Connected to Mycroft Core message bus
2026-03-08 17:27:32.882 - voice - ovos_dinkum_listener.service:on_alive:96 - INFO - DinkumVoiceService is alive.
2026-03-08 17:27:32.886 - voice - ovos_dinkum_listener.voice_loop.hotwords:load_hotword_engines:124 - INFO - creating hotword engines
2026-03-08 17:27:32.888 - voice - ovos_plugin_manager.wakewords:load_module:141 - INFO - Loading "wake_up" wake word via ovos-ww-plugin-vosk with config: {'module': 'ovos-ww-plugin-vosk', 'rule': 'fuzzy', 'samples': ['wake up'], 'lang': 'en-us', 'wakeup': True, 'fallback_ww': 'wake_up_pocketsphinx'}
2026-03-08 17:27:35.632 - voice - ovos_plugin_manager.wakewords:load_module:148 - INFO - Loaded the Wake Word wake_up with module ovos-ww-plugin-vosk
2026-03-08 17:27:36.972 - voice - ovos_dinkum_listener.voice_loop.hotwords:load_hotword_engines:173 - INFO - Loading hotword: wake_up with engine: <ovos_ww_plugin_vosk.VoskWakeWordPlugin object at 0x7fff50621010>
2026-03-08 17:27:36.973 - voice - ovos_plugin_manager.wakewords:load_module:141 - INFO - Loading "hey_k9" wake word via ovos-ww-plugin-precise-lite with config: {'module': 'ovos-ww-plugin-precise-lite', 'model': '/home/ovos/.local/share/mycroft/hey_k9.tflite', 'listen': True, 'active': True, 'expected_duration': 3, 'trigger_level': 3, 'sensitivity': 0.5}
2026-03-08 17:27:36.981 - voice - ovos_plugin_manager.wakewords:load_module:148 - INFO - Loaded the Wake Word hey_k9 with module ovos-ww-plugin-precise-lite
2026-03-08 17:27:37.066 - voice - ovos_dinkum_listener.voice_loop.hotwords:load_hotword_engines:173 - INFO - Loading hotword: hey_k9 with engine: <ovos_ww_plugin_precise_lite.PreciseLiteHotwordPlugin object at 0x7fff3393cec0>
2026-03-08 17:27:37.071 - voice - ovos_dinkum_listener.voice_loop.hotwords:load_hotword_engines:217 - WARNING - No stop words loaded
2026-03-08 17:27:37.073 - voice - ovos_dinkum_listener.voice_loop.voice_loop:start:190 - INFO - Listening mode: ListeningMode.WAKEWORD
2026-03-08 17:27:37.073 - voice - ovos_dinkum_listener.voice_loop.voice_loop:start:191 - INFO - VAD pre-wake enabled: False
2026-03-08 17:59:20.465 - voice - ovos_dinkum_listener.service:on_started:100 - INFO - DinkumVoiceService started.
2026-03-08 17:59:20.466 - voice - ovos_dinkum_listener.service:on_started:100 - INFO - DinkumVoiceService started.
2026-03-08 17:59:20.467 - voice - ovos_dinkum_listener.service:on_ready:92 - INFO - DinkumVoiceService is ready.
2026-03-08 17:59:20.467 - voice - ovos_dinkum_listener.service:run:349 - INFO - Service ready
2026-03-08 17:59:20.468 - voice - ovos_dinkum_listener.voice_loop.voice_loop:run:255 - INFO - Starting loop in mode: ListeningMode.WAKEWORD
2026-03-08 18:01:22.118 - voice - ovos_dinkum_listener.service:__init__:169 - INFO - Starting Voice Service
2026-03-08 18:01:22.134 - voice - ovos_dinkum_listener.service:on_alive:96 - INFO - DinkumVoiceService is alive.
2026-03-08 18:01:22.136 - voice - ovos_dinkum_listener.service:_before_start:372 - INFO - Starting service...
2026-03-08 18:01:22.201 - voice - ovos_dinkum_listener.service:_connect_to_bus:476 - INFO - Connected to Mycroft Core message bus
2026-03-08 18:01:25.522 - voice - ovos_dinkum_listener.service:on_alive:96 - INFO - DinkumVoiceService is alive.
2026-03-08 18:01:25.526 - voice - ovos_dinkum_listener.voice_loop.hotwords:load_hotword_engines:124 - INFO - creating hotword engines
2026-03-08 18:01:25.528 - voice - ovos_plugin_manager.wakewords:load_module:141 - INFO - Loading "wake_up" wake word via ovos-ww-plugin-vosk with config: {'module': 'ovos-ww-plugin-vosk', 'rule': 'fuzzy', 'samples': ['wake up'], 'lang': 'en-us', 'wakeup': True, 'fallback_ww': 'wake_up_pocketsphinx'}
2026-03-08 18:01:27.748 - voice - ovos_plugin_manager.wakewords:load_module:148 - INFO - Loaded the Wake Word wake_up with module ovos-ww-plugin-vosk
2026-03-08 18:01:29.005 - voice - ovos_dinkum_listener.voice_loop.hotwords:load_hotword_engines:173 - INFO - Loading hotword: wake_up with engine: <ovos_ww_plugin_vosk.VoskWakeWordPlugin object at 0x7ffed5725010>
2026-03-08 18:01:29.006 - voice - ovos_plugin_manager.wakewords:load_module:141 - INFO - Loading "hey_k9" wake word via ovos-ww-plugin-precise-lite with config: {'module': 'ovos-ww-plugin-precise-lite', 'model': '/home/ovos/.local/share/mycroft/hey_k9.tflite', 'listen': True, 'active': True, 'expected_duration': 3, 'trigger_level': 3, 'sensitivity': 0.5}
2026-03-08 18:01:29.017 - voice - ovos_plugin_manager.wakewords:load_module:148 - INFO - Loaded the Wake Word hey_k9 with module ovos-ww-plugin-precise-lite
2026-03-08 18:01:29.122 - voice - ovos_dinkum_listener.voice_loop.hotwords:load_hotword_engines:173 - INFO - Loading hotword: hey_k9 with engine: <ovos_ww_plugin_precise_lite.PreciseLiteHotwordPlugin object at 0x7ffeb871cec0>
2026-03-08 18:01:29.129 - voice - ovos_dinkum_listener.voice_loop.hotwords:load_hotword_engines:217 - WARNING - No stop words loaded
2026-03-08 18:01:29.130 - voice - ovos_dinkum_listener.voice_loop.voice_loop:start:190 - INFO - Listening mode: ListeningMode.WAKEWORD
2026-03-08 18:01:29.130 - voice - ovos_dinkum_listener.voice_loop.voice_loop:start:191 - INFO - VAD pre-wake enabled: False
2026-03-08 18:05:48.697 - voice - ovos_dinkum_listener.service:on_started:100 - INFO - DinkumVoiceService started.
2026-03-08 18:05:48.698 - voice - ovos_dinkum_listener.service:on_started:100 - INFO - DinkumVoiceService started.
2026-03-08 18:05:48.700 - voice - ovos_dinkum_listener.service:on_ready:92 - INFO - DinkumVoiceService is ready.
2026-03-08 18:05:48.701 - voice - ovos_dinkum_listener.service:run:349 - INFO - Service ready
2026-03-08 18:05:48.711 - voice - ovos_dinkum_listener.voice_loop.voice_loop:run:255 - INFO - Starting loop in mode: ListeningMode.WAKEWORD
2026-03-08 18:15:00.337 - voice - ovos_dinkum_listener.service:__init__:169 - INFO - Starting Voice Service
2026-03-08 18:15:00.361 - voice - ovos_dinkum_listener.service:on_alive:96 - INFO - DinkumVoiceService is alive.
2026-03-08 18:15:00.362 - voice - ovos_dinkum_listener.service:_before_start:372 - INFO - Starting service...
2026-03-08 18:15:00.443 - voice - ovos_dinkum_listener.service:_connect_to_bus:476 - INFO - Connected to Mycroft Core message bus
2026-03-08 18:15:03.104 - voice - ovos_dinkum_listener.service:on_alive:96 - INFO - DinkumVoiceService is alive.
2026-03-08 18:15:03.108 - voice - ovos_dinkum_listener.voice_loop.hotwords:load_hotword_engines:124 - INFO - creating hotword engines
2026-03-08 18:15:03.110 - voice - ovos_plugin_manager.wakewords:load_module:141 - INFO - Loading "wake_up" wake word via ovos-ww-plugin-vosk with config: {'module': 'ovos-ww-plugin-vosk', 'rule': 'fuzzy', 'samples': ['wake up'], 'lang': 'en-us', 'wakeup': True, 'fallback_ww': 'wake_up_pocketsphinx'}
2026-03-08 18:15:04.750 - voice - ovos_plugin_manager.wakewords:load_module:148 - INFO - Loaded the Wake Word wake_up with module ovos-ww-plugin-vosk
2026-03-08 18:15:06.074 - voice - ovos_dinkum_listener.voice_loop.hotwords:load_hotword_engines:173 - INFO - Loading hotword: wake_up with engine: <ovos_ww_plugin_vosk.VoskWakeWordPlugin object at 0x7fff05125010>
2026-03-08 18:15:06.075 - voice - ovos_plugin_manager.wakewords:load_module:141 - INFO - Loading "hey_k9" wake word via ovos-ww-plugin-precise-lite with config: {'module': 'ovos-ww-plugin-precise-lite', 'model': '/home/ovos/.local/share/mycroft/hey_k9.tflite', 'listen': True, 'active': True, 'expected_duration': 3, 'trigger_level': 3, 'sensitivity': 0.5}
2026-03-08 18:15:06.091 - voice - ovos_plugin_manager.wakewords:load_module:148 - INFO - Loaded the Wake Word hey_k9 with module ovos-ww-plugin-precise-lite
2026-03-08 18:15:06.156 - voice - ovos_dinkum_listener.voice_loop.hotwords:load_hotword_engines:173 - INFO - Loading hotword: hey_k9 with engine: <ovos_ww_plugin_precise_lite.PreciseLiteHotwordPlugin object at 0x7ffee8168d70>
2026-03-08 18:15:06.163 - voice - ovos_dinkum_listener.voice_loop.hotwords:load_hotword_engines:217 - WARNING - No stop words loaded
2026-03-08 18:15:06.165 - voice - ovos_dinkum_listener.voice_loop.voice_loop:start:190 - INFO - Listening mode: ListeningMode.WAKEWORD
2026-03-08 18:15:06.166 - voice - ovos_dinkum_listener.voice_loop.voice_loop:start:191 - INFO - VAD pre-wake enabled: False
2026-03-08 18:15:09.175 - voice - ovos_dinkum_listener.service:on_started:100 - INFO - DinkumVoiceService started.
2026-03-08 18:15:09.208 - voice - ovos_dinkum_listener.service:on_started:100 - INFO - DinkumVoiceService started.
2026-03-08 18:15:09.209 - voice - ovos_dinkum_listener.service:on_ready:92 - INFO - DinkumVoiceService is ready.
2026-03-08 18:15:09.217 - voice - ovos_dinkum_listener.service:run:349 - INFO - Service ready
2026-03-08 18:15:09.221 - voice - ovos_dinkum_listener.voice_loop.voice_loop:run:255 - INFO - Starting loop in mode: ListeningMode.WAKEWORD
2026-03-08 18:22:50.753 - voice - ovos_dinkum_listener.service:__init__:169 - INFO - Starting Voice Service
2026-03-08 18:22:50.769 - voice - ovos_dinkum_listener.service:on_alive:96 - INFO - DinkumVoiceService is alive.
2026-03-08 18:22:50.770 - voice - ovos_dinkum_listener.service:_before_start:372 - INFO - Starting service...
2026-03-08 18:22:59.121 - voice - ovos_dinkum_listener.service:_connect_to_bus:476 - INFO - Connected to Mycroft Core message bus
2026-03-08 18:23:01.273 - voice - ovos_dinkum_listener.service:on_alive:96 - INFO - DinkumVoiceService is alive.
2026-03-08 18:23:01.278 - voice - ovos_dinkum_listener.voice_loop.hotwords:load_hotword_engines:124 - INFO - creating hotword engines
2026-03-08 18:23:01.280 - voice - ovos_plugin_manager.wakewords:load_module:141 - INFO - Loading "wake_up" wake word via ovos-ww-plugin-vosk with config: {'module': 'ovos-ww-plugin-vosk', 'rule': 'fuzzy', 'samples': ['wake up'], 'lang': 'en-us', 'wakeup': True, 'fallback_ww': 'wake_up_pocketsphinx'}
2026-03-08 18:26:55.409 - voice - ovos_plugin_manager.wakewords:load_module:148 - INFO - Loaded the Wake Word wake_up with module ovos-ww-plugin-vosk
2026-03-08 18:26:56.515 - voice - ovos_dinkum_listener.voice_loop.hotwords:load_hotword_engines:173 - INFO - Loading hotword: wake_up with engine: <ovos_ww_plugin_vosk.VoskWakeWordPlugin object at 0x7ffeefae5010>
2026-03-08 18:26:56.516 - voice - ovos_plugin_manager.wakewords:load_module:141 - INFO - Loading "hey_k9" wake word via ovos-ww-plugin-precise-lite with config: {'module': 'ovos-ww-plugin-precise-lite', 'model': '/home/ovos/.local/share/mycroft/hey_k9.tflite', 'listen': True, 'active': True, 'expected_duration': 3, 'trigger_level': 3, 'sensitivity': 0.5}
2026-03-08 18:26:56.524 - voice - ovos_plugin_manager.wakewords:load_module:148 - INFO - Loaded the Wake Word hey_k9 with module ovos-ww-plugin-precise-lite
2026-03-08 18:26:56.581 - voice - ovos_dinkum_listener.voice_loop.hotwords:load_hotword_engines:173 - INFO - Loading hotword: hey_k9 with engine: <ovos_ww_plugin_precise_lite.PreciseLiteHotwordPlugin object at 0x7ffed2ca0d70>
2026-03-08 18:26:56.585 - voice - ovos_dinkum_listener.voice_loop.hotwords:load_hotword_engines:217 - WARNING - No stop words loaded
2026-03-08 18:26:56.586 - voice - ovos_dinkum_listener.voice_loop.voice_loop:start:190 - INFO - Listening mode: ListeningMode.WAKEWORD
2026-03-08 18:26:56.586 - voice - ovos_dinkum_listener.voice_loop.voice_loop:start:191 - INFO - VAD pre-wake enabled: False
2026-03-08 18:26:59.588 - voice - ovos_dinkum_listener.service:on_started:100 - INFO - DinkumVoiceService started.
2026-03-08 18:26:59.589 - voice - ovos_dinkum_listener.service:on_started:100 - INFO - DinkumVoiceService started.
2026-03-08 18:26:59.589 - voice - ovos_dinkum_listener.service:on_ready:92 - INFO - DinkumVoiceService is ready.
2026-03-08 18:26:59.590 - voice - ovos_dinkum_listener.service:run:349 - INFO - Service ready
2026-03-08 18:26:59.590 - voice - ovos_dinkum_listener.voice_loop.voice_loop:run:255 - INFO - Starting loop in mode: ListeningMode.WAKEWORD
2026-03-08 18:28:22.748 - voice - ovos_dinkum_listener.service:__init__:169 - INFO - Starting Voice Service
2026-03-08 18:28:22.768 - voice - ovos_dinkum_listener.service:on_alive:96 - INFO - DinkumVoiceService is alive.
2026-03-08 18:28:22.768 - voice - ovos_dinkum_listener.service:_before_start:372 - INFO - Starting service...
2026-03-08 18:28:22.841 - voice - ovos_dinkum_listener.service:_connect_to_bus:476 - INFO - Connected to Mycroft Core message bus
2026-03-08 18:28:25.719 - voice - ovos_dinkum_listener.service:on_alive:96 - INFO - DinkumVoiceService is alive.
2026-03-08 18:28:25.723 - voice - ovos_dinkum_listener.voice_loop.hotwords:load_hotword_engines:124 - INFO - creating hotword engines
2026-03-08 18:28:25.725 - voice - ovos_plugin_manager.wakewords:load_module:141 - INFO - Loading "wake_up" wake word via ovos-ww-plugin-vosk with config: {'module': 'ovos-ww-plugin-vosk', 'rule': 'fuzzy', 'samples': ['wake up'], 'lang': 'en-us', 'wakeup': True, 'fallback_ww': 'wake_up_pocketsphinx'}
2026-03-08 18:28:28.182 - voice - ovos_plugin_manager.wakewords:load_module:148 - INFO - Loaded the Wake Word wake_up with module ovos-ww-plugin-vosk
2026-03-08 18:28:29.674 - voice - ovos_dinkum_listener.voice_loop.hotwords:load_hotword_engines:173 - INFO - Loading hotword: wake_up with engine: <ovos_ww_plugin_vosk.VoskWakeWordPlugin object at 0x7fff55575010>
2026-03-08 18:28:29.675 - voice - ovos_plugin_manager.wakewords:load_module:141 - INFO - Loading "hey_k9" wake word via ovos-ww-plugin-precise-lite with config: {'module': 'ovos-ww-plugin-precise-lite', 'model': '/home/ovos/.local/share/mycroft/hey_k9.tflite', 'listen': True, 'active': True, 'expected_duration': 3, 'trigger_level': 3, 'sensitivity': 0.5}
2026-03-08 18:28:29.683 - voice - ovos_plugin_manager.wakewords:load_module:148 - INFO - Loaded the Wake Word hey_k9 with module ovos-ww-plugin-precise-lite
2026-03-08 18:28:29.774 - voice - ovos_dinkum_listener.voice_loop.hotwords:load_hotword_engines:173 - INFO - Loading hotword: hey_k9 with engine: <ovos_ww_plugin_precise_lite.PreciseLiteHotwordPlugin object at 0x7fff38598d70>
2026-03-08 18:28:29.780 - voice - ovos_dinkum_listener.voice_loop.hotwords:load_hotword_engines:217 - WARNING - No stop words loaded
2026-03-08 18:28:29.781 - voice - ovos_dinkum_listener.voice_loop.voice_loop:start:190 - INFO - Listening mode: ListeningMode.WAKEWORD
2026-03-08 18:28:29.784 - voice - ovos_dinkum_listener.voice_loop.voice_loop:start:191 - INFO - VAD pre-wake enabled: False
2026-03-11 19:05:01.488 - voice - ovos_dinkum_listener.service:on_started:100 - INFO - DinkumVoiceService started.
2026-03-11 19:05:01.496 - voice - ovos_dinkum_listener.service:on_started:100 - INFO - DinkumVoiceService started.
2026-03-11 19:05:01.497 - voice - ovos_dinkum_listener.service:on_ready:92 - INFO - DinkumVoiceService is ready.
2026-03-11 19:05:01.498 - voice - ovos_dinkum_listener.service:run:349 - INFO - Service ready
2026-03-11 19:05:01.498 - voice - ovos_dinkum_listener.voice_loop.voice_loop:run:255 - INFO - Starting loop in mode: ListeningMode.WAKEWORD
                                                                                                                                                                                                                                                                                                                                                                                                                                                                                                                                                                                                                                                                                                                                                                                                                                                                                                                                                                                                                                                                                                                                                                                                                                                                                                                                                                                                                                                                                                                                                                                                                                                                                                                                                                                                                                                                                                                                                                                                                                                                                                                                                                                                                                                                                                                                                                                                                                                                                                                                                                                                                                                                                                                                                                                                                                                                                                                                                                                                                                                                                                                                                                                                         2026-03-11 19:09:03.069 - voice - ovos_dinkum_listener.service:__init__:169 - INFO - Starting Voice Service
2026-03-11 19:09:03.095 - voice - ovos_dinkum_listener.service:on_alive:96 - INFO - DinkumVoiceService is alive.
2026-03-11 19:09:03.096 - voice - ovos_dinkum_listener.service:_before_start:372 - INFO - Starting service...
2026-03-11 19:09:03.167 - voice - ovos_dinkum_listener.service:_connect_to_bus:476 - INFO - Connected to Mycroft Core message bus
2026-03-11 19:09:06.238 - voice - ovos_dinkum_listener.service:on_alive:96 - INFO - DinkumVoiceService is alive.
2026-03-11 19:09:06.243 - voice - ovos_dinkum_listener.voice_loop.hotwords:load_hotword_engines:124 - INFO - creating hotword engines
2026-03-11 19:09:06.244 - voice - ovos_plugin_manager.wakewords:load_module:141 - INFO - Loading "wake_up" wake word via ovos-ww-plugin-vosk with config: {'module': 'ovos-ww-plugin-vosk', 'rule': 'fuzzy', 'samples': ['wake up'], 'lang': 'en-us', 'wakeup': True, 'fallback_ww': 'wake_up_pocketsphinx'}
2026-03-11 19:09:08.056 - voice - ovos_plugin_manager.wakewords:load_module:148 - INFO - Loaded the Wake Word wake_up with module ovos-ww-plugin-vosk
2026-03-11 19:09:09.449 - voice - ovos_dinkum_listener.voice_loop.hotwords:load_hotword_engines:173 - INFO - Loading hotword: wake_up with engine: <ovos_ww_plugin_vosk.VoskWakeWordPlugin object at 0x7fff2b715010>
2026-03-11 19:09:09.450 - voice - ovos_plugin_manager.wakewords:load_module:141 - INFO - Loading "hey_k9" wake word via ovos-ww-plugin-precise-lite with config: {'module': 'ovos-ww-plugin-precise-lite', 'model': '/home/ovos/.local/share/mycroft/hey_k9.tflite', 'listen': True, 'active': True, 'expected_duration': 3, 'trigger_level': 3, 'sensitivity': 0.5}
2026-03-11 19:09:09.458 - voice - ovos_plugin_manager.wakewords:load_module:148 - INFO - Loaded the Wake Word hey_k9 with module ovos-ww-plugin-precise-lite
2026-03-11 19:09:09.547 - voice - ovos_dinkum_listener.voice_loop.hotwords:load_hotword_engines:173 - INFO - Loading hotword: hey_k9 with engine: <ovos_ww_plugin_precise_lite.PreciseLiteHotwordPlugin object at 0x7fff0e79cd70>
2026-03-11 19:09:09.553 - voice - ovos_dinkum_listener.voice_loop.hotwords:load_hotword_engines:217 - WARNING - No stop words loaded
2026-03-11 19:09:09.554 - voice - ovos_dinkum_listener.voice_loop.voice_loop:start:190 - INFO - Listening mode: ListeningMode.WAKEWORD
2026-03-11 19:09:09.555 - voice - ovos_dinkum_listener.voice_loop.voice_loop:start:191 - INFO - VAD pre-wake enabled: False
2026-03-11 19:09:12.622 - voice - ovos_dinkum_listener.service:on_started:100 - INFO - DinkumVoiceService started.
2026-03-11 19:09:12.623 - voice - ovos_dinkum_listener.service:on_started:100 - INFO - DinkumVoiceService started.
2026-03-11 19:09:12.710 - voice - ovos_dinkum_listener.service:on_ready:92 - INFO - DinkumVoiceService is ready.
2026-03-11 19:09:12.711 - voice - ovos_dinkum_listener.service:run:349 - INFO - Service ready
2026-03-11 19:09:12.711 - voice - ovos_dinkum_listener.voice_loop.voice_loop:run:255 - INFO - Starting loop in mode: ListeningMode.WAKEWORD
2026-03-11 19:33:54.570 - voice - ovos_dinkum_listener.service:__init__:169 - INFO - Starting Voice Service
2026-03-11 19:33:54.595 - voice - ovos_dinkum_listener.service:on_alive:96 - INFO - DinkumVoiceService is alive.
2026-03-11 19:33:54.596 - voice - ovos_dinkum_listener.service:_before_start:372 - INFO - Starting service...
2026-03-11 19:33:54.679 - voice - ovos_dinkum_listener.service:_connect_to_bus:476 - INFO - Connected to Mycroft Core message bus
2026-03-11 19:33:57.748 - voice - ovos_dinkum_listener.service:on_alive:96 - INFO - DinkumVoiceService is alive.
2026-03-11 19:33:57.753 - voice - ovos_dinkum_listener.voice_loop.hotwords:load_hotword_engines:124 - INFO - creating hotword engines
2026-03-11 19:33:57.755 - voice - ovos_plugin_manager.wakewords:load_module:141 - INFO - Loading "wake_up" wake word via ovos-ww-plugin-vosk with config: {'module': 'ovos-ww-plugin-vosk', 'rule': 'fuzzy', 'samples': ['wake up'], 'lang': 'en-us', 'wakeup': True, 'fallback_ww': 'wake_up_pocketsphinx'}
2026-03-11 19:34:00.223 - voice - ovos_plugin_manager.wakewords:load_module:148 - INFO - Loaded the Wake Word wake_up with module ovos-ww-plugin-vosk
2026-03-11 19:34:01.627 - voice - ovos_dinkum_listener.voice_loop.hotwords:load_hotword_engines:173 - INFO - Loading hotword: wake_up with engine: <ovos_ww_plugin_vosk.VoskWakeWordPlugin object at 0x7fff1f2c5010>
2026-03-11 19:34:01.628 - voice - ovos_plugin_manager.wakewords:load_module:141 - INFO - Loading "hey_k9" wake word via ovos-ww-plugin-precise-lite with config: {'module': 'ovos-ww-plugin-precise-lite', 'model': '/home/ovos/.local/share/mycroft/hey_k9.tflite', 'listen': True, 'active': True, 'expected_duration': 3, 'trigger_level': 3, 'sensitivity': 0.5}
2026-03-11 19:34:01.635 - voice - ovos_plugin_manager.wakewords:load_module:148 - INFO - Loaded the Wake Word hey_k9 with module ovos-ww-plugin-precise-lite
2026-03-11 19:34:01.753 - voice - ovos_dinkum_listener.voice_loop.hotwords:load_hotword_engines:173 - INFO - Loading hotword: hey_k9 with engine: <ovos_ww_plugin_precise_lite.PreciseLiteHotwordPlugin object at 0x7fff023e0d70>
2026-03-11 19:34:01.762 - voice - ovos_dinkum_listener.voice_loop.hotwords:load_hotword_engines:217 - WARNING - No stop words loaded
2026-03-11 19:34:01.763 - voice - ovos_dinkum_listener.voice_loop.voice_loop:start:190 - INFO - Listening mode: ListeningMode.WAKEWORD
2026-03-11 19:34:01.764 - voice - ovos_dinkum_listener.voice_loop.voice_loop:start:191 - INFO - VAD pre-wake enabled: False
2026-03-11 19:34:04.779 - voice - ovos_dinkum_listener.service:on_started:100 - INFO - DinkumVoiceService started.
2026-03-11 19:34:04.780 - voice - ovos_dinkum_listener.service:on_started:100 - INFO - DinkumVoiceService started.
2026-03-11 19:34:04.781 - voice - ovos_dinkum_listener.service:on_ready:92 - INFO - DinkumVoiceService is ready.
2026-03-11 19:34:04.781 - voice - ovos_dinkum_listener.service:run:349 - INFO - Service ready
2026-03-11 19:34:04.782 - voice - ovos_dinkum_listener.voice_loop.voice_loop:run:255 - INFO - Starting loop in mode: ListeningMode.WAKEWORD
                                                                                                                                                                                                                                                                                                                                                                                                                                                                                                                                                                                                                                                                                                                                                                                                                                                                                                                                                                                                                                                                                                                                                                                                                                                                                                                                                                                                                                                                                                                                                                                                                                                                                                                                                                                                                                                                                                                                                                                                                                                                                                                                                                                                                                                                                                                                                                                                                                                                                                                                                                                                        2026-03-12 08:35:44.931 - voice - ovos_dinkum_listener.service:__init__:169 - INFO - Starting Voice Service
2026-03-12 08:35:44.964 - voice - ovos_dinkum_listener.service:on_alive:96 - INFO - DinkumVoiceService is alive.
2026-03-12 08:35:44.965 - voice - ovos_dinkum_listener.service:_before_start:372 - INFO - Starting service...
2026-03-12 08:35:45.042 - voice - ovos_dinkum_listener.service:_connect_to_bus:476 - INFO - Connected to Mycroft Core message bus
2026-03-12 08:35:47.851 - voice - ovos_dinkum_listener.service:on_alive:96 - INFO - DinkumVoiceService is alive.
2026-03-12 08:35:47.853 - voice - ovos_dinkum_listener.voice_loop.hotwords:load_hotword_engines:124 - INFO - creating hotword engines
2026-03-12 08:35:47.854 - voice - ovos_microphone_plugin_alsa:_run:113 - ERROR - Failed to open microphone
Traceback (most recent call last):
  File "/home/ovos/.venv/lib/python3.13/site-packages/ovos_microphone_plugin_alsa/__init__.py", line 78, in _run
    mic = alsaaudio.PCM(
        type=alsaaudio.PCM_CAPTURE,
    ...<6 lines>...
        periodsize=self.period_size,
    )
alsaaudio.ALSAAudioError: No such file or directory [hw:0,0]
2026-03-12 08:35:47.856 - voice - ovos_plugin_manager.wakewords:load_module:141 - INFO - Loading "wake_up" wake word via ovos-ww-plugin-vosk with config: {'module': 'ovos-ww-plugin-vosk', 'rule': 'fuzzy', 'samples': ['wake up'], 'lang': 'en-us', 'wakeup': True, 'fallback_ww': 'wake_up_pocketsphinx'}
2026-03-12 08:35:50.226 - voice - ovos_plugin_manager.wakewords:load_module:148 - INFO - Loaded the Wake Word wake_up with module ovos-ww-plugin-vosk
2026-03-12 08:36:42.071 - voice - ovos_dinkum_listener.voice_loop.hotwords:load_hotword_engines:173 - INFO - Loading hotword: wake_up with engine: <ovos_ww_plugin_vosk.VoskWakeWordPlugin object at 0x7ffe8d655010>
2026-03-12 08:36:42.072 - voice - ovos_plugin_manager.wakewords:load_module:141 - INFO - Loading "hey_k9" wake word via ovos-ww-plugin-precise-lite with config: {'module': 'ovos-ww-plugin-precise-lite', 'model': '/home/ovos/.local/share/mycroft/hey_k9.tflite', 'listen': True, 'active': True, 'expected_duration': 3, 'trigger_level': 3, 'sensitivity': 0.5}
2026-03-12 08:36:42.080 - voice - ovos_plugin_manager.wakewords:load_module:148 - INFO - Loaded the Wake Word hey_k9 with module ovos-ww-plugin-precise-lite
2026-03-12 08:36:42.175 - voice - ovos_dinkum_listener.voice_loop.hotwords:load_hotword_engines:173 - INFO - Loading hotword: hey_k9 with engine: <ovos_ww_plugin_precise_lite.PreciseLiteHotwordPlugin object at 0x7ffe70728d70>
2026-03-12 08:36:42.182 - voice - ovos_dinkum_listener.voice_loop.hotwords:load_hotword_engines:217 - WARNING - No stop words loaded
2026-03-12 08:36:42.183 - voice - ovos_dinkum_listener.voice_loop.voice_loop:start:190 - INFO - Listening mode: ListeningMode.WAKEWORD
2026-03-12 08:36:42.184 - voice - ovos_dinkum_listener.voice_loop.voice_loop:start:191 - INFO - VAD pre-wake enabled: False
2026-03-12 08:36:45.186 - voice - ovos_dinkum_listener.service:on_started:100 - INFO - DinkumVoiceService started.
2026-03-12 08:36:45.187 - voice - ovos_dinkum_listener.service:on_started:100 - INFO - DinkumVoiceService started.
2026-03-12 08:36:45.187 - voice - ovos_dinkum_listener.service:on_ready:92 - INFO - DinkumVoiceService is ready.
2026-03-12 08:36:45.188 - voice - ovos_dinkum_listener.service:run:349 - INFO - Service ready
2026-03-12 08:36:45.188 - voice - ovos_dinkum_listener.voice_loop.voice_loop:run:255 - INFO - Starting loop in mode: ListeningMode.WAKEWORD
                                                                                                                                                                                                                                                                                                                                                                                                                                                                                                                                                                                                                                                                                                                                    2026-03-12 08:39:06.498 - voice - ovos_dinkum_listener.service:__init__:169 - INFO - Starting Voice Service
2026-03-12 08:39:06.524 - voice - ovos_dinkum_listener.service:on_alive:96 - INFO - DinkumVoiceService is alive.
2026-03-12 08:39:06.525 - voice - ovos_dinkum_listener.service:_before_start:372 - INFO - Starting service...
2026-03-12 08:39:08.165 - voice - ovos_dinkum_listener.service:_connect_to_bus:476 - INFO - Connected to Mycroft Core message bus
2026-03-12 08:39:10.741 - voice - ovos_dinkum_listener.service:on_alive:96 - INFO - DinkumVoiceService is alive.
2026-03-12 08:39:10.743 - voice - ovos_dinkum_listener.voice_loop.hotwords:load_hotword_engines:124 - INFO - creating hotword engines
2026-03-12 08:39:10.744 - voice - ovos_microphone_plugin_alsa:_run:113 - ERROR - Failed to open microphone
Traceback (most recent call last):
  File "/home/ovos/.venv/lib/python3.13/site-packages/ovos_microphone_plugin_alsa/__init__.py", line 78, in _run
    mic = alsaaudio.PCM(
        type=alsaaudio.PCM_CAPTURE,
    ...<6 lines>...
        periodsize=self.period_size,
    )
alsaaudio.ALSAAudioError: No such file or directory [hw:0,0]
2026-03-12 08:39:10.746 - voice - ovos_plugin_manager.wakewords:load_module:141 - INFO - Loading "wake_up" wake word via ovos-ww-plugin-vosk with config: {'module': 'ovos-ww-plugin-vosk', 'rule': 'fuzzy', 'samples': ['wake up'], 'lang': 'en-us', 'wakeup': True, 'fallback_ww': 'wake_up_pocketsphinx'}
2026-03-12 08:39:12.628 - voice - ovos_plugin_manager.wakewords:load_module:148 - INFO - Loaded the Wake Word wake_up with module ovos-ww-plugin-vosk
2026-03-12 08:39:13.771 - voice - ovos_dinkum_listener.voice_loop.hotwords:load_hotword_engines:173 - INFO - Loading hotword: wake_up with engine: <ovos_ww_plugin_vosk.VoskWakeWordPlugin object at 0x7ffe902e1010>
2026-03-12 08:39:13.772 - voice - ovos_plugin_manager.wakewords:load_module:141 - INFO - Loading "hey_k9" wake word via ovos-ww-plugin-precise-lite with config: {'module': 'ovos-ww-plugin-precise-lite', 'model': '/home/ovos/.local/share/mycroft/hey_k9.tflite', 'listen': True, 'active': True, 'expected_duration': 3, 'trigger_level': 3, 'sensitivity': 0.5}
2026-03-12 08:39:13.779 - voice - ovos_plugin_manager.wakewords:load_module:148 - INFO - Loaded the Wake Word hey_k9 with module ovos-ww-plugin-precise-lite
2026-03-12 08:39:13.849 - voice - ovos_dinkum_listener.voice_loop.hotwords:load_hotword_engines:173 - INFO - Loading hotword: hey_k9 with engine: <ovos_ww_plugin_precise_lite.PreciseLiteHotwordPlugin object at 0x7ffe735f4ec0>
2026-03-12 08:39:13.854 - voice - ovos_dinkum_listener.voice_loop.hotwords:load_hotword_engines:217 - WARNING - No stop words loaded
2026-03-12 08:39:13.855 - voice - ovos_dinkum_listener.voice_loop.voice_loop:start:190 - INFO - Listening mode: ListeningMode.WAKEWORD
2026-03-12 08:39:13.855 - voice - ovos_dinkum_listener.voice_loop.voice_loop:start:191 - INFO - VAD pre-wake enabled: False
2026-03-12 08:39:16.859 - voice - ovos_dinkum_listener.service:on_started:100 - INFO - DinkumVoiceService started.
2026-03-12 08:39:16.859 - voice - ovos_dinkum_listener.service:on_started:100 - INFO - DinkumVoiceService started.
2026-03-12 08:39:16.860 - voice - ovos_dinkum_listener.service:on_ready:92 - INFO - DinkumVoiceService is ready.
2026-03-12 08:39:16.860 - voice - ovos_dinkum_listener.service:run:349 - INFO - Service ready
2026-03-12 08:39:16.861 - voice - ovos_dinkum_listener.voice_loop.voice_loop:run:255 - INFO - Starting loop in mode: ListeningMode.WAKEWORD
2026-03-12 08:58:08.831 - voice - ovos_dinkum_listener.service:__init__:169 - INFO - Starting Voice Service
2026-03-12 08:58:08.861 - voice - ovos_dinkum_listener.service:on_alive:96 - INFO - DinkumVoiceService is alive.
2026-03-12 08:58:08.862 - voice - ovos_dinkum_listener.service:_before_start:372 - INFO - Starting service...
2026-03-12 08:58:14.450 - voice - ovos_dinkum_listener.service:_connect_to_bus:476 - INFO - Connected to Mycroft Core message bus
2026-03-12 08:58:17.685 - voice - ovos_dinkum_listener.service:on_alive:96 - INFO - DinkumVoiceService is alive.
2026-03-12 08:58:17.690 - voice - ovos_dinkum_listener.voice_loop.hotwords:load_hotword_engines:124 - INFO - creating hotword engines
2026-03-12 08:58:17.692 - voice - ovos_plugin_manager.wakewords:load_module:141 - INFO - Loading "wake_up" wake word via ovos-ww-plugin-vosk with config: {'module': 'ovos-ww-plugin-vosk', 'rule': 'fuzzy', 'samples': ['wake up'], 'lang': 'en-us', 'wakeup': True, 'fallback_ww': 'wake_up_pocketsphinx'}
2026-03-12 08:58:19.177 - voice - ovos_plugin_manager.wakewords:load_module:148 - INFO - Loaded the Wake Word wake_up with module ovos-ww-plugin-vosk
2026-03-12 08:58:20.356 - voice - ovos_dinkum_listener.voice_loop.hotwords:load_hotword_engines:173 - INFO - Loading hotword: wake_up with engine: <ovos_ww_plugin_vosk.VoskWakeWordPlugin object at 0x7fff093c5010>
2026-03-12 08:58:20.357 - voice - ovos_plugin_manager.wakewords:load_module:141 - INFO - Loading "hey_k9" wake word via ovos-ww-plugin-precise-lite with config: {'module': 'ovos-ww-plugin-precise-lite', 'model': '/home/ovos/.local/share/mycroft/hey_k9.tflite', 'listen': True, 'active': True, 'expected_duration': 3, 'trigger_level': 3, 'sensitivity': 0.5}
2026-03-12 08:58:20.364 - voice - ovos_plugin_manager.wakewords:load_module:148 - INFO - Loaded the Wake Word hey_k9 with module ovos-ww-plugin-precise-lite
2026-03-12 08:58:20.439 - voice - ovos_dinkum_listener.voice_loop.hotwords:load_hotword_engines:173 - INFO - Loading hotword: hey_k9 with engine: <ovos_ww_plugin_precise_lite.PreciseLiteHotwordPlugin object at 0x7ffee7d34d70>
2026-03-12 08:58:20.443 - voice - ovos_dinkum_listener.voice_loop.hotwords:load_hotword_engines:217 - WARNING - No stop words loaded
2026-03-12 08:58:20.444 - voice - ovos_dinkum_listener.voice_loop.voice_loop:start:190 - INFO - Listening mode: ListeningMode.WAKEWORD
2026-03-12 08:58:20.445 - voice - ovos_dinkum_listener.voice_loop.voice_loop:start:191 - INFO - VAD pre-wake enabled: False
2026-03-12 12:59:22.161 - voice - ovos_dinkum_listener.service:on_started:100 - INFO - DinkumVoiceService started.
2026-03-12 12:59:22.162 - voice - ovos_dinkum_listener.service:on_started:100 - INFO - DinkumVoiceService started.
2026-03-12 12:59:22.164 - voice - ovos_dinkum_listener.service:on_ready:92 - INFO - DinkumVoiceService is ready.
2026-03-12 12:59:22.164 - voice - ovos_dinkum_listener.service:run:349 - INFO - Service ready
2026-03-12 12:59:22.165 - voice - ovos_dinkum_listener.voice_loop.voice_loop:run:255 - INFO - Starting loop in mode: ListeningMode.WAKEWORD
2026-03-12 14:00:05.170 - voice - ovos_dinkum_listener.service:__init__:169 - INFO - Starting Voice Service
2026-03-12 14:00:05.217 - voice - ovos_dinkum_listener.service:on_alive:96 - INFO - DinkumVoiceService is alive.
2026-03-12 14:00:05.218 - voice - ovos_dinkum_listener.service:_before_start:372 - INFO - Starting service...
2026-03-12 14:00:05.300 - voice - ovos_dinkum_listener.service:_connect_to_bus:476 - INFO - Connected to Mycroft Core message bus
2026-03-12 14:00:08.493 - voice - ovos_dinkum_listener.service:on_alive:96 - INFO - DinkumVoiceService is alive.
2026-03-12 14:00:08.496 - voice - ovos_dinkum_listener.voice_loop.hotwords:load_hotword_engines:124 - INFO - creating hotword engines
2026-03-12 14:00:08.498 - voice - ovos_plugin_manager.wakewords:load_module:141 - INFO - Loading "wake_up" wake word via ovos-ww-plugin-vosk with config: {'module': 'ovos-ww-plugin-vosk', 'rule': 'fuzzy', 'samples': ['wake up'], 'lang': 'en-us', 'wakeup': True, 'fallback_ww': 'wake_up_pocketsphinx'}
2026-03-12 14:00:08.789 - voice - ovos_microphone_plugin_alsa:_run:113 - ERROR - Failed to open microphone
Traceback (most recent call last):
  File "/home/ovos/.venv/lib/python3.13/site-packages/ovos_microphone_plugin_alsa/__init__.py", line 93, in _run
    mic_chunk_length, mic_chunk = mic.read()
                                  ~~~~~~~~^^
alsaaudio.ALSAAudioError: Input/output error [hw:0,0]
2026-03-12 14:00:11.112 - voice - ovos_plugin_manager.wakewords:load_module:148 - INFO - Loaded the Wake Word wake_up with module ovos-ww-plugin-vosk
2026-03-12 14:00:12.426 - voice - ovos_dinkum_listener.voice_loop.hotwords:load_hotword_engines:173 - INFO - Loading hotword: wake_up with engine: <ovos_ww_plugin_vosk.VoskWakeWordPlugin object at 0x7ffe91a49010>
2026-03-12 14:00:12.427 - voice - ovos_plugin_manager.wakewords:load_module:141 - INFO - Loading "hey_k9" wake word via ovos-ww-plugin-precise-lite with config: {'module': 'ovos-ww-plugin-precise-lite', 'model': '/home/ovos/.local/share/mycroft/hey_k9.tflite', 'listen': True, 'active': True, 'expected_duration': 3, 'trigger_level': 3, 'sensitivity': 0.5}
2026-03-12 14:00:12.436 - voice - ovos_plugin_manager.wakewords:load_module:148 - INFO - Loaded the Wake Word hey_k9 with module ovos-ww-plugin-precise-lite
2026-03-12 14:00:12.542 - voice - ovos_dinkum_listener.voice_loop.hotwords:load_hotword_engines:173 - INFO - Loading hotword: hey_k9 with engine: <ovos_ww_plugin_precise_lite.PreciseLiteHotwordPlugin object at 0x7ffe74accec0>
2026-03-12 14:00:12.552 - voice - ovos_dinkum_listener.voice_loop.hotwords:load_hotword_engines:217 - WARNING - No stop words loaded
2026-03-12 14:00:12.554 - voice - ovos_dinkum_listener.voice_loop.voice_loop:start:190 - INFO - Listening mode: ListeningMode.WAKEWORD
2026-03-12 14:00:12.554 - voice - ovos_dinkum_listener.voice_loop.voice_loop:start:191 - INFO - VAD pre-wake enabled: False
2026-03-13 07:48:28.260 - voice - ovos_dinkum_listener.service:on_started:100 - INFO - DinkumVoiceService started.
2026-03-13 07:48:28.261 - voice - ovos_dinkum_listener.service:on_started:100 - INFO - DinkumVoiceService started.
2026-03-13 07:48:28.261 - voice - ovos_dinkum_listener.service:on_ready:92 - INFO - DinkumVoiceService is ready.
2026-03-13 07:48:28.262 - voice - ovos_dinkum_listener.service:run:349 - INFO - Service ready
2026-03-13 07:48:28.262 - voice - ovos_dinkum_listener.voice_loop.voice_loop:run:255 - INFO - Starting loop in mode: ListeningMode.WAKEWORD
2026-03-13 07:50:28.145 - voice - ovos_dinkum_listener.service:__init__:169 - INFO - Starting Voice Service
2026-03-13 07:50:28.180 - voice - ovos_dinkum_listener.service:on_alive:96 - INFO - DinkumVoiceService is alive.
2026-03-13 07:50:28.181 - voice - ovos_dinkum_listener.service:_before_start:372 - INFO - Starting service...
2026-03-13 07:50:31.129 - voice - ovos_dinkum_listener.service:_connect_to_bus:476 - INFO - Connected to Mycroft Core message bus
2026-03-13 07:50:32.864 - voice - ovos_dinkum_listener.service:on_alive:96 - INFO - DinkumVoiceService is alive.
2026-03-13 07:50:32.869 - voice - ovos_dinkum_listener.voice_loop.hotwords:load_hotword_engines:124 - INFO - creating hotword engines
2026-03-13 07:50:32.871 - voice - ovos_plugin_manager.wakewords:load_module:141 - INFO - Loading "wake_up" wake word via ovos-ww-plugin-vosk with config: {'module': 'ovos-ww-plugin-vosk', 'rule': 'fuzzy', 'samples': ['wake up'], 'lang': 'en-us', 'wakeup': True, 'fallback_ww': 'wake_up_pocketsphinx'}
2026-03-13 07:50:34.382 - voice - ovos_plugin_manager.wakewords:load_module:148 - INFO - Loaded the Wake Word wake_up with module ovos-ww-plugin-vosk
2026-03-13 07:50:35.867 - voice - ovos_dinkum_listener.voice_loop.hotwords:load_hotword_engines:173 - INFO - Loading hotword: wake_up with engine: <ovos_ww_plugin_vosk.VoskWakeWordPlugin object at 0x7ffeff3d1010>
2026-03-13 07:50:35.868 - voice - ovos_plugin_manager.wakewords:load_module:141 - INFO - Loading "hey_k9" wake word via ovos-ww-plugin-precise-lite with config: {'module': 'ovos-ww-plugin-precise-lite', 'model': '/home/ovos/.local/share/mycroft/hey_k9.tflite', 'listen': True, 'active': True, 'expected_duration': 3, 'trigger_level': 3, 'sensitivity': 0.5}
2026-03-13 07:50:35.890 - voice - ovos_plugin_manager.wakewords:load_module:148 - INFO - Loaded the Wake Word hey_k9 with module ovos-ww-plugin-precise-lite
2026-03-13 07:50:35.954 - voice - ovos_dinkum_listener.voice_loop.hotwords:load_hotword_engines:173 - INFO - Loading hotword: hey_k9 with engine: <ovos_ww_plugin_precise_lite.PreciseLiteHotwordPlugin object at 0x7ffee2d57620>
2026-03-13 07:50:35.959 - voice - ovos_dinkum_listener.voice_loop.hotwords:load_hotword_engines:217 - WARNING - No stop words loaded
2026-03-13 07:50:35.965 - voice - ovos_dinkum_listener.voice_loop.voice_loop:start:190 - INFO - Listening mode: ListeningMode.WAKEWORD
2026-03-13 07:50:35.966 - voice - ovos_dinkum_listener.voice_loop.voice_loop:start:191 - INFO - VAD pre-wake enabled: False
2026-03-13 07:51:43.777 - voice - ovos_dinkum_listener.service:on_started:100 - INFO - DinkumVoiceService started.
2026-03-13 07:51:43.777 - voice - ovos_dinkum_listener.service:on_started:100 - INFO - DinkumVoiceService started.
2026-03-13 07:51:43.778 - voice - ovos_dinkum_listener.service:on_ready:92 - INFO - DinkumVoiceService is ready.
2026-03-13 07:51:43.778 - voice - ovos_dinkum_listener.service:run:349 - INFO - Service ready
2026-03-13 07:51:43.779 - voice - ovos_dinkum_listener.voice_loop.voice_loop:run:255 - INFO - Starting loop in mode: ListeningMode.WAKEWORD
2026-03-13 07:52:37.344 - voice - ovos_dinkum_listener.service:__init__:169 - INFO - Starting Voice Service
2026-03-13 07:52:37.359 - voice - ovos_dinkum_listener.service:on_alive:96 - INFO - DinkumVoiceService is alive.
2026-03-13 07:52:37.360 - voice - ovos_dinkum_listener.service:_before_start:372 - INFO - Starting service...
2026-03-13 07:52:37.690 - voice - ovos_dinkum_listener.service:_connect_to_bus:476 - INFO - Connected to Mycroft Core message bus
2026-03-13 07:52:40.486 - voice - ovos_dinkum_listener.service:on_alive:96 - INFO - DinkumVoiceService is alive.
2026-03-13 07:52:40.491 - voice - ovos_dinkum_listener.voice_loop.hotwords:load_hotword_engines:124 - INFO - creating hotword engines
2026-03-13 07:52:40.492 - voice - ovos_plugin_manager.wakewords:load_module:141 - INFO - Loading "wake_up" wake word via ovos-ww-plugin-vosk with config: {'module': 'ovos-ww-plugin-vosk', 'rule': 'fuzzy', 'samples': ['wake up'], 'lang': 'en-us', 'wakeup': True, 'fallback_ww': 'wake_up_pocketsphinx'}
2026-03-13 07:52:42.213 - voice - ovos_plugin_manager.wakewords:load_module:148 - INFO - Loaded the Wake Word wake_up with module ovos-ww-plugin-vosk
2026-03-13 07:52:43.527 - voice - ovos_dinkum_listener.voice_loop.hotwords:load_hotword_engines:173 - INFO - Loading hotword: wake_up with engine: <ovos_ww_plugin_vosk.VoskWakeWordPlugin object at 0x7ffea6699010>
2026-03-13 07:52:43.528 - voice - ovos_plugin_manager.wakewords:load_module:141 - INFO - Loading "hey_k9" wake word via ovos-ww-plugin-precise-lite with config: {'module': 'ovos-ww-plugin-precise-lite', 'model': '/home/ovos/.local/share/mycroft/hey_k9.tflite', 'listen': True, 'active': True, 'expected_duration': 3, 'trigger_level': 3, 'sensitivity': 0.5}
2026-03-13 07:52:43.535 - voice - ovos_plugin_manager.wakewords:load_module:148 - INFO - Loaded the Wake Word hey_k9 with module ovos-ww-plugin-precise-lite
2026-03-13 07:52:43.603 - voice - ovos_dinkum_listener.voice_loop.hotwords:load_hotword_engines:173 - INFO - Loading hotword: hey_k9 with engine: <ovos_ww_plugin_precise_lite.PreciseLiteHotwordPlugin object at 0x7ffe896b8d70>
2026-03-13 07:52:43.607 - voice - ovos_dinkum_listener.voice_loop.hotwords:load_hotword_engines:217 - WARNING - No stop words loaded
2026-03-13 07:52:43.608 - voice - ovos_dinkum_listener.voice_loop.voice_loop:start:190 - INFO - Listening mode: ListeningMode.WAKEWORD
2026-03-13 07:52:43.608 - voice - ovos_dinkum_listener.voice_loop.voice_loop:start:191 - INFO - VAD pre-wake enabled: False
2026-03-13 07:52:46.610 - voice - ovos_dinkum_listener.service:on_started:100 - INFO - DinkumVoiceService started.
2026-03-13 07:52:46.611 - voice - ovos_dinkum_listener.service:on_started:100 - INFO - DinkumVoiceService started.
2026-03-13 07:52:46.612 - voice - ovos_dinkum_listener.service:on_ready:92 - INFO - DinkumVoiceService is ready.
2026-03-13 07:52:46.612 - voice - ovos_dinkum_listener.service:run:349 - INFO - Service ready
2026-03-13 07:52:46.613 - voice - ovos_dinkum_listener.voice_loop.voice_loop:run:255 - INFO - Starting loop in mode: ListeningMode.WAKEWORD
2026-03-13 07:56:41.426 - voice - ovos_dinkum_listener.service:__init__:169 - INFO - Starting Voice Service
2026-03-13 07:56:41.443 - voice - ovos_dinkum_listener.service:on_alive:96 - INFO - DinkumVoiceService is alive.
2026-03-13 07:56:41.444 - voice - ovos_dinkum_listener.service:_before_start:372 - INFO - Starting service...
2026-03-13 07:56:41.482 - voice - ovos_dinkum_listener.service:_connect_to_bus:476 - INFO - Connected to Mycroft Core message bus
2026-03-13 07:56:44.730 - voice - ovos_dinkum_listener.service:on_alive:96 - INFO - DinkumVoiceService is alive.
2026-03-13 07:56:44.734 - voice - ovos_dinkum_listener.voice_loop.hotwords:load_hotword_engines:124 - INFO - creating hotword engines
2026-03-13 07:56:44.736 - voice - ovos_plugin_manager.wakewords:load_module:141 - INFO - Loading "wake_up" wake word via ovos-ww-plugin-vosk with config: {'module': 'ovos-ww-plugin-vosk', 'rule': 'fuzzy', 'samples': ['wake up'], 'lang': 'en-us', 'wakeup': True, 'fallback_ww': 'wake_up_pocketsphinx'}
2026-03-13 07:56:46.560 - voice - ovos_plugin_manager.wakewords:load_module:148 - INFO - Loaded the Wake Word wake_up with module ovos-ww-plugin-vosk
2026-03-13 07:56:47.806 - voice - ovos_dinkum_listener.voice_loop.hotwords:load_hotword_engines:173 - INFO - Loading hotword: wake_up with engine: <ovos_ww_plugin_vosk.VoskWakeWordPlugin object at 0x7ffea0629010>
2026-03-13 07:56:47.807 - voice - ovos_plugin_manager.wakewords:load_module:141 - INFO - Loading "hey_k9" wake word via ovos-ww-plugin-precise-lite with config: {'module': 'ovos-ww-plugin-precise-lite', 'model': '/home/ovos/.local/share/mycroft/hey_k9.tflite', 'listen': True, 'active': True, 'expected_duration': 3, 'trigger_level': 3, 'sensitivity': 0.5}
2026-03-13 07:56:47.815 - voice - ovos_plugin_manager.wakewords:load_module:148 - INFO - Loaded the Wake Word hey_k9 with module ovos-ww-plugin-precise-lite
2026-03-13 07:56:47.908 - voice - ovos_dinkum_listener.voice_loop.hotwords:load_hotword_engines:173 - INFO - Loading hotword: hey_k9 with engine: <ovos_ww_plugin_precise_lite.PreciseLiteHotwordPlugin object at 0x7ffe83878d70>
2026-03-13 07:56:47.914 - voice - ovos_dinkum_listener.voice_loop.hotwords:load_hotword_engines:217 - WARNING - No stop words loaded
2026-03-13 07:56:47.915 - voice - ovos_dinkum_listener.voice_loop.voice_loop:start:190 - INFO - Listening mode: ListeningMode.WAKEWORD
2026-03-13 07:56:47.916 - voice - ovos_dinkum_listener.voice_loop.voice_loop:start:191 - INFO - VAD pre-wake enabled: False
2026-03-13 07:56:50.921 - voice - ovos_dinkum_listener.service:on_started:100 - INFO - DinkumVoiceService started.
2026-03-13 07:56:50.939 - voice - ovos_dinkum_listener.service:on_started:100 - INFO - DinkumVoiceService started.
2026-03-13 07:56:50.940 - voice - ovos_dinkum_listener.service:on_ready:92 - INFO - DinkumVoiceService is ready.
2026-03-13 07:56:50.940 - voice - ovos_dinkum_listener.service:run:349 - INFO - Service ready
2026-03-13 07:56:50.940 - voice - ovos_dinkum_listener.voice_loop.voice_loop:run:255 - INFO - Starting loop in mode: ListeningMode.WAKEWORD
2026-03-13 08:15:18.999 - voice - ovos_dinkum_listener.service:__init__:169 - INFO - Starting Voice Service
2026-03-13 08:15:19.028 - voice - ovos_dinkum_listener.service:on_alive:96 - INFO - DinkumVoiceService is alive.
2026-03-13 08:15:19.029 - voice - ovos_dinkum_listener.service:_before_start:372 - INFO - Starting service...
2026-03-13 08:15:19.340 - voice - ovos_dinkum_listener.service:_connect_to_bus:476 - INFO - Connected to Mycroft Core message bus
2026-03-13 08:15:22.220 - voice - ovos_dinkum_listener.service:on_alive:96 - INFO - DinkumVoiceService is alive.
2026-03-13 08:15:22.229 - voice - ovos_dinkum_listener.voice_loop.hotwords:load_hotword_engines:124 - INFO - creating hotword engines
2026-03-13 08:15:22.231 - voice - ovos_plugin_manager.wakewords:load_module:141 - INFO - Loading "wake_up" wake word via ovos-ww-plugin-vosk with config: {'module': 'ovos-ww-plugin-vosk', 'rule': 'fuzzy', 'samples': ['wake up'], 'lang': 'en-us', 'wakeup': True, 'fallback_ww': 'wake_up_pocketsphinx'}
2026-03-13 08:15:24.368 - voice - ovos_plugin_manager.wakewords:load_module:148 - INFO - Loaded the Wake Word wake_up with module ovos-ww-plugin-vosk
2026-03-13 08:15:25.796 - voice - ovos_dinkum_listener.voice_loop.hotwords:load_hotword_engines:173 - INFO - Loading hotword: wake_up with engine: <ovos_ww_plugin_vosk.VoskWakeWordPlugin object at 0x7ffed5f79010>
2026-03-13 08:15:25.798 - voice - ovos_plugin_manager.wakewords:load_module:141 - INFO - Loading "hey_k9" wake word via ovos-ww-plugin-precise-lite with config: {'module': 'ovos-ww-plugin-precise-lite', 'model': '/home/ovos/.local/share/mycroft/hey_k9.tflite', 'listen': True, 'active': True, 'expected_duration': 3, 'trigger_level': 3, 'sensitivity': 0.5}
2026-03-13 08:15:25.806 - voice - ovos_plugin_manager.wakewords:load_module:148 - INFO - Loaded the Wake Word hey_k9 with module ovos-ww-plugin-precise-lite
2026-03-13 08:15:25.902 - voice - ovos_dinkum_listener.voice_loop.hotwords:load_hotword_engines:173 - INFO - Loading hotword: hey_k9 with engine: <ovos_ww_plugin_precise_lite.PreciseLiteHotwordPlugin object at 0x7ffeb90a8d70>
2026-03-13 08:15:25.907 - voice - ovos_dinkum_listener.voice_loop.hotwords:load_hotword_engines:217 - WARNING - No stop words loaded
2026-03-13 08:15:25.908 - voice - ovos_dinkum_listener.voice_loop.voice_loop:start:190 - INFO - Listening mode: ListeningMode.WAKEWORD
2026-03-13 08:15:25.908 - voice - ovos_dinkum_listener.voice_loop.voice_loop:start:191 - INFO - VAD pre-wake enabled: False
2026-03-13 08:15:28.910 - voice - ovos_dinkum_listener.service:on_started:100 - INFO - DinkumVoiceService started.
2026-03-13 08:15:28.911 - voice - ovos_dinkum_listener.service:on_started:100 - INFO - DinkumVoiceService started.
2026-03-13 08:15:28.912 - voice - ovos_dinkum_listener.service:on_ready:92 - INFO - DinkumVoiceService is ready.
2026-03-13 08:15:28.912 - voice - ovos_dinkum_listener.service:run:349 - INFO - Service ready
2026-03-13 08:15:28.913 - voice - ovos_dinkum_listener.voice_loop.voice_loop:run:255 - INFO - Starting loop in mode: ListeningMode.WAKEWORD
2026-03-14 18:45:45.569 - voice - ovos_dinkum_listener.service:__init__:169 - INFO - Starting Voice Service
2026-03-14 18:45:45.585 - voice - ovos_dinkum_listener.service:on_alive:96 - INFO - DinkumVoiceService is alive.
2026-03-14 18:45:45.586 - voice - ovos_dinkum_listener.service:_before_start:372 - INFO - Starting service...
2026-03-14 18:45:45.650 - voice - ovos_dinkum_listener.service:_connect_to_bus:476 - INFO - Connected to Mycroft Core message bus
2026-03-14 18:45:48.998 - voice - ovos_dinkum_listener.service:on_alive:96 - INFO - DinkumVoiceService is alive.
2026-03-14 18:45:49.002 - voice - ovos_dinkum_listener.voice_loop.hotwords:load_hotword_engines:124 - INFO - creating hotword engines
2026-03-14 18:45:49.004 - voice - ovos_plugin_manager.wakewords:load_module:141 - INFO - Loading "wake_up" wake word via ovos-ww-plugin-vosk with config: {'module': 'ovos-ww-plugin-vosk', 'rule': 'fuzzy', 'samples': ['wake up'], 'lang': 'en-us', 'wakeup': True, 'fallback_ww': 'wake_up_pocketsphinx'}
2026-03-14 18:45:51.276 - voice - ovos_plugin_manager.wakewords:load_module:148 - INFO - Loaded the Wake Word wake_up with module ovos-ww-plugin-vosk
2026-03-14 18:45:52.611 - voice - ovos_dinkum_listener.voice_loop.hotwords:load_hotword_engines:173 - INFO - Loading hotword: wake_up with engine: <ovos_ww_plugin_vosk.VoskWakeWordPlugin object at 0x7ffec00b5010>
2026-03-14 18:45:52.613 - voice - ovos_plugin_manager.wakewords:load_module:141 - INFO - Loading "hey_k9" wake word via ovos-ww-plugin-precise-lite with config: {'module': 'ovos-ww-plugin-precise-lite', 'model': '/home/ovos/.local/share/mycroft/hey_k9.tflite', 'listen': True, 'active': True, 'expected_duration': 3, 'trigger_level': 3, 'sensitivity': 0.5}
2026-03-14 18:45:52.621 - voice - ovos_plugin_manager.wakewords:load_module:148 - INFO - Loaded the Wake Word hey_k9 with module ovos-ww-plugin-precise-lite
2026-03-14 18:45:52.755 - voice - ovos_dinkum_listener.voice_loop.hotwords:load_hotword_engines:173 - INFO - Loading hotword: hey_k9 with engine: <ovos_ww_plugin_precise_lite.PreciseLiteHotwordPlugin object at 0x7ffea36d0ec0>
2026-03-14 18:45:52.762 - voice - ovos_dinkum_listener.voice_loop.hotwords:load_hotword_engines:217 - WARNING - No stop words loaded
2026-03-14 18:45:52.763 - voice - ovos_dinkum_listener.voice_loop.voice_loop:start:190 - INFO - Listening mode: ListeningMode.WAKEWORD
2026-03-14 18:45:52.763 - voice - ovos_dinkum_listener.voice_loop.voice_loop:start:191 - INFO - VAD pre-wake enabled: False
2026-03-14 18:45:55.813 - voice - ovos_dinkum_listener.service:on_started:100 - INFO - DinkumVoiceService started.
2026-03-14 18:45:55.819 - voice - ovos_dinkum_listener.service:on_started:100 - INFO - DinkumVoiceService started.
2026-03-14 18:45:55.820 - voice - ovos_dinkum_listener.service:on_ready:92 - INFO - DinkumVoiceService is ready.
2026-03-14 18:45:55.852 - voice - ovos_dinkum_listener.service:run:349 - INFO - Service ready
2026-03-14 18:45:55.915 - voice - ovos_dinkum_listener.voice_loop.voice_loop:run:255 - INFO - Starting loop in mode: ListeningMode.WAKEWORD
2026-03-14 18:45:50.306 - voice - ovos_dinkum_listener.service:__init__:169 - INFO - Starting Voice Service
2026-03-14 18:45:50.325 - voice - ovos_dinkum_listener.service:on_alive:96 - INFO - DinkumVoiceService is alive.
2026-03-14 18:45:50.326 - voice - ovos_dinkum_listener.service:_before_start:372 - INFO - Starting service...
2026-03-14 18:45:50.376 - voice - ovos_dinkum_listener.service:_connect_to_bus:476 - INFO - Connected to Mycroft Core message bus
2026-03-14 18:45:54.466 - voice - ovos_dinkum_listener.service:on_alive:96 - INFO - DinkumVoiceService is alive.
2026-03-14 18:45:54.470 - voice - ovos_dinkum_listener.voice_loop.hotwords:load_hotword_engines:124 - INFO - creating hotword engines
2026-03-14 18:45:54.472 - voice - ovos_plugin_manager.wakewords:load_module:141 - INFO - Loading "wake_up" wake word via ovos-ww-plugin-vosk with config: {'module': 'ovos-ww-plugin-vosk', 'rule': 'fuzzy', 'samples': ['wake up'], 'lang': 'en-us', 'wakeup': True, 'fallback_ww': 'wake_up_pocketsphinx'}
2026-03-14 18:45:56.537 - voice - ovos_plugin_manager.wakewords:load_module:148 - INFO - Loaded the Wake Word wake_up with module ovos-ww-plugin-vosk
2026-03-14 18:45:58.229 - voice - ovos_dinkum_listener.voice_loop.hotwords:load_hotword_engines:173 - INFO - Loading hotword: wake_up with engine: <ovos_ww_plugin_vosk.VoskWakeWordPlugin object at 0x7fff32795010>
2026-03-14 18:45:58.230 - voice - ovos_plugin_manager.wakewords:load_module:141 - INFO - Loading "hey_k9" wake word via ovos-ww-plugin-precise-lite with config: {'module': 'ovos-ww-plugin-precise-lite', 'model': '/home/ovos/.local/share/mycroft/hey_k9.tflite', 'listen': True, 'active': True, 'expected_duration': 3, 'trigger_level': 3, 'sensitivity': 0.5}
2026-03-14 18:45:58.245 - voice - ovos_plugin_manager.wakewords:load_module:148 - INFO - Loaded the Wake Word hey_k9 with module ovos-ww-plugin-precise-lite
2026-03-14 18:45:58.341 - voice - ovos_dinkum_listener.voice_loop.hotwords:load_hotword_engines:173 - INFO - Loading hotword: hey_k9 with engine: <ovos_ww_plugin_precise_lite.PreciseLiteHotwordPlugin object at 0x7fff15d4cec0>
2026-03-14 18:45:58.346 - voice - ovos_dinkum_listener.voice_loop.hotwords:load_hotword_engines:217 - WARNING - No stop words loaded
2026-03-14 18:45:58.347 - voice - ovos_dinkum_listener.voice_loop.voice_loop:start:190 - INFO - Listening mode: ListeningMode.WAKEWORD
2026-03-14 18:45:58.348 - voice - ovos_dinkum_listener.voice_loop.voice_loop:start:191 - INFO - VAD pre-wake enabled: False
2026-03-14 18:46:01.352 - voice - ovos_dinkum_listener.service:on_started:100 - INFO - DinkumVoiceService started.
2026-03-14 18:46:01.352 - voice - ovos_dinkum_listener.service:on_started:100 - INFO - DinkumVoiceService started.
2026-03-14 18:46:01.353 - voice - ovos_dinkum_listener.service:on_ready:92 - INFO - DinkumVoiceService is ready.
2026-03-14 18:46:01.354 - voice - ovos_dinkum_listener.service:run:349 - INFO - Service ready
2026-03-14 18:46:01.355 - voice - ovos_dinkum_listener.voice_loop.voice_loop:run:255 - INFO - Starting loop in mode: ListeningMode.WAKEWORD
2026-03-14 18:47:53.991 - voice - ovos_bus_client.client.client:on_error:112 - WARNING - Could not send message because connection has closed
2026-03-14 18:47:53.991 - voice - ovos_bus_client.client.client:on_error:130 - WARNING - Message Bus Client will reconnect in 5.0 seconds.
2026-03-14 18:47:58.994 - voice - ovos_bus_client.client.client:on_error:114 - WARNING - Connection Refused. Is Messagebus Service running?
2026-03-14 18:47:58.996 - voice - ovos_bus_client.client.client:on_error:130 - WARNING - Message Bus Client will reconnect in 10.0 seconds.
2026-03-14 18:45:48.727 - voice - ovos_dinkum_listener.service:__init__:169 - INFO - Starting Voice Service
2026-03-14 18:45:48.745 - voice - ovos_dinkum_listener.service:on_alive:96 - INFO - DinkumVoiceService is alive.
2026-03-14 18:45:48.746 - voice - ovos_dinkum_listener.service:_before_start:372 - INFO - Starting service...
2026-03-14 18:45:48.804 - voice - ovos_dinkum_listener.service:_connect_to_bus:476 - INFO - Connected to Mycroft Core message bus
2026-03-14 18:45:52.231 - voice - ovos_dinkum_listener.service:on_alive:96 - INFO - DinkumVoiceService is alive.
2026-03-14 18:45:52.232 - voice - ovos_dinkum_listener.voice_loop.hotwords:load_hotword_engines:124 - INFO - creating hotword engines
2026-03-14 18:45:52.244 - voice - ovos_microphone_plugin_alsa:_run:113 - ERROR - Failed to open microphone
Traceback (most recent call last):
  File "/home/ovos/.venv/lib/python3.13/site-packages/ovos_microphone_plugin_alsa/__init__.py", line 78, in _run
    mic = alsaaudio.PCM(
        type=alsaaudio.PCM_CAPTURE,
    ...<6 lines>...
        periodsize=self.period_size,
    )
alsaaudio.ALSAAudioError: No such file or directory [hw:0,0]
2026-03-14 18:45:52.245 - voice - ovos_plugin_manager.wakewords:load_module:141 - INFO - Loading "wake_up" wake word via ovos-ww-plugin-vosk with config: {'module': 'ovos-ww-plugin-vosk', 'rule': 'fuzzy', 'samples': ['wake up'], 'lang': 'en-us', 'wakeup': True, 'fallback_ww': 'wake_up_pocketsphinx'}
2026-03-14 18:45:54.721 - voice - ovos_plugin_manager.wakewords:load_module:148 - INFO - Loaded the Wake Word wake_up with module ovos-ww-plugin-vosk
2026-03-14 18:45:56.186 - voice - ovos_dinkum_listener.voice_loop.hotwords:load_hotword_engines:173 - INFO - Loading hotword: wake_up with engine: <ovos_ww_plugin_vosk.VoskWakeWordPlugin object at 0x7fff8a565010>
2026-03-14 18:45:56.189 - voice - ovos_plugin_manager.wakewords:load_module:141 - INFO - Loading "hey_k9" wake word via ovos-ww-plugin-precise-lite with config: {'module': 'ovos-ww-plugin-precise-lite', 'model': '/home/ovos/.local/share/mycroft/hey_k9.tflite', 'listen': True, 'active': True, 'expected_duration': 3, 'trigger_level': 3, 'sensitivity': 0.5}
2026-03-14 18:45:56.218 - voice - ovos_plugin_manager.wakewords:load_module:148 - INFO - Loaded the Wake Word hey_k9 with module ovos-ww-plugin-precise-lite
2026-03-14 18:45:56.644 - voice - ovos_dinkum_listener.voice_loop.hotwords:load_hotword_engines:173 - INFO - Loading hotword: hey_k9 with engine: <ovos_ww_plugin_precise_lite.PreciseLiteHotwordPlugin object at 0x7fff6d580ec0>
2026-03-14 18:45:56.660 - voice - ovos_dinkum_listener.voice_loop.hotwords:load_hotword_engines:217 - WARNING - No stop words loaded
2026-03-14 18:45:56.661 - voice - ovos_dinkum_listener.voice_loop.voice_loop:start:190 - INFO - Listening mode: ListeningMode.WAKEWORD
2026-03-14 18:45:56.663 - voice - ovos_dinkum_listener.voice_loop.voice_loop:start:191 - INFO - VAD pre-wake enabled: False
2026-03-14 18:45:59.666 - voice - ovos_dinkum_listener.service:on_started:100 - INFO - DinkumVoiceService started.
2026-03-14 18:45:59.667 - voice - ovos_dinkum_listener.service:on_started:100 - INFO - DinkumVoiceService started.
2026-03-14 18:45:59.668 - voice - ovos_dinkum_listener.service:on_ready:92 - INFO - DinkumVoiceService is ready.
2026-03-14 18:45:59.668 - voice - ovos_dinkum_listener.service:run:349 - INFO - Service ready
2026-03-14 18:45:59.669 - voice - ovos_dinkum_listener.voice_loop.voice_loop:run:255 - INFO - Starting loop in mode: ListeningMode.WAKEWORD
2026-03-14 18:45:51.068 - voice - ovos_dinkum_listener.service:__init__:169 - INFO - Starting Voice Service
2026-03-14 18:45:51.096 - voice - ovos_dinkum_listener.service:on_alive:96 - INFO - DinkumVoiceService is alive.
2026-03-14 18:45:51.097 - voice - ovos_dinkum_listener.service:_before_start:372 - INFO - Starting service...
2026-03-14 18:45:51.187 - voice - ovos_dinkum_listener.service:_connect_to_bus:476 - INFO - Connected to Mycroft Core message bus
2026-03-14 18:45:53.826 - voice - ovos_dinkum_listener.service:on_alive:96 - INFO - DinkumVoiceService is alive.
2026-03-14 18:45:53.827 - voice - ovos_dinkum_listener.voice_loop.hotwords:load_hotword_engines:124 - INFO - creating hotword engines
2026-03-14 18:45:53.829 - voice - ovos_plugin_manager.wakewords:load_module:141 - INFO - Loading "wake_up" wake word via ovos-ww-plugin-vosk with config: {'module': 'ovos-ww-plugin-vosk', 'rule': 'fuzzy', 'samples': ['wake up'], 'lang': 'en-us', 'wakeup': True, 'fallback_ww': 'wake_up_pocketsphinx'}
2026-03-14 18:45:53.835 - voice - ovos_microphone_plugin_alsa:_run:113 - ERROR - Failed to open microphone
Traceback (most recent call last):
  File "/home/ovos/.venv/lib/python3.13/site-packages/ovos_microphone_plugin_alsa/__init__.py", line 78, in _run
    mic = alsaaudio.PCM(
        type=alsaaudio.PCM_CAPTURE,
    ...<6 lines>...
        periodsize=self.period_size,
    )
alsaaudio.ALSAAudioError: No such file or directory [hw:0,0]
2026-03-14 18:45:57.153 - voice - ovos_plugin_manager.wakewords:load_module:148 - INFO - Loaded the Wake Word wake_up with module ovos-ww-plugin-vosk
2026-03-14 18:45:59.221 - voice - ovos_dinkum_listener.voice_loop.hotwords:load_hotword_engines:173 - INFO - Loading hotword: wake_up with engine: <ovos_ww_plugin_vosk.VoskWakeWordPlugin object at 0x7ffea2305010>
2026-03-14 18:45:59.223 - voice - ovos_plugin_manager.wakewords:load_module:141 - INFO - Loading "hey_k9" wake word via ovos-ww-plugin-precise-lite with config: {'module': 'ovos-ww-plugin-precise-lite', 'model': '/home/ovos/.local/share/mycroft/hey_k9.tflite', 'listen': True, 'active': True, 'expected_duration': 3, 'trigger_level': 3, 'sensitivity': 0.5}
2026-03-14 18:45:59.235 - voice - ovos_plugin_manager.wakewords:load_module:148 - INFO - Loaded the Wake Word hey_k9 with module ovos-ww-plugin-precise-lite
2026-03-14 18:45:59.325 - voice - ovos_dinkum_listener.voice_loop.hotwords:load_hotword_engines:173 - INFO - Loading hotword: hey_k9 with engine: <ovos_ww_plugin_precise_lite.PreciseLiteHotwordPlugin object at 0x7ffe85388ec0>
2026-03-14 18:45:59.334 - voice - ovos_dinkum_listener.voice_loop.hotwords:load_hotword_engines:217 - WARNING - No stop words loaded
2026-03-14 18:45:59.335 - voice - ovos_dinkum_listener.voice_loop.voice_loop:start:190 - INFO - Listening mode: ListeningMode.WAKEWORD
2026-03-14 18:45:59.336 - voice - ovos_dinkum_listener.voice_loop.voice_loop:start:191 - INFO - VAD pre-wake enabled: False
2026-03-14 19:04:00.851 - voice - ovos_dinkum_listener.service:on_started:100 - INFO - DinkumVoiceService started.
2026-03-14 19:04:00.852 - voice - ovos_dinkum_listener.service:on_started:100 - INFO - DinkumVoiceService started.
2026-03-14 19:04:00.853 - voice - ovos_dinkum_listener.service:on_ready:92 - INFO - DinkumVoiceService is ready.
2026-03-14 19:04:00.853 - voice - ovos_dinkum_listener.service:run:349 - INFO - Service ready
2026-03-14 19:04:00.853 - voice - ovos_dinkum_listener.voice_loop.voice_loop:run:255 - INFO - Starting loop in mode: ListeningMode.WAKEWORD
2026-03-14 19:41:27.221 - voice - ovos_dinkum_listener.service:__init__:169 - INFO - Starting Voice Service
2026-03-14 19:41:27.255 - voice - ovos_dinkum_listener.service:on_alive:96 - INFO - DinkumVoiceService is alive.
2026-03-14 19:41:27.257 - voice - ovos_dinkum_listener.service:_before_start:372 - INFO - Starting service...
2026-03-14 19:41:27.379 - voice - ovos_dinkum_listener.service:_connect_to_bus:476 - INFO - Connected to Mycroft Core message bus
2026-03-14 19:41:30.663 - voice - ovos_dinkum_listener.service:on_alive:96 - INFO - DinkumVoiceService is alive.
2026-03-14 19:41:30.667 - voice - ovos_dinkum_listener.voice_loop.hotwords:load_hotword_engines:124 - INFO - creating hotword engines
2026-03-14 19:41:30.669 - voice - ovos_plugin_manager.wakewords:load_module:141 - INFO - Loading "wake_up" wake word via ovos-ww-plugin-vosk with config: {'module': 'ovos-ww-plugin-vosk', 'rule': 'fuzzy', 'samples': ['wake up'], 'lang': 'en-us', 'wakeup': True, 'fallback_ww': 'wake_up_pocketsphinx'}
2026-03-14 19:41:32.971 - voice - ovos_plugin_manager.wakewords:load_module:148 - INFO - Loaded the Wake Word wake_up with module ovos-ww-plugin-vosk
2026-03-14 19:41:34.462 - voice - ovos_dinkum_listener.voice_loop.hotwords:load_hotword_engines:173 - INFO - Loading hotword: wake_up with engine: <ovos_ww_plugin_vosk.VoskWakeWordPlugin object at 0x7fff582e9160>
2026-03-14 19:41:34.463 - voice - ovos_plugin_manager.wakewords:load_module:141 - INFO - Loading "hey_k9" wake word via ovos-ww-plugin-precise-lite with config: {'module': 'ovos-ww-plugin-precise-lite', 'model': '/home/ovos/.local/share/mycroft/hey_k9.tflite', 'listen': True, 'active': True, 'expected_duration': 3, 'trigger_level': 3, 'sensitivity': 0.5}
2026-03-14 19:41:34.471 - voice - ovos_plugin_manager.wakewords:load_module:148 - INFO - Loaded the Wake Word hey_k9 with module ovos-ww-plugin-precise-lite
2026-03-14 19:41:34.564 - voice - ovos_dinkum_listener.voice_loop.hotwords:load_hotword_engines:173 - INFO - Loading hotword: hey_k9 with engine: <ovos_ww_plugin_precise_lite.PreciseLiteHotwordPlugin object at 0x7fff372ecec0>
2026-03-14 19:41:34.569 - voice - ovos_dinkum_listener.voice_loop.hotwords:load_hotword_engines:217 - WARNING - No stop words loaded
2026-03-14 19:41:34.570 - voice - ovos_dinkum_listener.voice_loop.voice_loop:start:190 - INFO - Listening mode: ListeningMode.WAKEWORD
2026-03-14 19:41:34.571 - voice - ovos_dinkum_listener.voice_loop.voice_loop:start:191 - INFO - VAD pre-wake enabled: False
2026-03-14 20:04:23.016 - voice - ovos_dinkum_listener.service:on_started:100 - INFO - DinkumVoiceService started.
2026-03-14 20:04:23.016 - voice - ovos_dinkum_listener.service:on_started:100 - INFO - DinkumVoiceService started.
2026-03-14 20:04:23.017 - voice - ovos_dinkum_listener.service:on_ready:92 - INFO - DinkumVoiceService is ready.
2026-03-14 20:04:23.017 - voice - ovos_dinkum_listener.service:run:349 - INFO - Service ready
2026-03-14 20:04:23.018 - voice - ovos_dinkum_listener.voice_loop.voice_loop:run:255 - INFO - Starting loop in mode: ListeningMode.WAKEWORD
2026-03-14 20:05:18.518 - voice - ovos_dinkum_listener.service:__init__:169 - INFO - Starting Voice Service
2026-03-14 20:05:18.541 - voice - ovos_dinkum_listener.service:on_alive:96 - INFO - DinkumVoiceService is alive.
2026-03-14 20:05:18.542 - voice - ovos_dinkum_listener.service:_before_start:372 - INFO - Starting service...
2026-03-14 20:05:18.620 - voice - ovos_dinkum_listener.service:_connect_to_bus:476 - INFO - Connected to Mycroft Core message bus
2026-03-14 20:05:21.683 - voice - ovos_dinkum_listener.service:on_alive:96 - INFO - DinkumVoiceService is alive.
2026-03-14 20:05:21.687 - voice - ovos_dinkum_listener.voice_loop.hotwords:load_hotword_engines:124 - INFO - creating hotword engines
2026-03-14 20:05:21.689 - voice - ovos_plugin_manager.wakewords:load_module:141 - INFO - Loading "wake_up" wake word via ovos-ww-plugin-vosk with config: {'module': 'ovos-ww-plugin-vosk', 'rule': 'fuzzy', 'samples': ['wake up'], 'lang': 'en-us', 'wakeup': True, 'fallback_ww': 'wake_up_pocketsphinx'}
2026-03-14 20:05:24.288 - voice - ovos_plugin_manager.wakewords:load_module:148 - INFO - Loaded the Wake Word wake_up with module ovos-ww-plugin-vosk
2026-03-14 20:05:25.689 - voice - ovos_dinkum_listener.voice_loop.hotwords:load_hotword_engines:173 - INFO - Loading hotword: wake_up with engine: <ovos_ww_plugin_vosk.VoskWakeWordPlugin object at 0x7ffef5fb5010>
2026-03-14 20:05:25.690 - voice - ovos_plugin_manager.wakewords:load_module:141 - INFO - Loading "hey_k9" wake word via ovos-ww-plugin-precise-lite with config: {'module': 'ovos-ww-plugin-precise-lite', 'model': '/home/ovos/.local/share/mycroft/hey_k9.tflite', 'listen': True, 'active': True, 'expected_duration': 3, 'trigger_level': 3, 'sensitivity': 0.5}
2026-03-14 20:05:25.702 - voice - ovos_plugin_manager.wakewords:load_module:148 - INFO - Loaded the Wake Word hey_k9 with module ovos-ww-plugin-precise-lite
2026-03-14 20:05:25.814 - voice - ovos_dinkum_listener.voice_loop.hotwords:load_hotword_engines:173 - INFO - Loading hotword: hey_k9 with engine: <ovos_ww_plugin_precise_lite.PreciseLiteHotwordPlugin object at 0x7ffed90f4d70>
2026-03-14 20:05:25.820 - voice - ovos_dinkum_listener.voice_loop.hotwords:load_hotword_engines:217 - WARNING - No stop words loaded
2026-03-14 20:05:25.823 - voice - ovos_dinkum_listener.voice_loop.voice_loop:start:190 - INFO - Listening mode: ListeningMode.WAKEWORD
2026-03-14 20:05:25.824 - voice - ovos_dinkum_listener.voice_loop.voice_loop:start:191 - INFO - VAD pre-wake enabled: False
2026-03-15 08:02:25.112 - voice - ovos_dinkum_listener.service:on_started:100 - INFO - DinkumVoiceService started.
2026-03-15 08:02:25.112 - voice - ovos_dinkum_listener.service:on_started:100 - INFO - DinkumVoiceService started.
2026-03-15 08:02:25.113 - voice - ovos_dinkum_listener.service:on_ready:92 - INFO - DinkumVoiceService is ready.
2026-03-15 08:02:25.113 - voice - ovos_dinkum_listener.service:run:349 - INFO - Service ready
2026-03-15 08:02:25.114 - voice - ovos_dinkum_listener.voice_loop.voice_loop:run:255 - INFO - Starting loop in mode: ListeningMode.WAKEWORD
                                                                                                                                                                                                                                                                                                                                                                                                                                                                                                                                                                                                                                                                                                                                                                                                                                                                                                                                                                                                                                                                                                                                                                                                                                                                                                                                                                                                                                                                                                                                                                                                                                                                                                                                                                                                                                                                                                                                                                                                                                                                                                                                                                                                                                                                                                                                                                                                                                                                                                                                                                                                        2026-03-15 08:04:25.169 - voice - ovos_dinkum_listener.service:__init__:169 - INFO - Starting Voice Service
2026-03-15 08:04:25.186 - voice - ovos_dinkum_listener.service:on_alive:96 - INFO - DinkumVoiceService is alive.
2026-03-15 08:04:25.187 - voice - ovos_dinkum_listener.service:_before_start:372 - INFO - Starting service...
2026-03-15 08:04:25.290 - voice - ovos_dinkum_listener.service:_connect_to_bus:476 - INFO - Connected to Mycroft Core message bus
2026-03-15 08:04:28.309 - voice - ovos_dinkum_listener.service:on_alive:96 - INFO - DinkumVoiceService is alive.
2026-03-15 08:04:28.310 - voice - ovos_dinkum_listener.voice_loop.hotwords:load_hotword_engines:124 - INFO - creating hotword engines
2026-03-15 08:04:28.311 - voice - ovos_microphone_plugin_alsa:_run:113 - ERROR - Failed to open microphone
Traceback (most recent call last):
  File "/home/ovos/.venv/lib/python3.13/site-packages/ovos_microphone_plugin_alsa/__init__.py", line 78, in _run
    mic = alsaaudio.PCM(
        type=alsaaudio.PCM_CAPTURE,
    ...<6 lines>...
        periodsize=self.period_size,
    )
alsaaudio.ALSAAudioError: No such file or directory [hw:0,0]
2026-03-15 08:04:28.313 - voice - ovos_plugin_manager.wakewords:load_module:141 - INFO - Loading "wake_up" wake word via ovos-ww-plugin-vosk with config: {'module': 'ovos-ww-plugin-vosk', 'rule': 'fuzzy', 'samples': ['wake up'], 'lang': 'en-us', 'wakeup': True, 'fallback_ww': 'wake_up_pocketsphinx'}
2026-03-15 08:04:30.039 - voice - ovos_plugin_manager.wakewords:load_module:148 - INFO - Loaded the Wake Word wake_up with module ovos-ww-plugin-vosk
2026-03-15 08:04:31.500 - voice - ovos_dinkum_listener.voice_loop.hotwords:load_hotword_engines:173 - INFO - Loading hotword: wake_up with engine: <ovos_ww_plugin_vosk.VoskWakeWordPlugin object at 0x7ffea9ff5010>
2026-03-15 08:04:31.501 - voice - ovos_plugin_manager.wakewords:load_module:141 - INFO - Loading "hey_k9" wake word via ovos-ww-plugin-precise-lite with config: {'module': 'ovos-ww-plugin-precise-lite', 'model': '/home/ovos/.local/share/mycroft/hey_k9.tflite', 'listen': True, 'active': True, 'expected_duration': 3, 'trigger_level': 3, 'sensitivity': 0.5}
2026-03-15 08:04:31.509 - voice - ovos_plugin_manager.wakewords:load_module:148 - INFO - Loaded the Wake Word hey_k9 with module ovos-ww-plugin-precise-lite
2026-03-15 08:04:31.711 - voice - ovos_dinkum_listener.voice_loop.hotwords:load_hotword_engines:173 - INFO - Loading hotword: hey_k9 with engine: <ovos_ww_plugin_precise_lite.PreciseLiteHotwordPlugin object at 0x7ffe8d340d70>
2026-03-15 08:04:31.729 - voice - ovos_dinkum_listener.voice_loop.hotwords:load_hotword_engines:217 - WARNING - No stop words loaded
2026-03-15 08:04:31.729 - voice - ovos_dinkum_listener.voice_loop.voice_loop:start:190 - INFO - Listening mode: ListeningMode.WAKEWORD
2026-03-15 08:04:31.730 - voice - ovos_dinkum_listener.voice_loop.voice_loop:start:191 - INFO - VAD pre-wake enabled: False
2026-03-15 08:04:34.732 - voice - ovos_dinkum_listener.service:on_started:100 - INFO - DinkumVoiceService started.
2026-03-15 08:04:34.733 - voice - ovos_dinkum_listener.service:on_started:100 - INFO - DinkumVoiceService started.
2026-03-15 08:04:34.734 - voice - ovos_dinkum_listener.service:on_ready:92 - INFO - DinkumVoiceService is ready.
2026-03-15 08:04:34.735 - voice - ovos_dinkum_listener.service:run:349 - INFO - Service ready
2026-03-15 08:04:34.735 - voice - ovos_dinkum_listener.voice_loop.voice_loop:run:255 - INFO - Starting loop in mode: ListeningMode.WAKEWORD
2026-03-15 08:37:21.780 - voice - ovos_dinkum_listener.service:__init__:169 - INFO - Starting Voice Service
2026-03-15 08:37:21.810 - voice - ovos_dinkum_listener.service:on_alive:96 - INFO - DinkumVoiceService is alive.
2026-03-15 08:37:21.812 - voice - ovos_dinkum_listener.service:_before_start:372 - INFO - Starting service...
2026-03-15 08:37:22.161 - voice - ovos_dinkum_listener.service:_connect_to_bus:476 - INFO - Connected to Mycroft Core message bus
2026-03-15 08:37:25.217 - voice - ovos_dinkum_listener.service:on_alive:96 - INFO - DinkumVoiceService is alive.
2026-03-15 08:37:25.221 - voice - ovos_dinkum_listener.voice_loop.hotwords:load_hotword_engines:124 - INFO - creating hotword engines
2026-03-15 08:37:25.223 - voice - ovos_plugin_manager.wakewords:load_module:141 - INFO - Loading "wake_up" wake word via ovos-ww-plugin-vosk with config: {'module': 'ovos-ww-plugin-vosk', 'rule': 'fuzzy', 'samples': ['wake up'], 'lang': 'en-us', 'wakeup': True, 'fallback_ww': 'wake_up_pocketsphinx'}
2026-03-15 08:37:26.992 - voice - ovos_plugin_manager.wakewords:load_module:148 - INFO - Loaded the Wake Word wake_up with module ovos-ww-plugin-vosk
2026-03-15 08:37:28.262 - voice - ovos_dinkum_listener.voice_loop.hotwords:load_hotword_engines:173 - INFO - Loading hotword: wake_up with engine: <ovos_ww_plugin_vosk.VoskWakeWordPlugin object at 0x7ffe8c395010>
2026-03-15 08:37:28.263 - voice - ovos_plugin_manager.wakewords:load_module:141 - INFO - Loading "hey_k9" wake word via ovos-ww-plugin-precise-lite with config: {'module': 'ovos-ww-plugin-precise-lite', 'model': '/home/ovos/.local/share/mycroft/hey_k9.tflite', 'listen': True, 'active': True, 'expected_duration': 3, 'trigger_level': 3, 'sensitivity': 0.5}
2026-03-15 08:37:28.272 - voice - ovos_plugin_manager.wakewords:load_module:148 - INFO - Loaded the Wake Word hey_k9 with module ovos-ww-plugin-precise-lite
2026-03-15 08:37:28.363 - voice - ovos_dinkum_listener.voice_loop.hotwords:load_hotword_engines:173 - INFO - Loading hotword: hey_k9 with engine: <ovos_ww_plugin_precise_lite.PreciseLiteHotwordPlugin object at 0x7ffe6f3e8d70>
2026-03-15 08:37:28.370 - voice - ovos_dinkum_listener.voice_loop.hotwords:load_hotword_engines:217 - WARNING - No stop words loaded
2026-03-15 08:37:28.371 - voice - ovos_dinkum_listener.voice_loop.voice_loop:start:190 - INFO - Listening mode: ListeningMode.WAKEWORD
2026-03-15 08:37:28.372 - voice - ovos_dinkum_listener.voice_loop.voice_loop:start:191 - INFO - VAD pre-wake enabled: False
2026-03-15 08:37:31.374 - voice - ovos_dinkum_listener.service:on_started:100 - INFO - DinkumVoiceService started.
2026-03-15 08:37:31.375 - voice - ovos_dinkum_listener.service:on_started:100 - INFO - DinkumVoiceService started.
2026-03-15 08:37:31.376 - voice - ovos_dinkum_listener.service:on_ready:92 - INFO - DinkumVoiceService is ready.
2026-03-15 08:37:31.376 - voice - ovos_dinkum_listener.service:run:349 - INFO - Service ready
2026-03-15 08:37:31.377 - voice - ovos_dinkum_listener.voice_loop.voice_loop:run:255 - INFO - Starting loop in mode: ListeningMode.WAKEWORD
2026-03-15 10:50:45.881 - voice - ovos_dinkum_listener.service:__init__:169 - INFO - Starting Voice Service
2026-03-15 10:50:45.897 - voice - ovos_dinkum_listener.service:on_alive:96 - INFO - DinkumVoiceService is alive.
2026-03-15 10:50:45.898 - voice - ovos_dinkum_listener.service:_before_start:372 - INFO - Starting service...
2026-03-15 10:50:45.984 - voice - ovos_dinkum_listener.service:_connect_to_bus:476 - INFO - Connected to Mycroft Core message bus
2026-03-15 10:50:48.961 - voice - ovos_dinkum_listener.service:on_alive:96 - INFO - DinkumVoiceService is alive.
2026-03-15 10:50:48.965 - voice - ovos_dinkum_listener.voice_loop.hotwords:load_hotword_engines:124 - INFO - creating hotword engines
2026-03-15 10:50:48.967 - voice - ovos_plugin_manager.wakewords:load_module:141 - INFO - Loading "wake_up" wake word via ovos-ww-plugin-vosk with config: {'module': 'ovos-ww-plugin-vosk', 'rule': 'fuzzy', 'samples': ['wake up'], 'lang': 'en-us', 'wakeup': True, 'fallback_ww': 'wake_up_pocketsphinx'}
2026-03-15 10:50:50.639 - voice - ovos_plugin_manager.wakewords:load_module:148 - INFO - Loaded the Wake Word wake_up with module ovos-ww-plugin-vosk
2026-03-15 10:50:52.032 - voice - ovos_dinkum_listener.voice_loop.hotwords:load_hotword_engines:173 - INFO - Loading hotword: wake_up with engine: <ovos_ww_plugin_vosk.VoskWakeWordPlugin object at 0x7ffe998b5010>
2026-03-15 10:50:52.033 - voice - ovos_plugin_manager.wakewords:load_module:141 - INFO - Loading "hey_k9" wake word via ovos-ww-plugin-precise-lite with config: {'module': 'ovos-ww-plugin-precise-lite', 'model': '/home/ovos/.local/share/mycroft/hey_k9.tflite', 'listen': True, 'active': True, 'expected_duration': 3, 'trigger_level': 3, 'sensitivity': 0.5}
2026-03-15 10:50:52.040 - voice - ovos_plugin_manager.wakewords:load_module:148 - INFO - Loaded the Wake Word hey_k9 with module ovos-ww-plugin-precise-lite
2026-03-15 10:50:52.119 - voice - ovos_dinkum_listener.voice_loop.hotwords:load_hotword_engines:173 - INFO - Loading hotword: hey_k9 with engine: <ovos_ww_plugin_precise_lite.PreciseLiteHotwordPlugin object at 0x7ffe7c9a8d70>
2026-03-15 10:50:52.122 - voice - ovos_dinkum_listener.voice_loop.hotwords:load_hotword_engines:217 - WARNING - No stop words loaded
2026-03-15 10:50:52.123 - voice - ovos_dinkum_listener.voice_loop.voice_loop:start:190 - INFO - Listening mode: ListeningMode.WAKEWORD
2026-03-15 10:50:52.124 - voice - ovos_dinkum_listener.voice_loop.voice_loop:start:191 - INFO - VAD pre-wake enabled: False
2026-03-15 10:50:55.186 - voice - ovos_dinkum_listener.service:on_started:100 - INFO - DinkumVoiceService started.
2026-03-15 10:50:55.190 - voice - ovos_dinkum_listener.service:on_started:100 - INFO - DinkumVoiceService started.
2026-03-15 10:50:55.191 - voice - ovos_dinkum_listener.service:on_ready:92 - INFO - DinkumVoiceService is ready.
2026-03-15 10:50:55.198 - voice - ovos_dinkum_listener.service:run:349 - INFO - Service ready
2026-03-15 10:50:55.198 - voice - ovos_dinkum_listener.voice_loop.voice_loop:run:255 - INFO - Starting loop in mode: ListeningMode.WAKEWORD
2026-03-16 18:49:34.403 - voice - ovos_dinkum_listener.service:__init__:169 - INFO - Starting Voice Service
2026-03-16 18:49:34.427 - voice - ovos_dinkum_listener.service:on_alive:96 - INFO - DinkumVoiceService is alive.
2026-03-16 18:49:34.428 - voice - ovos_dinkum_listener.service:_before_start:372 - INFO - Starting service...
2026-03-16 18:49:34.503 - voice - ovos_dinkum_listener.service:_connect_to_bus:476 - INFO - Connected to Mycroft Core message bus
2026-03-16 18:49:37.522 - voice - ovos_dinkum_listener.service:on_alive:96 - INFO - DinkumVoiceService is alive.
2026-03-16 18:49:37.527 - voice - ovos_dinkum_listener.voice_loop.hotwords:load_hotword_engines:124 - INFO - creating hotword engines
2026-03-16 18:49:37.528 - voice - ovos_plugin_manager.wakewords:load_module:141 - INFO - Loading "wake_up" wake word via ovos-ww-plugin-vosk with config: {'module': 'ovos-ww-plugin-vosk', 'rule': 'fuzzy', 'samples': ['wake up'], 'lang': 'en-us', 'wakeup': True, 'fallback_ww': 'wake_up_pocketsphinx'}
2026-03-16 18:49:39.653 - voice - ovos_plugin_manager.wakewords:load_module:148 - INFO - Loaded the Wake Word wake_up with module ovos-ww-plugin-vosk
2026-04-12 12:27:45.039 - voice - ovos_dinkum_listener.voice_loop.hotwords:load_hotword_engines:173 - INFO - Loading hotword: wake_up with engine: <ovos_ww_plugin_vosk.VoskWakeWordPlugin object at 0x7fff42db5010>
2026-04-12 12:27:45.042 - voice - ovos_plugin_manager.wakewords:load_module:141 - INFO - Loading "hey_k9" wake word via ovos-ww-plugin-precise-lite with config: {'module': 'ovos-ww-plugin-precise-lite', 'model': '/home/ovos/.local/share/mycroft/hey_k9.tflite', 'listen': True, 'active': True, 'expected_duration': 3, 'trigger_level': 3, 'sensitivity': 0.5}
2026-04-12 12:27:45.058 - voice - ovos_plugin_manager.wakewords:load_module:148 - INFO - Loaded the Wake Word hey_k9 with module ovos-ww-plugin-precise-lite
2026-04-12 12:27:45.223 - voice - ovos_dinkum_listener.voice_loop.hotwords:load_hotword_engines:173 - INFO - Loading hotword: hey_k9 with engine: <ovos_ww_plugin_precise_lite.PreciseLiteHotwordPlugin object at 0x7fff25e00ec0>
2026-04-12 12:27:45.233 - voice - ovos_dinkum_listener.voice_loop.hotwords:load_hotword_engines:217 - WARNING - No stop words loaded
2026-04-12 12:27:45.234 - voice - ovos_dinkum_listener.voice_loop.voice_loop:start:190 - INFO - Listening mode: ListeningMode.WAKEWORD
2026-04-12 12:27:45.237 - voice - ovos_dinkum_listener.voice_loop.voice_loop:start:191 - INFO - VAD pre-wake enabled: False
2026-04-12 12:27:48.244 - voice - ovos_dinkum_listener.service:on_started:100 - INFO - DinkumVoiceService started.
2026-04-12 12:27:48.244 - voice - ovos_dinkum_listener.service:on_started:100 - INFO - DinkumVoiceService started.
2026-04-12 12:27:48.245 - voice - ovos_dinkum_listener.service:on_ready:92 - INFO - DinkumVoiceService is ready.
2026-04-12 12:27:48.245 - voice - ovos_dinkum_listener.service:run:349 - INFO - Service ready
2026-04-12 12:27:48.245 - voice - ovos_dinkum_listener.voice_loop.voice_loop:run:255 - INFO - Starting loop in mode: ListeningMode.WAKEWORD
2026-04-12 13:08:10.012 - voice - ovos_dinkum_listener.service:__init__:169 - INFO - Starting Voice Service
2026-04-12 13:08:10.028 - voice - ovos_dinkum_listener.service:on_alive:96 - INFO - DinkumVoiceService is alive.
2026-04-12 13:08:10.029 - voice - ovos_dinkum_listener.service:_before_start:372 - INFO - Starting service...
2026-04-12 13:08:10.104 - voice - ovos_dinkum_listener.service:_connect_to_bus:476 - INFO - Connected to Mycroft Core message bus
2026-04-12 13:08:13.057 - voice - ovos_dinkum_listener.service:on_alive:96 - INFO - DinkumVoiceService is alive.
2026-04-12 13:08:13.059 - voice - ovos_dinkum_listener.voice_loop.hotwords:load_hotword_engines:124 - INFO - creating hotword engines
2026-04-12 13:08:13.063 - voice - ovos_plugin_manager.wakewords:load_module:141 - INFO - Loading "wake_up" wake word via ovos-ww-plugin-vosk with config: {'module': 'ovos-ww-plugin-vosk', 'rule': 'fuzzy', 'samples': ['wake up'], 'lang': 'en-us', 'wakeup': True, 'fallback_ww': 'wake_up_pocketsphinx'}
2026-04-12 13:08:15.602 - voice - ovos_plugin_manager.wakewords:load_module:148 - INFO - Loaded the Wake Word wake_up with module ovos-ww-plugin-vosk
2026-04-12 13:08:16.936 - voice - ovos_dinkum_listener.voice_loop.hotwords:load_hotword_engines:173 - INFO - Loading hotword: wake_up with engine: <ovos_ww_plugin_vosk.VoskWakeWordPlugin object at 0x7fff80249010>
2026-04-12 13:08:16.937 - voice - ovos_plugin_manager.wakewords:load_module:141 - INFO - Loading "hey_k9" wake word via ovos-ww-plugin-precise-lite with config: {'module': 'ovos-ww-plugin-precise-lite', 'model': '/home/ovos/.local/share/mycroft/hey_k9.tflite', 'listen': True, 'active': True, 'expected_duration': 3, 'trigger_level': 3, 'sensitivity': 0.5}
2026-04-12 13:08:16.945 - voice - ovos_plugin_manager.wakewords:load_module:148 - INFO - Loaded the Wake Word hey_k9 with module ovos-ww-plugin-precise-lite
2026-04-12 13:08:17.026 - voice - ovos_dinkum_listener.voice_loop.hotwords:load_hotword_engines:173 - INFO - Loading hotword: hey_k9 with engine: <ovos_ww_plugin_precise_lite.PreciseLiteHotwordPlugin object at 0x7fff63204ec0>
2026-04-12 13:08:17.034 - voice - ovos_dinkum_listener.voice_loop.hotwords:load_hotword_engines:217 - WARNING - No stop words loaded
2026-04-12 13:08:17.035 - voice - ovos_dinkum_listener.voice_loop.voice_loop:start:190 - INFO - Listening mode: ListeningMode.WAKEWORD
2026-04-12 13:08:17.035 - voice - ovos_dinkum_listener.voice_loop.voice_loop:start:191 - INFO - VAD pre-wake enabled: False
2026-04-12 13:12:08.066 - voice - ovos_dinkum_listener.service:on_started:100 - INFO - DinkumVoiceService started.
2026-04-12 13:12:08.067 - voice - ovos_dinkum_listener.service:on_started:100 - INFO - DinkumVoiceService started.
2026-04-12 13:12:08.068 - voice - ovos_dinkum_listener.service:on_ready:92 - INFO - DinkumVoiceService is ready.
2026-04-12 13:12:08.068 - voice - ovos_dinkum_listener.service:run:349 - INFO - Service ready
2026-04-12 13:12:08.069 - voice - ovos_dinkum_listener.voice_loop.voice_loop:run:255 - INFO - Starting loop in mode: ListeningMode.WAKEWORD
2026-04-12 13:14:07.565 - voice - ovos_dinkum_listener.service:__init__:169 - INFO - Starting Voice Service
2026-04-12 13:14:07.581 - voice - ovos_dinkum_listener.service:on_alive:96 - INFO - DinkumVoiceService is alive.
2026-04-12 13:14:07.582 - voice - ovos_dinkum_listener.service:_before_start:372 - INFO - Starting service...
2026-04-12 13:14:07.647 - voice - ovos_dinkum_listener.service:_connect_to_bus:476 - INFO - Connected to Mycroft Core message bus
2026-04-12 13:14:11.162 - voice - ovos_dinkum_listener.service:on_alive:96 - INFO - DinkumVoiceService is alive.
2026-04-12 13:14:11.167 - voice - ovos_dinkum_listener.voice_loop.hotwords:load_hotword_engines:124 - INFO - creating hotword engines
2026-04-12 13:14:11.169 - voice - ovos_plugin_manager.wakewords:load_module:141 - INFO - Loading "wake_up" wake word via ovos-ww-plugin-vosk with config: {'module': 'ovos-ww-plugin-vosk', 'rule': 'fuzzy', 'samples': ['wake up'], 'lang': 'en-us', 'wakeup': True, 'fallback_ww': 'wake_up_pocketsphinx'}
2026-04-12 13:14:13.245 - voice - ovos_plugin_manager.wakewords:load_module:148 - INFO - Loaded the Wake Word wake_up with module ovos-ww-plugin-vosk
2026-04-12 13:14:14.600 - voice - ovos_dinkum_listener.voice_loop.hotwords:load_hotword_engines:173 - INFO - Loading hotword: wake_up with engine: <ovos_ww_plugin_vosk.VoskWakeWordPlugin object at 0x7fff36af9010>
2026-04-12 13:14:14.601 - voice - ovos_plugin_manager.wakewords:load_module:141 - INFO - Loading "hey_k9" wake word via ovos-ww-plugin-precise-lite with config: {'module': 'ovos-ww-plugin-precise-lite', 'model': '/home/ovos/.local/share/mycroft/hey_k9.tflite', 'listen': True, 'active': True, 'expected_duration': 3, 'trigger_level': 3, 'sensitivity': 0.5}
2026-04-12 13:14:14.611 - voice - ovos_plugin_manager.wakewords:load_module:148 - INFO - Loaded the Wake Word hey_k9 with module ovos-ww-plugin-precise-lite
2026-04-12 13:14:14.692 - voice - ovos_dinkum_listener.voice_loop.hotwords:load_hotword_engines:173 - INFO - Loading hotword: hey_k9 with engine: <ovos_ww_plugin_precise_lite.PreciseLiteHotwordPlugin object at 0x7fff19c28ec0>
2026-04-12 13:14:14.699 - voice - ovos_dinkum_listener.voice_loop.hotwords:load_hotword_engines:217 - WARNING - No stop words loaded
2026-04-12 13:14:14.700 - voice - ovos_dinkum_listener.voice_loop.voice_loop:start:190 - INFO - Listening mode: ListeningMode.WAKEWORD
2026-04-12 13:14:14.701 - voice - ovos_dinkum_listener.voice_loop.voice_loop:start:191 - INFO - VAD pre-wake enabled: False
2026-04-12 13:20:58.170 - voice - ovos_dinkum_listener.service:on_started:100 - INFO - DinkumVoiceService started.
2026-04-12 13:20:58.172 - voice - ovos_dinkum_listener.service:on_started:100 - INFO - DinkumVoiceService started.
2026-04-12 13:20:58.173 - voice - ovos_dinkum_listener.service:on_ready:92 - INFO - DinkumVoiceService is ready.
2026-04-12 13:20:58.173 - voice - ovos_dinkum_listener.service:run:349 - INFO - Service ready
2026-04-12 13:20:58.174 - voice - ovos_dinkum_listener.voice_loop.voice_loop:run:255 - INFO - Starting loop in mode: ListeningMode.WAKEWORD
2026-04-12 14:00:07.121 - voice - ovos_dinkum_listener.service:__init__:169 - INFO - Starting Voice Service
2026-04-12 14:00:07.142 - voice - ovos_dinkum_listener.service:on_alive:96 - INFO - DinkumVoiceService is alive.
2026-04-12 14:00:07.143 - voice - ovos_dinkum_listener.service:_before_start:372 - INFO - Starting service...
2026-04-12 14:00:07.188 - voice - ovos_dinkum_listener.service:_connect_to_bus:476 - INFO - Connected to Mycroft Core message bus
2026-04-12 14:00:10.057 - voice - ovos_dinkum_listener.service:on_alive:96 - INFO - DinkumVoiceService is alive.
2026-04-12 14:00:10.076 - voice - ovos_dinkum_listener.voice_loop.hotwords:load_hotword_engines:124 - INFO - creating hotword engines
2026-04-12 14:00:10.077 - voice - ovos_plugin_manager.wakewords:load_module:141 - INFO - Loading "wake_up" wake word via ovos-ww-plugin-vosk with config: {'module': 'ovos-ww-plugin-vosk', 'rule': 'fuzzy', 'samples': ['wake up'], 'lang': 'en-us', 'wakeup': True, 'fallback_ww': 'wake_up_pocketsphinx'}
2026-04-12 14:00:12.285 - voice - ovos_plugin_manager.wakewords:load_module:148 - INFO - Loaded the Wake Word wake_up with module ovos-ww-plugin-vosk
2026-04-12 14:00:13.604 - voice - ovos_dinkum_listener.voice_loop.hotwords:load_hotword_engines:173 - INFO - Loading hotword: wake_up with engine: <ovos_ww_plugin_vosk.VoskWakeWordPlugin object at 0x7fff123a9010>
2026-04-12 14:00:13.605 - voice - ovos_plugin_manager.wakewords:load_module:141 - INFO - Loading "hey_k9" wake word via ovos-ww-plugin-precise-lite with config: {'module': 'ovos-ww-plugin-precise-lite', 'model': '/home/ovos/.local/share/mycroft/hey_k9.tflite', 'listen': True, 'active': True, 'expected_duration': 3, 'trigger_level': 3, 'sensitivity': 0.5}
2026-04-12 14:00:13.614 - voice - ovos_plugin_manager.wakewords:load_module:148 - INFO - Loaded the Wake Word hey_k9 with module ovos-ww-plugin-precise-lite
2026-04-12 14:00:13.706 - voice - ovos_dinkum_listener.voice_loop.hotwords:load_hotword_engines:173 - INFO - Loading hotword: hey_k9 with engine: <ovos_ww_plugin_precise_lite.PreciseLiteHotwordPlugin object at 0x7ffef5638d70>
2026-04-12 14:00:13.714 - voice - ovos_dinkum_listener.voice_loop.hotwords:load_hotword_engines:217 - WARNING - No stop words loaded
2026-04-12 14:00:13.715 - voice - ovos_dinkum_listener.voice_loop.voice_loop:start:190 - INFO - Listening mode: ListeningMode.WAKEWORD
2026-04-12 14:00:13.716 - voice - ovos_dinkum_listener.voice_loop.voice_loop:start:191 - INFO - VAD pre-wake enabled: False
2026-04-12 14:00:16.793 - voice - ovos_dinkum_listener.service:on_started:100 - INFO - DinkumVoiceService started.
2026-04-12 14:00:16.847 - voice - ovos_dinkum_listener.service:on_started:100 - INFO - DinkumVoiceService started.
2026-04-12 14:00:16.918 - voice - ovos_dinkum_listener.service:on_ready:92 - INFO - DinkumVoiceService is ready.
2026-04-12 14:00:16.930 - voice - ovos_dinkum_listener.service:run:349 - INFO - Service ready
2026-04-12 14:00:16.943 - voice - ovos_dinkum_listener.voice_loop.voice_loop:run:255 - INFO - Starting loop in mode: ListeningMode.WAKEWORD
2026-04-12 15:50:27.396 - voice - ovos_dinkum_listener.service:_record_begin:534 - INFO - fake barge-in lowering volume to: 30
2026-04-12 15:50:27.403 - voice - ovos_dinkum_listener.voice_loop.voice_loop:run:293 - INFO - Wakeword detected
2026-04-12 15:50:28.796 - voice - ovos_dinkum_listener.voice_loop.voice_loop:run:332 - INFO - speech finished
2026-04-12 15:50:28.857 - voice - ovos_stt_plugin_server:execute:133 - ERROR - HTTPSConnectionPool(host='stt.smartgic.io', port=443): Max retries exceeded with url: /fasterwhisper/stt?lang=en-US (Caused by NameResolutionError("HTTPSConnection(host='stt.smartgic.io', port=443): Failed to resolve 'stt.smartgic.io' ([Errno -3] Temporary failure in name resolution)"))
Traceback (most recent call last):
  File "/home/ovos/.venv/lib/python3.13/site-packages/urllib3/connection.py", line 204, in _new_conn
    sock = connection.create_connection(
        (self._dns_host, self.port),
    ...<2 lines>...
        socket_options=self.socket_options,
    )
  File "/home/ovos/.venv/lib/python3.13/site-packages/urllib3/util/connection.py", line 60, in create_connection
    for res in socket.getaddrinfo(host, port, family, socket.SOCK_STREAM):
               ~~~~~~~~~~~~~~~~~~^^^^^^^^^^^^^^^^^^^^^^^^^^^^^^^^^^^^^^^^
  File "/usr/local/lib/python3.13/socket.py", line 977, in getaddrinfo
    for res in _socket.getaddrinfo(host, port, family, type, proto, flags):
               ~~~~~~~~~~~~~~~~~~~^^^^^^^^^^^^^^^^^^^^^^^^^^^^^^^^^^^^^^^^
socket.gaierror: [Errno -3] Temporary failure in name resolution

The above exception was the direct cause of the following exception:

Traceback (most recent call last):
  File "/home/ovos/.venv/lib/python3.13/site-packages/urllib3/connectionpool.py", line 787, in urlopen
    response = self._make_request(
        conn,
    ...<10 lines>...
        **response_kw,
    )
  File "/home/ovos/.venv/lib/python3.13/site-packages/urllib3/connectionpool.py", line 488, in _make_request
    raise new_e
  File "/home/ovos/.venv/lib/python3.13/site-packages/urllib3/connectionpool.py", line 464, in _make_request
    self._validate_conn(conn)
    ~~~~~~~~~~~~~~~~~~~^^^^^^
  File "/home/ovos/.venv/lib/python3.13/site-packages/urllib3/connectionpool.py", line 1093, in _validate_conn
    conn.connect()
    ~~~~~~~~~~~~^^
  File "/home/ovos/.venv/lib/python3.13/site-packages/urllib3/connection.py", line 759, in connect
    self.sock = sock = self._new_conn()
                       ~~~~~~~~~~~~~~^^
  File "/home/ovos/.venv/lib/python3.13/site-packages/urllib3/connection.py", line 211, in _new_conn
    raise NameResolutionError(self.host, self, e) from e
urllib3.exceptions.NameResolutionError: HTTPSConnection(host='stt.smartgic.io', port=443): Failed to resolve 'stt.smartgic.io' ([Errno -3] Temporary failure in name resolution)

The above exception was the direct cause of the following exception:

Traceback (most recent call last):
  File "/home/ovos/.venv/lib/python3.13/site-packages/requests/adapters.py", line 644, in send
    resp = conn.urlopen(
        method=request.method,
    ...<9 lines>...
        chunked=chunked,
    )
  File "/home/ovos/.venv/lib/python3.13/site-packages/urllib3/connectionpool.py", line 841, in urlopen
    retries = retries.increment(
        method, url, error=new_e, _pool=self, _stacktrace=sys.exc_info()[2]
    )
  File "/home/ovos/.venv/lib/python3.13/site-packages/urllib3/util/retry.py", line 519, in increment
    raise MaxRetryError(_pool, url, reason) from reason  # type: ignore[arg-type]
    ^^^^^^^^^^^^^^^^^^^^^^^^^^^^^^^^^^^^^^^^^^^^^^^^^^^
urllib3.exceptions.MaxRetryError: HTTPSConnectionPool(host='stt.smartgic.io', port=443): Max retries exceeded with url: /fasterwhisper/stt?lang=en-US (Caused by NameResolutionError("HTTPSConnection(host='stt.smartgic.io', port=443): Failed to resolve 'stt.smartgic.io' ([Errno -3] Temporary failure in name resolution)"))

During handling of the above exception, another exception occurred:

Traceback (most recent call last):
  File "/home/ovos/.venv/lib/python3.13/site-packages/ovos_stt_plugin_server/__init__.py", line 121, in execute
    response = requests.post(url, data=audio.get_wav_data(),
                             headers={"Content-Type": "audio/wav",
    ...<2 lines>...
                             timeout=self.config.get("timeout", 5),
                             verify=self.verify_ssl)
  File "/home/ovos/.venv/lib/python3.13/site-packages/requests/api.py", line 115, in post
    return request("post", url, data=data, json=json, **kwargs)
  File "/home/ovos/.venv/lib/python3.13/site-packages/requests/api.py", line 59, in request
    return session.request(method=method, url=url, **kwargs)
           ~~~~~~~~~~~~~~~^^^^^^^^^^^^^^^^^^^^^^^^^^^^^^^^^^
  File "/home/ovos/.venv/lib/python3.13/site-packages/requests/sessions.py", line 589, in request
    resp = self.send(prep, **send_kwargs)
  File "/home/ovos/.venv/lib/python3.13/site-packages/requests/sessions.py", line 703, in send
    r = adapter.send(request, **kwargs)
  File "/home/ovos/.venv/lib/python3.13/site-packages/requests/adapters.py", line 677, in send
    raise ConnectionError(e, request=request)
requests.exceptions.ConnectionError: HTTPSConnectionPool(host='stt.smartgic.io', port=443): Max retries exceeded with url: /fasterwhisper/stt?lang=en-US (Caused by NameResolutionError("HTTPSConnection(host='stt.smartgic.io', port=443): Failed to resolve 'stt.smartgic.io' ([Errno -3] Temporary failure in name resolution)"))
2026-04-12 15:50:28.863 - voice - ovos_stt_plugin_server:execute:134 - ERROR - STT request to https://stt.smartgic.io/fasterwhisper/stt failed
2026-04-12 15:50:28.866 - voice - ovos_stt_plugin_server:execute:133 - ERROR - HTTPSConnectionPool(host='whisper.tigregotico.pt', port=443): Max retries exceeded with url: /stt?lang=en-US (Caused by NameResolutionError("HTTPSConnection(host='whisper.tigregotico.pt', port=443): Failed to resolve 'whisper.tigregotico.pt' ([Errno -3] Temporary failure in name resolution)"))
Traceback (most recent call last):
  File "/home/ovos/.venv/lib/python3.13/site-packages/urllib3/connection.py", line 204, in _new_conn
    sock = connection.create_connection(
        (self._dns_host, self.port),
    ...<2 lines>...
        socket_options=self.socket_options,
    )
  File "/home/ovos/.venv/lib/python3.13/site-packages/urllib3/util/connection.py", line 60, in create_connection
    for res in socket.getaddrinfo(host, port, family, socket.SOCK_STREAM):
               ~~~~~~~~~~~~~~~~~~^^^^^^^^^^^^^^^^^^^^^^^^^^^^^^^^^^^^^^^^
  File "/usr/local/lib/python3.13/socket.py", line 977, in getaddrinfo
    for res in _socket.getaddrinfo(host, port, family, type, proto, flags):
               ~~~~~~~~~~~~~~~~~~~^^^^^^^^^^^^^^^^^^^^^^^^^^^^^^^^^^^^^^^^
socket.gaierror: [Errno -3] Temporary failure in name resolution

The above exception was the direct cause of the following exception:

Traceback (most recent call last):
  File "/home/ovos/.venv/lib/python3.13/site-packages/urllib3/connectionpool.py", line 787, in urlopen
    response = self._make_request(
        conn,
    ...<10 lines>...
        **response_kw,
    )
  File "/home/ovos/.venv/lib/python3.13/site-packages/urllib3/connectionpool.py", line 488, in _make_request
    raise new_e
  File "/home/ovos/.venv/lib/python3.13/site-packages/urllib3/connectionpool.py", line 464, in _make_request
    self._validate_conn(conn)
    ~~~~~~~~~~~~~~~~~~~^^^^^^
  File "/home/ovos/.venv/lib/python3.13/site-packages/urllib3/connectionpool.py", line 1093, in _validate_conn
    conn.connect()
    ~~~~~~~~~~~~^^
  File "/home/ovos/.venv/lib/python3.13/site-packages/urllib3/connection.py", line 759, in connect
    self.sock = sock = self._new_conn()
                       ~~~~~~~~~~~~~~^^
  File "/home/ovos/.venv/lib/python3.13/site-packages/urllib3/connection.py", line 211, in _new_conn
    raise NameResolutionError(self.host, self, e) from e
urllib3.exceptions.NameResolutionError: HTTPSConnection(host='whisper.tigregotico.pt', port=443): Failed to resolve 'whisper.tigregotico.pt' ([Errno -3] Temporary failure in name resolution)

The above exception was the direct cause of the following exception:

Traceback (most recent call last):
  File "/home/ovos/.venv/lib/python3.13/site-packages/requests/adapters.py", line 644, in send
    resp = conn.urlopen(
        method=request.method,
    ...<9 lines>...
        chunked=chunked,
    )
  File "/home/ovos/.venv/lib/python3.13/site-packages/urllib3/connectionpool.py", line 841, in urlopen
    retries = retries.increment(
        method, url, error=new_e, _pool=self, _stacktrace=sys.exc_info()[2]
    )
  File "/home/ovos/.venv/lib/python3.13/site-packages/urllib3/util/retry.py", line 519, in increment
    raise MaxRetryError(_pool, url, reason) from reason  # type: ignore[arg-type]
    ^^^^^^^^^^^^^^^^^^^^^^^^^^^^^^^^^^^^^^^^^^^^^^^^^^^
urllib3.exceptions.MaxRetryError: HTTPSConnectionPool(host='whisper.tigregotico.pt', port=443): Max retries exceeded with url: /stt?lang=en-US (Caused by NameResolutionError("HTTPSConnection(host='whisper.tigregotico.pt', port=443): Failed to resolve 'whisper.tigregotico.pt' ([Errno -3] Temporary failure in name resolution)"))

During handling of the above exception, another exception occurred:

Traceback (most recent call last):
  File "/home/ovos/.venv/lib/python3.13/site-packages/ovos_stt_plugin_server/__init__.py", line 121, in execute
    response = requests.post(url, data=audio.get_wav_data(),
                             headers={"Content-Type": "audio/wav",
    ...<2 lines>...
                             timeout=self.config.get("timeout", 5),
                             verify=self.verify_ssl)
  File "/home/ovos/.venv/lib/python3.13/site-packages/requests/api.py", line 115, in post
    return request("post", url, data=data, json=json, **kwargs)
  File "/home/ovos/.venv/lib/python3.13/site-packages/requests/api.py", line 59, in request
    return session.request(method=method, url=url, **kwargs)
           ~~~~~~~~~~~~~~~^^^^^^^^^^^^^^^^^^^^^^^^^^^^^^^^^^
  File "/home/ovos/.venv/lib/python3.13/site-packages/requests/sessions.py", line 589, in request
    resp = self.send(prep, **send_kwargs)
  File "/home/ovos/.venv/lib/python3.13/site-packages/requests/sessions.py", line 703, in send
    r = adapter.send(request, **kwargs)
  File "/home/ovos/.venv/lib/python3.13/site-packages/requests/adapters.py", line 677, in send
    raise ConnectionError(e, request=request)
requests.exceptions.ConnectionError: HTTPSConnectionPool(host='whisper.tigregotico.pt', port=443): Max retries exceeded with url: /stt?lang=en-US (Caused by NameResolutionError("HTTPSConnection(host='whisper.tigregotico.pt', port=443): Failed to resolve 'whisper.tigregotico.pt' ([Errno -3] Temporary failure in name resolution)"))
2026-04-12 15:50:28.870 - voice - ovos_stt_plugin_server:execute:134 - ERROR - STT request to https://whisper.tigregotico.pt/stt failed
2026-04-12 15:50:28.871 - voice - ovos_dinkum_listener.voice_loop.voice_loop:_after_cmd:851 - INFO - Raw transcription: [(None, 1.0)]
2026-04-12 15:50:28.873 - voice - ovos_dinkum_listener.service:_record_end_signal:660 - INFO - fake barge-in restoring volume to: 70
2026-04-12 15:50:28.879 - voice - ovos_dinkum_listener.service:_stt_text:697 - ERROR - Empty transcription, either recorded silence or STT failed!
2026-04-12 17:52:03.972 - voice - ovos_dinkum_listener.service:__init__:169 - INFO - Starting Voice Service
2026-04-12 17:52:03.988 - voice - ovos_dinkum_listener.service:on_alive:96 - INFO - DinkumVoiceService is alive.
2026-04-12 17:52:03.989 - voice - ovos_dinkum_listener.service:_before_start:372 - INFO - Starting service...
2026-04-12 17:52:04.084 - voice - ovos_dinkum_listener.service:_connect_to_bus:476 - INFO - Connected to Mycroft Core message bus
2026-04-12 17:52:07.116 - voice - ovos_dinkum_listener.service:on_alive:96 - INFO - DinkumVoiceService is alive.
2026-04-12 17:52:07.120 - voice - ovos_dinkum_listener.voice_loop.hotwords:load_hotword_engines:124 - INFO - creating hotword engines
2026-04-12 17:52:07.122 - voice - ovos_plugin_manager.wakewords:load_module:141 - INFO - Loading "wake_up" wake word via ovos-ww-plugin-vosk with config: {'module': 'ovos-ww-plugin-vosk', 'rule': 'fuzzy', 'samples': ['wake up'], 'lang': 'en-us', 'wakeup': True, 'fallback_ww': 'wake_up_pocketsphinx'}
2026-04-12 17:52:09.607 - voice - ovos_plugin_manager.wakewords:load_module:148 - INFO - Loaded the Wake Word wake_up with module ovos-ww-plugin-vosk
2026-04-12 17:52:11.040 - voice - ovos_dinkum_listener.voice_loop.hotwords:load_hotword_engines:173 - INFO - Loading hotword: wake_up with engine: <ovos_ww_plugin_vosk.VoskWakeWordPlugin object at 0x7ffe9d4f1010>
2026-04-12 17:52:11.041 - voice - ovos_plugin_manager.wakewords:load_module:141 - INFO - Loading "hey_k9" wake word via ovos-ww-plugin-precise-lite with config: {'module': 'ovos-ww-plugin-precise-lite', 'model': '/home/ovos/.local/share/mycroft/hey_k9.tflite', 'listen': True, 'active': True, 'expected_duration': 3, 'trigger_level': 3, 'sensitivity': 0.5}
2026-04-12 17:52:11.051 - voice - ovos_plugin_manager.wakewords:load_module:148 - INFO - Loaded the Wake Word hey_k9 with module ovos-ww-plugin-precise-lite
2026-04-12 17:52:11.143 - voice - ovos_dinkum_listener.voice_loop.hotwords:load_hotword_engines:173 - INFO - Loading hotword: hey_k9 with engine: <ovos_ww_plugin_precise_lite.PreciseLiteHotwordPlugin object at 0x7ffe80618d70>
2026-04-12 17:52:11.147 - voice - ovos_dinkum_listener.voice_loop.hotwords:load_hotword_engines:217 - WARNING - No stop words loaded
2026-04-12 17:52:11.148 - voice - ovos_dinkum_listener.voice_loop.voice_loop:start:190 - INFO - Listening mode: ListeningMode.WAKEWORD
2026-04-12 17:52:11.149 - voice - ovos_dinkum_listener.voice_loop.voice_loop:start:191 - INFO - VAD pre-wake enabled: False
2026-04-12 17:52:14.151 - voice - ovos_dinkum_listener.service:on_started:100 - INFO - DinkumVoiceService started.
2026-04-12 17:52:14.155 - voice - ovos_dinkum_listener.service:on_started:100 - INFO - DinkumVoiceService started.
2026-04-12 17:52:14.156 - voice - ovos_dinkum_listener.service:on_ready:92 - INFO - DinkumVoiceService is ready.
2026-04-12 17:52:14.156 - voice - ovos_dinkum_listener.service:run:349 - INFO - Service ready
2026-04-12 17:52:14.157 - voice - ovos_dinkum_listener.voice_loop.voice_loop:run:255 - INFO - Starting loop in mode: ListeningMode.WAKEWORD
2026-04-13 10:09:24.313 - voice - ovos_dinkum_listener.service:__init__:169 - INFO - Starting Voice Service
2026-04-13 10:09:24.326 - voice - ovos_dinkum_listener.service:on_alive:96 - INFO - DinkumVoiceService is alive.
2026-04-13 10:09:24.327 - voice - ovos_dinkum_listener.service:_before_start:372 - INFO - Starting service...
2026-04-13 10:09:24.390 - voice - ovos_dinkum_listener.service:_connect_to_bus:476 - INFO - Connected to Mycroft Core message bus
2026-04-13 10:09:25.094 - voice - ovos_dinkum_listener.service:on_alive:96 - INFO - DinkumVoiceService is alive.
2026-04-13 10:09:25.099 - voice - ovos_dinkum_listener.voice_loop.hotwords:load_hotword_engines:124 - INFO - creating hotword engines
2026-04-13 10:09:25.101 - voice - ovos_plugin_manager.wakewords:load_module:141 - INFO - Loading "wake_up" wake word via ovos-ww-plugin-vosk with config: {'module': 'ovos-ww-plugin-vosk', 'rule': 'fuzzy', 'samples': ['wake up'], 'lang': 'en-us', 'wakeup': True, 'fallback_ww': 'wake_up_pocketsphinx'}
2026-04-13 10:09:26.018 - voice - ovos_plugin_manager.wakewords:load_module:148 - INFO - Loaded the Wake Word wake_up with module ovos-ww-plugin-vosk
2026-04-13 10:09:26.556 - voice - ovos_dinkum_listener.voice_loop.hotwords:load_hotword_engines:173 - INFO - Loading hotword: wake_up with engine: <ovos_ww_plugin_vosk.VoskWakeWordPlugin object at 0x7ffeb36e5010>
2026-04-13 10:09:26.558 - voice - ovos_plugin_manager.wakewords:load_module:141 - INFO - Loading "hey_k9" wake word via ovos-ww-plugin-precise-lite with config: {'module': 'ovos-ww-plugin-precise-lite', 'model': '/home/ovos/.local/share/mycroft/hey_k9.tflite', 'listen': True, 'active': True, 'expected_duration': 3, 'trigger_level': 3, 'sensitivity': 0.5}
2026-04-13 10:09:26.565 - voice - ovos_plugin_manager.wakewords:load_module:148 - INFO - Loaded the Wake Word hey_k9 with module ovos-ww-plugin-precise-lite
2026-04-13 10:09:26.568 - voice - ovos_dinkum_listener.voice_loop.hotwords:load_hotword_engines:173 - INFO - Loading hotword: hey_k9 with engine: <ovos_ww_plugin_precise_lite.PreciseLiteHotwordPlugin object at 0x7ffe96928d70>
2026-04-13 10:09:26.570 - voice - ovos_dinkum_listener.voice_loop.hotwords:load_hotword_engines:217 - WARNING - No stop words loaded
2026-04-13 10:09:26.571 - voice - ovos_dinkum_listener.voice_loop.voice_loop:start:190 - INFO - Listening mode: ListeningMode.WAKEWORD
2026-04-13 10:09:26.572 - voice - ovos_dinkum_listener.voice_loop.voice_loop:start:191 - INFO - VAD pre-wake enabled: False
2026-04-13 10:09:29.574 - voice - ovos_dinkum_listener.service:on_started:100 - INFO - DinkumVoiceService started.
2026-04-13 10:09:29.574 - voice - ovos_dinkum_listener.service:on_started:100 - INFO - DinkumVoiceService started.
2026-04-13 10:09:29.575 - voice - ovos_dinkum_listener.service:on_ready:92 - INFO - DinkumVoiceService is ready.
2026-04-13 10:09:29.575 - voice - ovos_dinkum_listener.service:run:349 - INFO - Service ready
2026-04-13 10:09:29.576 - voice - ovos_dinkum_listener.voice_loop.voice_loop:run:255 - INFO - Starting loop in mode: ListeningMode.WAKEWORD
2026-04-13 10:18:38.771 - voice - ovos_bus_client.client.client:on_error:112 - WARNING - Could not send message because connection has closed
2026-04-13 10:18:38.781 - voice - ovos_bus_client.client.client:on_error:130 - WARNING - Message Bus Client will reconnect in 5.0 seconds.
2026-04-13 10:18:43.784 - voice - ovos_bus_client.client.client:on_error:114 - WARNING - Connection Refused. Is Messagebus Service running?
2026-04-13 10:18:43.786 - voice - ovos_bus_client.client.client:on_error:130 - WARNING - Message Bus Client will reconnect in 10.0 seconds.
2026-04-13 10:19:17.108 - voice - ovos_dinkum_listener.service:__init__:169 - INFO - Starting Voice Service
2026-04-13 10:19:17.124 - voice - ovos_dinkum_listener.service:on_alive:96 - INFO - DinkumVoiceService is alive.
2026-04-13 10:19:17.130 - voice - ovos_dinkum_listener.service:_before_start:372 - INFO - Starting service...
2026-04-13 10:19:17.197 - voice - ovos_dinkum_listener.service:_connect_to_bus:476 - INFO - Connected to Mycroft Core message bus
2026-04-13 10:19:20.690 - voice - ovos_dinkum_listener.service:on_alive:96 - INFO - DinkumVoiceService is alive.
2026-04-13 10:19:20.691 - voice - ovos_dinkum_listener.voice_loop.hotwords:load_hotword_engines:124 - INFO - creating hotword engines
2026-04-13 10:19:20.696 - voice - ovos_plugin_manager.wakewords:load_module:141 - INFO - Loading "wake_up" wake word via ovos-ww-plugin-vosk with config: {'module': 'ovos-ww-plugin-vosk', 'rule': 'fuzzy', 'samples': ['wake up'], 'lang': 'en-us', 'wakeup': True, 'fallback_ww': 'wake_up_pocketsphinx'}
2026-04-14 18:25:08.044 - voice - ovos_plugin_manager.wakewords:load_module:148 - INFO - Loaded the Wake Word wake_up with module ovos-ww-plugin-vosk
2026-04-14 18:25:09.373 - voice - ovos_dinkum_listener.voice_loop.hotwords:load_hotword_engines:173 - INFO - Loading hotword: wake_up with engine: <ovos_ww_plugin_vosk.VoskWakeWordPlugin object at 0x7fff04845010>
2026-04-14 18:25:09.374 - voice - ovos_plugin_manager.wakewords:load_module:141 - INFO - Loading "hey_k9" wake word via ovos-ww-plugin-precise-lite with config: {'module': 'ovos-ww-plugin-precise-lite', 'model': '/home/ovos/.local/share/mycroft/hey_k9.tflite', 'listen': True, 'active': True, 'expected_duration': 3, 'trigger_level': 3, 'sensitivity': 0.5}
2026-04-14 18:25:09.381 - voice - ovos_plugin_manager.wakewords:load_module:148 - INFO - Loaded the Wake Word hey_k9 with module ovos-ww-plugin-precise-lite
2026-04-14 18:25:09.464 - voice - ovos_dinkum_listener.voice_loop.hotwords:load_hotword_engines:173 - INFO - Loading hotword: hey_k9 with engine: <ovos_ww_plugin_precise_lite.PreciseLiteHotwordPlugin object at 0x7ffee785cec0>
2026-04-14 18:25:09.469 - voice - ovos_dinkum_listener.voice_loop.hotwords:load_hotword_engines:217 - WARNING - No stop words loaded
2026-04-14 18:25:09.470 - voice - ovos_dinkum_listener.voice_loop.voice_loop:start:190 - INFO - Listening mode: ListeningMode.WAKEWORD
2026-04-14 18:25:09.471 - voice - ovos_dinkum_listener.voice_loop.voice_loop:start:191 - INFO - VAD pre-wake enabled: False
2026-04-14 18:25:12.473 - voice - ovos_dinkum_listener.service:on_started:100 - INFO - DinkumVoiceService started.
2026-04-14 18:25:12.474 - voice - ovos_dinkum_listener.service:on_started:100 - INFO - DinkumVoiceService started.
2026-04-14 18:25:12.475 - voice - ovos_dinkum_listener.service:on_ready:92 - INFO - DinkumVoiceService is ready.
2026-04-14 18:25:12.475 - voice - ovos_dinkum_listener.service:run:349 - INFO - Service ready
2026-04-14 18:25:12.476 - voice - ovos_dinkum_listener.voice_loop.voice_loop:run:255 - INFO - Starting loop in mode: ListeningMode.WAKEWORD
2026-04-14 19:43:34.241 - voice - ovos_dinkum_listener.service:__init__:169 - INFO - Starting Voice Service
2026-04-14 19:43:34.255 - voice - ovos_dinkum_listener.service:on_alive:96 - INFO - DinkumVoiceService is alive.
2026-04-14 19:43:34.256 - voice - ovos_dinkum_listener.service:_before_start:372 - INFO - Starting service...
2026-04-14 19:43:34.328 - voice - ovos_dinkum_listener.service:_connect_to_bus:476 - INFO - Connected to Mycroft Core message bus
2026-04-14 19:43:36.695 - voice - ovos_dinkum_listener.service:on_alive:96 - INFO - DinkumVoiceService is alive.
2026-04-14 19:43:36.697 - voice - ovos_dinkum_listener.voice_loop.hotwords:load_hotword_engines:124 - INFO - creating hotword engines
2026-04-14 19:43:36.698 - voice - ovos_microphone_plugin_alsa:_run:113 - ERROR - Failed to open microphone
Traceback (most recent call last):
  File "/home/ovos/.venv/lib/python3.13/site-packages/ovos_microphone_plugin_alsa/__init__.py", line 78, in _run
    mic = alsaaudio.PCM(
        type=alsaaudio.PCM_CAPTURE,
    ...<6 lines>...
        periodsize=self.period_size,
    )
alsaaudio.ALSAAudioError: No such file or directory [hw:0,0]
2026-04-14 19:43:36.700 - voice - ovos_plugin_manager.wakewords:load_module:141 - INFO - Loading "wake_up" wake word via ovos-ww-plugin-vosk with config: {'module': 'ovos-ww-plugin-vosk', 'rule': 'fuzzy', 'samples': ['wake up'], 'lang': 'en-us', 'wakeup': True, 'fallback_ww': 'wake_up_pocketsphinx'}
2026-04-14 19:43:38.540 - voice - ovos_plugin_manager.wakewords:load_module:148 - INFO - Loaded the Wake Word wake_up with module ovos-ww-plugin-vosk
2026-04-14 19:43:40.053 - voice - ovos_dinkum_listener.voice_loop.hotwords:load_hotword_engines:173 - INFO - Loading hotword: wake_up with engine: <ovos_ww_plugin_vosk.VoskWakeWordPlugin object at 0x7ffef7a7d010>
2026-04-14 19:43:40.056 - voice - ovos_plugin_manager.wakewords:load_module:141 - INFO - Loading "hey_k9" wake word via ovos-ww-plugin-precise-lite with config: {'module': 'ovos-ww-plugin-precise-lite', 'model': '/home/ovos/.local/share/mycroft/hey_k9.tflite', 'listen': True, 'active': True, 'expected_duration': 3, 'trigger_level': 3, 'sensitivity': 0.5}
2026-04-14 19:43:40.066 - voice - ovos_plugin_manager.wakewords:load_module:148 - INFO - Loaded the Wake Word hey_k9 with module ovos-ww-plugin-precise-lite
2026-04-14 19:43:40.130 - voice - ovos_dinkum_listener.voice_loop.hotwords:load_hotword_engines:173 - INFO - Loading hotword: hey_k9 with engine: <ovos_ww_plugin_precise_lite.PreciseLiteHotwordPlugin object at 0x7ffedabd0d70>
2026-04-14 19:43:40.133 - voice - ovos_dinkum_listener.voice_loop.hotwords:load_hotword_engines:217 - WARNING - No stop words loaded
2026-04-14 19:43:40.135 - voice - ovos_dinkum_listener.voice_loop.voice_loop:start:190 - INFO - Listening mode: ListeningMode.WAKEWORD
2026-04-14 19:43:40.136 - voice - ovos_dinkum_listener.voice_loop.voice_loop:start:191 - INFO - VAD pre-wake enabled: False
2026-05-14 12:58:50.796 - voice - ovos_dinkum_listener.service:on_started:100 - INFO - DinkumVoiceService started.
2026-05-14 12:58:50.828 - voice - ovos_dinkum_listener.service:on_started:100 - INFO - DinkumVoiceService started.
2026-05-14 12:58:50.833 - voice - ovos_dinkum_listener.service:on_ready:92 - INFO - DinkumVoiceService is ready.
2026-05-14 12:58:50.834 - voice - ovos_dinkum_listener.service:run:349 - INFO - Service ready
2026-05-14 12:58:50.834 - voice - ovos_dinkum_listener.voice_loop.voice_loop:run:255 - INFO - Starting loop in mode: ListeningMode.WAKEWORD
2026-05-14 13:15:33.177 - voice - ovos_bus_client.client.client:on_error:112 - WARNING - Could not send message because connection has closed
2026-05-14 13:15:33.178 - voice - ovos_bus_client.client.client:on_error:130 - WARNING - Message Bus Client will reconnect in 5.0 seconds.
2026-05-14 13:15:38.183 - voice - ovos_bus_client.client.client:on_error:114 - WARNING - Connection Refused. Is Messagebus Service running?
2026-05-14 13:15:38.185 - voice - ovos_bus_client.client.client:on_error:130 - WARNING - Message Bus Client will reconnect in 10.0 seconds.
2026-05-14 13:16:32.207 - voice - ovos_dinkum_listener.service:__init__:169 - INFO - Starting Voice Service
2026-05-14 13:16:32.249 - voice - ovos_dinkum_listener.service:on_alive:96 - INFO - DinkumVoiceService is alive.
2026-05-14 13:16:32.250 - voice - ovos_dinkum_listener.service:_before_start:372 - INFO - Starting service...
2026-05-14 13:16:32.344 - voice - ovos_dinkum_listener.service:_connect_to_bus:476 - INFO - Connected to Mycroft Core message bus
2026-05-14 13:16:34.998 - voice - ovos_dinkum_listener.service:on_alive:96 - INFO - DinkumVoiceService is alive.
2026-05-14 13:16:34.999 - voice - ovos_dinkum_listener.voice_loop.hotwords:load_hotword_engines:124 - INFO - creating hotword engines
2026-05-14 13:16:35.000 - voice - ovos_microphone_plugin_alsa:_run:113 - ERROR - Failed to open microphone
Traceback (most recent call last):
  File "/home/ovos/.venv/lib/python3.13/site-packages/ovos_microphone_plugin_alsa/__init__.py", line 78, in _run
    mic = alsaaudio.PCM(
        type=alsaaudio.PCM_CAPTURE,
    ...<6 lines>...
        periodsize=self.period_size,
    )
alsaaudio.ALSAAudioError: No such file or directory [hw:0,0]
2026-05-14 13:16:35.002 - voice - ovos_plugin_manager.wakewords:load_module:141 - INFO - Loading "wake_up" wake word via ovos-ww-plugin-vosk with config: {'module': 'ovos-ww-plugin-vosk', 'rule': 'fuzzy', 'samples': ['wake up'], 'lang': 'en-us', 'wakeup': True, 'fallback_ww': 'wake_up_pocketsphinx'}
2026-05-14 13:16:36.623 - voice - ovos_plugin_manager.wakewords:load_module:148 - INFO - Loaded the Wake Word wake_up with module ovos-ww-plugin-vosk
2026-05-14 13:16:37.831 - voice - ovos_dinkum_listener.voice_loop.hotwords:load_hotword_engines:173 - INFO - Loading hotword: wake_up with engine: <ovos_ww_plugin_vosk.VoskWakeWordPlugin object at 0x7ffea01d5010>
2026-05-14 13:16:37.832 - voice - ovos_plugin_manager.wakewords:load_module:141 - INFO - Loading "hey_k9" wake word via ovos-ww-plugin-precise-lite with config: {'module': 'ovos-ww-plugin-precise-lite', 'model': '/home/ovos/.local/share/mycroft/hey_k9.tflite', 'listen': True, 'active': True, 'expected_duration': 3, 'trigger_level': 3, 'sensitivity': 0.5}
2026-05-14 13:16:37.840 - voice - ovos_plugin_manager.wakewords:load_module:148 - INFO - Loaded the Wake Word hey_k9 with module ovos-ww-plugin-precise-lite
2026-05-14 13:16:37.931 - voice - ovos_dinkum_listener.voice_loop.hotwords:load_hotword_engines:173 - INFO - Loading hotword: hey_k9 with engine: <ovos_ww_plugin_precise_lite.PreciseLiteHotwordPlugin object at 0x7ffe83208d70>
2026-05-14 13:16:37.935 - voice - ovos_dinkum_listener.voice_loop.hotwords:load_hotword_engines:217 - WARNING - No stop words loaded
2026-05-14 13:16:37.936 - voice - ovos_dinkum_listener.voice_loop.voice_loop:start:190 - INFO - Listening mode: ListeningMode.WAKEWORD
2026-05-14 13:16:37.937 - voice - ovos_dinkum_listener.voice_loop.voice_loop:start:191 - INFO - VAD pre-wake enabled: False
2026-05-14 13:16:40.943 - voice - ovos_dinkum_listener.service:on_started:100 - INFO - DinkumVoiceService started.
2026-05-14 13:16:40.944 - voice - ovos_dinkum_listener.service:on_started:100 - INFO - DinkumVoiceService started.
2026-05-14 13:16:40.946 - voice - ovos_dinkum_listener.service:on_ready:92 - INFO - DinkumVoiceService is ready.
2026-05-14 13:16:40.946 - voice - ovos_dinkum_listener.service:run:349 - INFO - Service ready
2026-05-14 13:16:40.947 - voice - ovos_dinkum_listener.voice_loop.voice_loop:run:255 - INFO - Starting loop in mode: ListeningMode.WAKEWORD
2026-05-14 13:23:24.920 - voice - ovos_bus_client.client.client:on_error:112 - WARNING - Could not send message because connection has closed
2026-05-14 13:23:24.932 - voice - ovos_bus_client.client.client:on_error:130 - WARNING - Message Bus Client will reconnect in 5.0 seconds.
2026-05-14 13:21:56.531 - voice - ovos_dinkum_listener.service:__init__:169 - INFO - Starting Voice Service
2026-05-14 13:21:56.545 - voice - ovos_dinkum_listener.service:on_alive:96 - INFO - DinkumVoiceService is alive.
2026-05-14 13:21:56.548 - voice - ovos_dinkum_listener.service:_before_start:372 - INFO - Starting service...
2026-05-14 13:21:56.637 - voice - ovos_dinkum_listener.service:_connect_to_bus:476 - INFO - Connected to Mycroft Core message bus
2026-05-14 13:21:58.985 - voice - ovos_dinkum_listener.service:on_alive:96 - INFO - DinkumVoiceService is alive.
2026-05-14 13:21:58.989 - voice - ovos_dinkum_listener.voice_loop.hotwords:load_hotword_engines:124 - INFO - creating hotword engines
2026-05-14 13:21:58.991 - voice - ovos_plugin_manager.wakewords:load_module:141 - INFO - Loading "wake_up" wake word via ovos-ww-plugin-vosk with config: {'module': 'ovos-ww-plugin-vosk', 'rule': 'fuzzy', 'samples': ['wake up'], 'lang': 'en-us', 'wakeup': True, 'fallback_ww': 'wake_up_pocketsphinx'}
2026-05-14 13:22:00.493 - voice - ovos_plugin_manager.wakewords:load_module:148 - INFO - Loaded the Wake Word wake_up with module ovos-ww-plugin-vosk
2026-05-14 13:22:01.641 - voice - ovos_dinkum_listener.voice_loop.hotwords:load_hotword_engines:173 - INFO - Loading hotword: wake_up with engine: <ovos_ww_plugin_vosk.VoskWakeWordPlugin object at 0x7fff36a55010>
2026-05-14 13:22:01.642 - voice - ovos_plugin_manager.wakewords:load_module:141 - INFO - Loading "hey_k9" wake word via ovos-ww-plugin-precise-lite with config: {'module': 'ovos-ww-plugin-precise-lite', 'model': '/home/ovos/.local/share/mycroft/hey_k9.tflite', 'listen': True, 'active': True, 'expected_duration': 3, 'trigger_level': 3, 'sensitivity': 0.5}
2026-05-14 13:22:01.650 - voice - ovos_plugin_manager.wakewords:load_module:148 - INFO - Loaded the Wake Word hey_k9 with module ovos-ww-plugin-precise-lite
2026-05-14 13:22:01.709 - voice - ovos_dinkum_listener.voice_loop.hotwords:load_hotword_engines:173 - INFO - Loading hotword: hey_k9 with engine: <ovos_ww_plugin_precise_lite.PreciseLiteHotwordPlugin object at 0x7fff19cd8d70>
2026-05-14 13:22:01.712 - voice - ovos_dinkum_listener.voice_loop.hotwords:load_hotword_engines:217 - WARNING - No stop words loaded
2026-05-14 13:22:01.713 - voice - ovos_dinkum_listener.voice_loop.voice_loop:start:190 - INFO - Listening mode: ListeningMode.WAKEWORD
2026-05-14 13:22:01.714 - voice - ovos_dinkum_listener.voice_loop.voice_loop:start:191 - INFO - VAD pre-wake enabled: False
2026-05-14 13:24:29.581 - voice - ovos_dinkum_listener.service:on_started:100 - INFO - DinkumVoiceService started.
2026-05-14 13:24:29.582 - voice - ovos_dinkum_listener.service:on_started:100 - INFO - DinkumVoiceService started.
2026-05-14 13:24:29.583 - voice - ovos_dinkum_listener.service:on_ready:92 - INFO - DinkumVoiceService is ready.
2026-05-14 13:24:29.583 - voice - ovos_dinkum_listener.service:run:349 - INFO - Service ready
2026-05-14 13:24:29.584 - voice - ovos_dinkum_listener.voice_loop.voice_loop:run:255 - INFO - Starting loop in mode: ListeningMode.WAKEWORD
2026-05-14 13:31:45.292 - voice - ovos_bus_client.client.client:on_error:112 - WARNING - Could not send message because connection has closed
2026-05-14 13:31:45.293 - voice - ovos_bus_client.client.client:on_error:130 - WARNING - Message Bus Client will reconnect in 5.0 seconds.
2026-05-14 13:31:50.296 - voice - ovos_bus_client.client.client:on_error:114 - WARNING - Connection Refused. Is Messagebus Service running?
2026-05-14 13:31:50.301 - voice - ovos_bus_client.client.client:on_error:130 - WARNING - Message Bus Client will reconnect in 10.0 seconds.
2026-05-14 13:32:33.852 - voice - ovos_dinkum_listener.service:__init__:169 - INFO - Starting Voice Service
2026-05-14 13:32:33.868 - voice - ovos_dinkum_listener.service:on_alive:96 - INFO - DinkumVoiceService is alive.
2026-05-14 13:32:33.870 - voice - ovos_dinkum_listener.service:_before_start:372 - INFO - Starting service...
2026-05-14 13:32:33.965 - voice - ovos_dinkum_listener.service:_connect_to_bus:476 - INFO - Connected to Mycroft Core message bus
2026-05-14 13:32:37.248 - voice - ovos_dinkum_listener.service:on_alive:96 - INFO - DinkumVoiceService is alive.
2026-05-14 13:32:37.252 - voice - ovos_dinkum_listener.voice_loop.hotwords:load_hotword_engines:124 - INFO - creating hotword engines
2026-05-14 13:32:37.254 - voice - ovos_plugin_manager.wakewords:load_module:141 - INFO - Loading "wake_up" wake word via ovos-ww-plugin-vosk with config: {'module': 'ovos-ww-plugin-vosk', 'rule': 'fuzzy', 'samples': ['wake up'], 'lang': 'en-us', 'wakeup': True, 'fallback_ww': 'wake_up_pocketsphinx'}
2026-05-14 13:32:39.629 - voice - ovos_plugin_manager.wakewords:load_module:148 - INFO - Loaded the Wake Word wake_up with module ovos-ww-plugin-vosk
2026-05-14 13:32:41.330 - voice - ovos_dinkum_listener.voice_loop.hotwords:load_hotword_engines:173 - INFO - Loading hotword: wake_up with engine: <ovos_ww_plugin_vosk.VoskWakeWordPlugin object at 0x7ffefa295010>
2026-05-14 13:32:41.332 - voice - ovos_plugin_manager.wakewords:load_module:141 - INFO - Loading "hey_k9" wake word via ovos-ww-plugin-precise-lite with config: {'module': 'ovos-ww-plugin-precise-lite', 'model': '/home/ovos/.local/share/mycroft/hey_k9.tflite', 'listen': True, 'active': True, 'expected_duration': 3, 'trigger_level': 3, 'sensitivity': 0.5}
2026-05-14 13:32:41.377 - voice - ovos_plugin_manager.wakewords:load_module:148 - INFO - Loaded the Wake Word hey_k9 with module ovos-ww-plugin-precise-lite
2026-05-14 13:32:41.475 - voice - ovos_dinkum_listener.voice_loop.hotwords:load_hotword_engines:173 - INFO - Loading hotword: hey_k9 with engine: <ovos_ww_plugin_precise_lite.PreciseLiteHotwordPlugin object at 0x7ffedd59cd70>
2026-05-14 13:32:41.490 - voice - ovos_dinkum_listener.voice_loop.hotwords:load_hotword_engines:217 - WARNING - No stop words loaded
2026-05-14 13:32:41.494 - voice - ovos_dinkum_listener.voice_loop.voice_loop:start:190 - INFO - Listening mode: ListeningMode.WAKEWORD
2026-05-14 13:32:41.501 - voice - ovos_dinkum_listener.voice_loop.voice_loop:start:191 - INFO - VAD pre-wake enabled: False
2026-05-14 13:32:44.082 - voice - ovos_dinkum_listener.service:on_started:100 - INFO - DinkumVoiceService started.
2026-05-14 13:32:44.087 - voice - ovos_dinkum_listener.service:on_started:100 - INFO - DinkumVoiceService started.
2026-05-14 13:32:44.092 - voice - ovos_dinkum_listener.service:on_ready:92 - INFO - DinkumVoiceService is ready.
2026-05-14 13:32:44.094 - voice - ovos_dinkum_listener.service:run:349 - INFO - Service ready
2026-05-14 13:32:44.094 - voice - ovos_dinkum_listener.voice_loop.voice_loop:run:255 - INFO - Starting loop in mode: ListeningMode.WAKEWORD
2026-05-14 14:11:54.572 - voice - ovos_dinkum_listener.service:__init__:169 - INFO - Starting Voice Service
2026-05-14 14:11:54.599 - voice - ovos_dinkum_listener.service:on_alive:96 - INFO - DinkumVoiceService is alive.
2026-05-14 14:11:54.600 - voice - ovos_dinkum_listener.service:_before_start:372 - INFO - Starting service...
2026-05-14 14:11:54.676 - voice - ovos_dinkum_listener.service:_connect_to_bus:476 - INFO - Connected to Mycroft Core message bus
2026-05-14 14:11:57.100 - voice - ovos_dinkum_listener.service:on_alive:96 - INFO - DinkumVoiceService is alive.
2026-05-14 14:11:57.102 - voice - ovos_dinkum_listener.voice_loop.hotwords:load_hotword_engines:124 - INFO - creating hotword engines
2026-05-14 14:11:57.103 - voice - ovos_microphone_plugin_alsa:_run:113 - ERROR - Failed to open microphone
Traceback (most recent call last):
  File "/home/ovos/.venv/lib/python3.13/site-packages/ovos_microphone_plugin_alsa/__init__.py", line 78, in _run
    mic = alsaaudio.PCM(
        type=alsaaudio.PCM_CAPTURE,
    ...<6 lines>...
        periodsize=self.period_size,
    )
alsaaudio.ALSAAudioError: No such file or directory [hw:0,0]
2026-05-14 14:11:57.105 - voice - ovos_plugin_manager.wakewords:load_module:141 - INFO - Loading "wake_up" wake word via ovos-ww-plugin-vosk with config: {'module': 'ovos-ww-plugin-vosk', 'rule': 'fuzzy', 'samples': ['wake up'], 'lang': 'en-us', 'wakeup': True, 'fallback_ww': 'wake_up_pocketsphinx'}
2026-05-14 14:11:59.038 - voice - ovos_plugin_manager.wakewords:load_module:148 - INFO - Loaded the Wake Word wake_up with module ovos-ww-plugin-vosk
2026-05-14 14:12:00.510 - voice - ovos_dinkum_listener.voice_loop.hotwords:load_hotword_engines:173 - INFO - Loading hotword: wake_up with engine: <ovos_ww_plugin_vosk.VoskWakeWordPlugin object at 0x7ffee12f5010>
2026-05-14 14:12:00.512 - voice - ovos_plugin_manager.wakewords:load_module:141 - INFO - Loading "hey_k9" wake word via ovos-ww-plugin-precise-lite with config: {'module': 'ovos-ww-plugin-precise-lite', 'model': '/home/ovos/.local/share/mycroft/hey_k9.tflite', 'listen': True, 'active': True, 'expected_duration': 3, 'trigger_level': 3, 'sensitivity': 0.5}
2026-05-14 14:12:00.523 - voice - ovos_plugin_manager.wakewords:load_module:148 - INFO - Loaded the Wake Word hey_k9 with module ovos-ww-plugin-precise-lite
2026-05-14 14:12:00.614 - voice - ovos_dinkum_listener.voice_loop.hotwords:load_hotword_engines:173 - INFO - Loading hotword: hey_k9 with engine: <ovos_ww_plugin_precise_lite.PreciseLiteHotwordPlugin object at 0x7ffec4a24d70>
2026-05-14 14:12:00.621 - voice - ovos_dinkum_listener.voice_loop.hotwords:load_hotword_engines:217 - WARNING - No stop words loaded
2026-05-14 14:12:00.623 - voice - ovos_dinkum_listener.voice_loop.voice_loop:start:190 - INFO - Listening mode: ListeningMode.WAKEWORD
2026-05-14 14:12:00.624 - voice - ovos_dinkum_listener.voice_loop.voice_loop:start:191 - INFO - VAD pre-wake enabled: False
2026-05-14 18:55:50.777 - voice - ovos_dinkum_listener.service:on_started:100 - INFO - DinkumVoiceService started.
2026-05-14 18:55:50.796 - voice - ovos_dinkum_listener.service:on_started:100 - INFO - DinkumVoiceService started.
2026-05-14 18:55:50.881 - voice - ovos_dinkum_listener.service:on_ready:92 - INFO - DinkumVoiceService is ready.
2026-05-14 18:55:50.881 - voice - ovos_dinkum_listener.service:run:349 - INFO - Service ready
2026-05-14 18:55:50.881 - voice - ovos_dinkum_listener.voice_loop.voice_loop:run:255 - INFO - Starting loop in mode: ListeningMode.WAKEWORD
2026-05-14 19:40:05.495 - voice - ovos_dinkum_listener.service:__init__:169 - INFO - Starting Voice Service
2026-05-14 19:40:05.531 - voice - ovos_dinkum_listener.service:on_alive:96 - INFO - DinkumVoiceService is alive.
2026-05-14 19:40:05.532 - voice - ovos_dinkum_listener.service:_before_start:372 - INFO - Starting service...
2026-05-14 19:40:05.625 - voice - ovos_dinkum_listener.service:_connect_to_bus:476 - INFO - Connected to Mycroft Core message bus
2026-05-14 19:40:08.609 - voice - ovos_dinkum_listener.service:on_alive:96 - INFO - DinkumVoiceService is alive.
2026-05-14 19:40:08.613 - voice - ovos_dinkum_listener.voice_loop.hotwords:load_hotword_engines:124 - INFO - creating hotword engines
2026-05-14 19:40:08.615 - voice - ovos_plugin_manager.wakewords:load_module:141 - INFO - Loading "wake_up" wake word via ovos-ww-plugin-vosk with config: {'module': 'ovos-ww-plugin-vosk', 'rule': 'fuzzy', 'samples': ['wake up'], 'lang': 'en-us', 'wakeup': True, 'fallback_ww': 'wake_up_pocketsphinx'}
2026-05-15 08:00:17.228 - voice - ovos_plugin_manager.wakewords:load_module:148 - INFO - Loaded the Wake Word wake_up with module ovos-ww-plugin-vosk
2026-05-15 08:00:18.701 - voice - ovos_dinkum_listener.voice_loop.hotwords:load_hotword_engines:173 - INFO - Loading hotword: wake_up with engine: <ovos_ww_plugin_vosk.VoskWakeWordPlugin object at 0x7fff706e9010>
2026-05-15 08:00:18.703 - voice - ovos_plugin_manager.wakewords:load_module:141 - INFO - Loading "hey_k9" wake word via ovos-ww-plugin-precise-lite with config: {'module': 'ovos-ww-plugin-precise-lite', 'model': '/home/ovos/.local/share/mycroft/hey_k9.tflite', 'listen': True, 'active': True, 'expected_duration': 3, 'trigger_level': 3, 'sensitivity': 0.5}
2026-05-15 08:00:18.720 - voice - ovos_plugin_manager.wakewords:load_module:148 - INFO - Loaded the Wake Word hey_k9 with module ovos-ww-plugin-precise-lite
2026-05-15 08:00:18.831 - voice - ovos_dinkum_listener.voice_loop.hotwords:load_hotword_engines:173 - INFO - Loading hotword: hey_k9 with engine: <ovos_ww_plugin_precise_lite.PreciseLiteHotwordPlugin object at 0x7fff53da8d70>
2026-05-15 08:00:18.836 - voice - ovos_dinkum_listener.voice_loop.hotwords:load_hotword_engines:217 - WARNING - No stop words loaded
2026-05-15 08:00:18.843 - voice - ovos_dinkum_listener.voice_loop.voice_loop:start:190 - INFO - Listening mode: ListeningMode.WAKEWORD
2026-05-15 08:00:18.844 - voice - ovos_dinkum_listener.voice_loop.voice_loop:start:191 - INFO - VAD pre-wake enabled: False
2026-05-15 08:00:21.846 - voice - ovos_dinkum_listener.service:on_started:100 - INFO - DinkumVoiceService started.
2026-05-15 08:00:21.847 - voice - ovos_dinkum_listener.service:on_started:100 - INFO - DinkumVoiceService started.
2026-05-15 08:00:21.847 - voice - ovos_dinkum_listener.service:on_ready:92 - INFO - DinkumVoiceService is ready.
2026-05-15 08:00:21.848 - voice - ovos_dinkum_listener.service:run:349 - INFO - Service ready
2026-05-15 08:00:21.848 - voice - ovos_dinkum_listener.voice_loop.voice_loop:run:255 - INFO - Starting loop in mode: ListeningMode.WAKEWORD
2026-05-15 08:49:51.721 - voice - ovos_dinkum_listener.service:__init__:169 - INFO - Starting Voice Service
2026-05-15 08:49:51.734 - voice - ovos_dinkum_listener.service:on_alive:96 - INFO - DinkumVoiceService is alive.
2026-05-15 08:49:51.735 - voice - ovos_dinkum_listener.service:_before_start:372 - INFO - Starting service...
2026-05-15 08:49:57.173 - voice - ovos_dinkum_listener.service:_connect_to_bus:476 - INFO - Connected to Mycroft Core message bus
2026-05-15 08:50:00.315 - voice - ovos_dinkum_listener.service:on_alive:96 - INFO - DinkumVoiceService is alive.
2026-05-15 08:50:00.317 - voice - ovos_dinkum_listener.voice_loop.hotwords:load_hotword_engines:124 - INFO - creating hotword engines
2026-05-15 08:50:00.324 - voice - ovos_plugin_manager.wakewords:load_module:141 - INFO - Loading "wake_up" wake word via ovos-ww-plugin-vosk with config: {'module': 'ovos-ww-plugin-vosk', 'rule': 'fuzzy', 'samples': ['wake up'], 'lang': 'en-us', 'wakeup': True, 'fallback_ww': 'wake_up_pocketsphinx'}
2026-05-15 08:50:01.781 - voice - ovos_plugin_manager.wakewords:load_module:148 - INFO - Loaded the Wake Word wake_up with module ovos-ww-plugin-vosk
2026-05-15 08:50:02.912 - voice - ovos_dinkum_listener.voice_loop.hotwords:load_hotword_engines:173 - INFO - Loading hotword: wake_up with engine: <ovos_ww_plugin_vosk.VoskWakeWordPlugin object at 0x7ffe8e2d5010>
2026-05-15 08:50:02.913 - voice - ovos_plugin_manager.wakewords:load_module:141 - INFO - Loading "hey_k9" wake word via ovos-ww-plugin-precise-lite with config: {'module': 'ovos-ww-plugin-precise-lite', 'model': '/home/ovos/.local/share/mycroft/hey_k9.tflite', 'listen': True, 'active': True, 'expected_duration': 3, 'trigger_level': 3, 'sensitivity': 0.5}
2026-05-15 08:50:02.921 - voice - ovos_plugin_manager.wakewords:load_module:148 - INFO - Loaded the Wake Word hey_k9 with module ovos-ww-plugin-precise-lite
2026-05-15 08:50:02.984 - voice - ovos_dinkum_listener.voice_loop.hotwords:load_hotword_engines:173 - INFO - Loading hotword: hey_k9 with engine: <ovos_ww_plugin_precise_lite.PreciseLiteHotwordPlugin object at 0x7ffe71358d70>
2026-05-15 08:50:02.988 - voice - ovos_dinkum_listener.voice_loop.hotwords:load_hotword_engines:217 - WARNING - No stop words loaded
2026-05-15 08:50:02.989 - voice - ovos_dinkum_listener.voice_loop.voice_loop:start:190 - INFO - Listening mode: ListeningMode.WAKEWORD
2026-05-15 08:50:02.989 - voice - ovos_dinkum_listener.voice_loop.voice_loop:start:191 - INFO - VAD pre-wake enabled: False
2026-05-15 08:50:05.992 - voice - ovos_dinkum_listener.service:on_started:100 - INFO - DinkumVoiceService started.
2026-05-15 08:50:05.992 - voice - ovos_dinkum_listener.service:on_started:100 - INFO - DinkumVoiceService started.
2026-05-15 08:50:05.993 - voice - ovos_dinkum_listener.service:on_ready:92 - INFO - DinkumVoiceService is ready.
2026-05-15 08:50:05.994 - voice - ovos_dinkum_listener.service:run:349 - INFO - Service ready
2026-05-15 08:50:05.994 - voice - ovos_dinkum_listener.voice_loop.voice_loop:run:255 - INFO - Starting loop in mode: ListeningMode.WAKEWORD
2026-05-15 11:24:22.435 - voice - ovos_dinkum_listener.service:__init__:169 - INFO - Starting Voice Service
2026-05-15 11:24:22.450 - voice - ovos_dinkum_listener.service:on_alive:96 - INFO - DinkumVoiceService is alive.
2026-05-15 11:24:22.451 - voice - ovos_dinkum_listener.service:_before_start:372 - INFO - Starting service...
2026-05-15 11:24:22.527 - voice - ovos_dinkum_listener.service:_connect_to_bus:476 - INFO - Connected to Mycroft Core message bus
2026-05-15 11:24:23.492 - voice - ovos_dinkum_listener.service:on_alive:96 - INFO - DinkumVoiceService is alive.
2026-05-15 11:24:23.499 - voice - ovos_dinkum_listener.voice_loop.hotwords:load_hotword_engines:124 - INFO - creating hotword engines
2026-05-15 11:24:23.502 - voice - ovos_plugin_manager.wakewords:load_module:141 - INFO - Loading "wake_up" wake word via ovos-ww-plugin-vosk with config: {'module': 'ovos-ww-plugin-vosk', 'rule': 'fuzzy', 'samples': ['wake up'], 'lang': 'en-us', 'wakeup': True, 'fallback_ww': 'wake_up_pocketsphinx'}
2026-05-15 11:24:24.568 - voice - ovos_plugin_manager.wakewords:load_module:148 - INFO - Loaded the Wake Word wake_up with module ovos-ww-plugin-vosk
2026-05-15 11:24:25.734 - voice - ovos_dinkum_listener.voice_loop.hotwords:load_hotword_engines:173 - INFO - Loading hotword: wake_up with engine: <ovos_ww_plugin_vosk.VoskWakeWordPlugin object at 0x7fff6fc65010>
2026-05-15 11:24:25.736 - voice - ovos_plugin_manager.wakewords:load_module:141 - INFO - Loading "hey_k9" wake word via ovos-ww-plugin-precise-lite with config: {'module': 'ovos-ww-plugin-precise-lite', 'model': '/home/ovos/.local/share/mycroft/hey_k9.tflite', 'listen': True, 'active': True, 'expected_duration': 3, 'trigger_level': 3, 'sensitivity': 0.5}
2026-05-15 11:24:25.758 - voice - ovos_plugin_manager.wakewords:load_module:148 - INFO - Loaded the Wake Word hey_k9 with module ovos-ww-plugin-precise-lite
2026-05-15 11:24:25.766 - voice - ovos_dinkum_listener.voice_loop.hotwords:load_hotword_engines:173 - INFO - Loading hotword: hey_k9 with engine: <ovos_ww_plugin_precise_lite.PreciseLiteHotwordPlugin object at 0x7fff52d34d70>
2026-05-15 11:24:25.768 - voice - ovos_dinkum_listener.voice_loop.hotwords:load_hotword_engines:217 - WARNING - No stop words loaded
2026-05-15 11:24:25.776 - voice - ovos_dinkum_listener.voice_loop.voice_loop:start:190 - INFO - Listening mode: ListeningMode.WAKEWORD
2026-05-15 11:24:25.777 - voice - ovos_dinkum_listener.voice_loop.voice_loop:start:191 - INFO - VAD pre-wake enabled: False
2026-05-15 11:24:28.788 - voice - ovos_dinkum_listener.service:on_started:100 - INFO - DinkumVoiceService started.
2026-05-15 11:24:28.791 - voice - ovos_dinkum_listener.service:on_started:100 - INFO - DinkumVoiceService started.
2026-05-15 11:24:28.793 - voice - ovos_dinkum_listener.service:on_ready:92 - INFO - DinkumVoiceService is ready.
2026-05-15 11:24:28.794 - voice - ovos_dinkum_listener.service:run:349 - INFO - Service ready
2026-05-15 11:24:28.795 - voice - ovos_dinkum_listener.voice_loop.voice_loop:run:255 - INFO - Starting loop in mode: ListeningMode.WAKEWORD
2026-05-15 11:38:13.620 - voice - ovos_dinkum_listener.service:__init__:169 - INFO - Starting Voice Service
2026-05-15 11:38:13.636 - voice - ovos_dinkum_listener.service:on_alive:96 - INFO - DinkumVoiceService is alive.
2026-05-15 11:38:13.638 - voice - ovos_dinkum_listener.service:_before_start:372 - INFO - Starting service...
2026-05-15 11:38:13.725 - voice - ovos_dinkum_listener.service:_connect_to_bus:476 - INFO - Connected to Mycroft Core message bus
2026-05-15 11:38:14.657 - voice - ovos_dinkum_listener.service:on_alive:96 - INFO - DinkumVoiceService is alive.
2026-05-15 11:38:14.662 - voice - ovos_dinkum_listener.voice_loop.hotwords:load_hotword_engines:124 - INFO - creating hotword engines
2026-05-15 11:38:14.664 - voice - ovos_plugin_manager.wakewords:load_module:141 - INFO - Loading "wake_up" wake word via ovos-ww-plugin-vosk with config: {'module': 'ovos-ww-plugin-vosk', 'rule': 'fuzzy', 'samples': ['wake up'], 'lang': 'en-us', 'wakeup': True, 'fallback_ww': 'wake_up_pocketsphinx'}
2026-05-15 11:38:15.585 - voice - ovos_plugin_manager.wakewords:load_module:148 - INFO - Loaded the Wake Word wake_up with module ovos-ww-plugin-vosk
2026-05-15 11:38:16.277 - voice - ovos_dinkum_listener.voice_loop.hotwords:load_hotword_engines:173 - INFO - Loading hotword: wake_up with engine: <ovos_ww_plugin_vosk.VoskWakeWordPlugin object at 0x7fff49bd1010>
2026-05-15 11:38:16.280 - voice - ovos_plugin_manager.wakewords:load_module:141 - INFO - Loading "hey_k9" wake word via ovos-ww-plugin-precise-lite with config: {'module': 'ovos-ww-plugin-precise-lite', 'model': '/home/ovos/.local/share/mycroft/hey_k9.tflite', 'listen': True, 'active': True, 'expected_duration': 3, 'trigger_level': 3, 'sensitivity': 0.5}
2026-05-15 11:38:16.293 - voice - ovos_plugin_manager.wakewords:load_module:148 - INFO - Loaded the Wake Word hey_k9 with module ovos-ww-plugin-precise-lite
2026-05-15 11:38:16.297 - voice - ovos_dinkum_listener.voice_loop.hotwords:load_hotword_engines:173 - INFO - Loading hotword: hey_k9 with engine: <ovos_ww_plugin_precise_lite.PreciseLiteHotwordPlugin object at 0x7fff2cc84d70>
2026-05-15 11:38:16.300 - voice - ovos_dinkum_listener.voice_loop.hotwords:load_hotword_engines:217 - WARNING - No stop words loaded
2026-05-15 11:38:16.301 - voice - ovos_dinkum_listener.voice_loop.voice_loop:start:190 - INFO - Listening mode: ListeningMode.WAKEWORD
2026-05-15 11:38:16.302 - voice - ovos_dinkum_listener.voice_loop.voice_loop:start:191 - INFO - VAD pre-wake enabled: False
2026-05-15 11:38:19.304 - voice - ovos_dinkum_listener.service:on_started:100 - INFO - DinkumVoiceService started.
2026-05-15 11:38:19.305 - voice - ovos_dinkum_listener.service:on_started:100 - INFO - DinkumVoiceService started.
2026-05-15 11:38:19.306 - voice - ovos_dinkum_listener.service:on_ready:92 - INFO - DinkumVoiceService is ready.
2026-05-15 11:38:19.306 - voice - ovos_dinkum_listener.service:run:349 - INFO - Service ready
2026-05-15 11:38:19.307 - voice - ovos_dinkum_listener.voice_loop.voice_loop:run:255 - INFO - Starting loop in mode: ListeningMode.WAKEWORD
2026-05-15 12:19:44.327 - voice - ovos_dinkum_listener.service:__init__:169 - INFO - Starting Voice Service
2026-05-15 12:19:44.355 - voice - ovos_dinkum_listener.service:on_alive:96 - INFO - DinkumVoiceService is alive.
2026-05-15 12:19:44.357 - voice - ovos_dinkum_listener.service:_before_start:372 - INFO - Starting service...
2026-05-15 12:19:44.490 - voice - ovos_dinkum_listener.service:_connect_to_bus:476 - INFO - Connected to Mycroft Core message bus
2026-05-15 12:19:47.579 - voice - ovos_dinkum_listener.service:on_alive:96 - INFO - DinkumVoiceService is alive.
2026-05-15 12:19:47.580 - voice - ovos_dinkum_listener.voice_loop.hotwords:load_hotword_engines:124 - INFO - creating hotword engines
2026-05-15 12:19:47.585 - voice - ovos_plugin_manager.wakewords:load_module:141 - INFO - Loading "wake_up" wake word via ovos-ww-plugin-vosk with config: {'module': 'ovos-ww-plugin-vosk', 'rule': 'fuzzy', 'samples': ['wake up'], 'lang': 'en-us', 'wakeup': True, 'fallback_ww': 'wake_up_pocketsphinx'}
2026-05-15 12:19:50.074 - voice - ovos_plugin_manager.wakewords:load_module:148 - INFO - Loaded the Wake Word wake_up with module ovos-ww-plugin-vosk
2026-05-15 12:19:51.575 - voice - ovos_dinkum_listener.voice_loop.hotwords:load_hotword_engines:173 - INFO - Loading hotword: wake_up with engine: <ovos_ww_plugin_vosk.VoskWakeWordPlugin object at 0x7fff81fe5010>
2026-05-15 12:19:51.577 - voice - ovos_plugin_manager.wakewords:load_module:141 - INFO - Loading "hey_k9" wake word via ovos-ww-plugin-precise-lite with config: {'module': 'ovos-ww-plugin-precise-lite', 'model': '/home/ovos/.local/share/mycroft/hey_k9.tflite', 'listen': True, 'active': True, 'expected_duration': 3, 'trigger_level': 3, 'sensitivity': 0.5}
2026-05-15 12:19:51.586 - voice - ovos_plugin_manager.wakewords:load_module:148 - INFO - Loaded the Wake Word hey_k9 with module ovos-ww-plugin-precise-lite
2026-05-15 12:19:51.675 - voice - ovos_dinkum_listener.voice_loop.hotwords:load_hotword_engines:173 - INFO - Loading hotword: hey_k9 with engine: <ovos_ww_plugin_precise_lite.PreciseLiteHotwordPlugin object at 0x7fff652ecd70>
2026-05-15 12:19:51.683 - voice - ovos_dinkum_listener.voice_loop.hotwords:load_hotword_engines:217 - WARNING - No stop words loaded
2026-05-15 12:19:51.685 - voice - ovos_dinkum_listener.voice_loop.voice_loop:start:190 - INFO - Listening mode: ListeningMode.WAKEWORD
2026-05-15 12:19:51.687 - voice - ovos_dinkum_listener.voice_loop.voice_loop:start:191 - INFO - VAD pre-wake enabled: False
2026-05-15 15:30:45.536 - voice - ovos_dinkum_listener.service:on_started:100 - INFO - DinkumVoiceService started.
2026-05-15 15:30:45.536 - voice - ovos_dinkum_listener.service:on_started:100 - INFO - DinkumVoiceService started.
2026-05-15 15:30:45.537 - voice - ovos_dinkum_listener.service:on_ready:92 - INFO - DinkumVoiceService is ready.
2026-05-15 15:30:45.537 - voice - ovos_dinkum_listener.service:run:349 - INFO - Service ready
2026-05-15 15:30:45.538 - voice - ovos_dinkum_listener.voice_loop.voice_loop:run:255 - INFO - Starting loop in mode: ListeningMode.WAKEWORD
2026-05-15 17:57:22.007 - voice - ovos_dinkum_listener.service:_record_begin:534 - INFO - fake barge-in lowering volume to: 30
2026-05-15 17:57:22.015 - voice - ovos_dinkum_listener.voice_loop.voice_loop:run:293 - INFO - Wakeword detected
2026-05-15 17:57:23.406 - voice - ovos_dinkum_listener.voice_loop.voice_loop:run:332 - INFO - speech finished
2026-05-15 17:57:23.874 - voice - ovos_stt_plugin_server:execute:128 - ERROR - 502 response from https://whisper.tigregotico.pt/stt: b'<html>\r\n<head><title>502 Bad Gateway</title></head>\r\n<body>\r\n<center><h1>502 Bad Gateway</h1></center>\r\n<hr><center>openresty</center>\r\n</body>\r\n</html>\r\n'
2026-05-15 17:57:23.875 - voice - ovos_stt_plugin_server:execute:134 - ERROR - STT request to https://whisper.tigregotico.pt/stt failed
2026-05-15 17:57:25.497 - voice - ovos_dinkum_listener.voice_loop.voice_loop:_after_cmd:851 - INFO - Raw transcription: [(' Thank you.', 1.0)]
2026-05-15 17:57:25.500 - voice - ovos_dinkum_listener.service:_record_end_signal:660 - INFO - fake barge-in restoring volume to: 70
2026-05-15 17:57:28.606 - voice - ovos_dinkum_listener.service:_record_begin:534 - INFO - fake barge-in lowering volume to: 30
2026-05-15 17:57:28.613 - voice - ovos_dinkum_listener.voice_loop.voice_loop:run:293 - INFO - Wakeword detected
2026-05-15 17:57:29.998 - voice - ovos_dinkum_listener.voice_loop.voice_loop:run:332 - INFO - speech finished
2026-05-15 17:57:30.368 - voice - ovos_stt_plugin_server:execute:128 - ERROR - 502 response from https://whisper.tigregotico.pt/stt: b'<html>\r\n<head><title>502 Bad Gateway</title></head>\r\n<body>\r\n<center><h1>502 Bad Gateway</h1></center>\r\n<hr><center>openresty</center>\r\n</body>\r\n</html>\r\n'
2026-05-15 17:57:30.369 - voice - ovos_stt_plugin_server:execute:134 - ERROR - STT request to https://whisper.tigregotico.pt/stt failed
2026-05-15 17:57:31.810 - voice - ovos_dinkum_listener.voice_loop.voice_loop:_after_cmd:851 - INFO - Raw transcription: [(" I don't know.", 1.0)]
2026-05-15 17:57:31.813 - voice - ovos_dinkum_listener.service:_record_end_signal:660 - INFO - fake barge-in restoring volume to: 70
2026-05-15 17:57:31.860 - voice - ovos_dinkum_listener.service:_record_begin:534 - INFO - fake barge-in lowering volume to: 30
2026-05-15 17:57:31.871 - voice - ovos_dinkum_listener.voice_loop.voice_loop:run:293 - INFO - Wakeword detected
2026-05-15 17:57:33.262 - voice - ovos_dinkum_listener.voice_loop.voice_loop:run:332 - INFO - speech finished
2026-05-15 17:57:34.583 - voice - ovos_dinkum_listener.voice_loop.voice_loop:_after_cmd:851 - INFO - Raw transcription: [(" I don't know.", 1.0)]
2026-05-15 17:57:34.585 - voice - ovos_dinkum_listener.service:_record_end_signal:660 - INFO - fake barge-in restoring volume to: 70
2026-05-15 19:36:00.719 - voice - ovos_dinkum_listener.service:__init__:169 - INFO - Starting Voice Service
2026-05-15 19:36:00.749 - voice - ovos_dinkum_listener.service:on_alive:96 - INFO - DinkumVoiceService is alive.
2026-05-15 19:36:00.750 - voice - ovos_dinkum_listener.service:_before_start:372 - INFO - Starting service...
2026-05-15 19:36:00.832 - voice - ovos_dinkum_listener.service:_connect_to_bus:476 - INFO - Connected to Mycroft Core message bus
2026-05-15 19:36:03.216 - voice - ovos_dinkum_listener.service:on_alive:96 - INFO - DinkumVoiceService is alive.
2026-05-15 19:36:03.220 - voice - ovos_dinkum_listener.voice_loop.hotwords:load_hotword_engines:124 - INFO - creating hotword engines
2026-05-15 19:36:03.222 - voice - ovos_plugin_manager.wakewords:load_module:141 - INFO - Loading "wake_up" wake word via ovos-ww-plugin-vosk with config: {'module': 'ovos-ww-plugin-vosk', 'rule': 'fuzzy', 'samples': ['wake up'], 'lang': 'en-us', 'wakeup': True, 'fallback_ww': 'wake_up_pocketsphinx'}
2026-05-15 19:36:05.496 - voice - ovos_plugin_manager.wakewords:load_module:148 - INFO - Loaded the Wake Word wake_up with module ovos-ww-plugin-vosk
2026-05-15 19:36:06.897 - voice - ovos_dinkum_listener.voice_loop.hotwords:load_hotword_engines:173 - INFO - Loading hotword: wake_up with engine: <ovos_ww_plugin_vosk.VoskWakeWordPlugin object at 0x7fff0b4fd010>
2026-05-15 19:36:06.899 - voice - ovos_plugin_manager.wakewords:load_module:141 - INFO - Loading "hey_k9" wake word via ovos-ww-plugin-precise-lite with config: {'module': 'ovos-ww-plugin-precise-lite', 'model': '/home/ovos/.local/share/mycroft/hey_k9.tflite', 'listen': True, 'active': True, 'expected_duration': 3, 'trigger_level': 3, 'sensitivity': 0.5}
2026-05-15 19:36:06.918 - voice - ovos_plugin_manager.wakewords:load_module:148 - INFO - Loaded the Wake Word hey_k9 with module ovos-ww-plugin-precise-lite
2026-05-16 08:01:46.236 - voice - ovos_dinkum_listener.voice_loop.hotwords:load_hotword_engines:173 - INFO - Loading hotword: hey_k9 with engine: <ovos_ww_plugin_precise_lite.PreciseLiteHotwordPlugin object at 0x7ffeee63cd70>
2026-05-16 08:01:46.240 - voice - ovos_dinkum_listener.voice_loop.hotwords:load_hotword_engines:217 - WARNING - No stop words loaded
2026-05-16 08:01:46.241 - voice - ovos_dinkum_listener.voice_loop.voice_loop:start:190 - INFO - Listening mode: ListeningMode.WAKEWORD
2026-05-16 08:01:46.243 - voice - ovos_dinkum_listener.voice_loop.voice_loop:start:191 - INFO - VAD pre-wake enabled: False
2026-05-16 08:01:49.272 - voice - ovos_dinkum_listener.service:on_started:100 - INFO - DinkumVoiceService started.
2026-05-16 08:01:49.286 - voice - ovos_dinkum_listener.service:on_started:100 - INFO - DinkumVoiceService started.
2026-05-16 08:01:49.287 - voice - ovos_dinkum_listener.service:on_ready:92 - INFO - DinkumVoiceService is ready.
2026-05-16 08:01:49.287 - voice - ovos_dinkum_listener.service:run:349 - INFO - Service ready
2026-05-16 08:01:49.288 - voice - ovos_dinkum_listener.voice_loop.voice_loop:run:255 - INFO - Starting loop in mode: ListeningMode.WAKEWORD
2026-05-16 08:51:18.082 - voice - ovos_dinkum_listener.service:__init__:169 - INFO - Starting Voice Service
2026-05-16 08:51:18.104 - voice - ovos_dinkum_listener.service:on_alive:96 - INFO - DinkumVoiceService is alive.
2026-05-16 08:51:18.104 - voice - ovos_dinkum_listener.service:_before_start:372 - INFO - Starting service...
2026-05-16 08:51:18.163 - voice - ovos_dinkum_listener.service:_connect_to_bus:476 - INFO - Connected to Mycroft Core message bus
2026-05-16 08:51:20.903 - voice - ovos_dinkum_listener.service:on_alive:96 - INFO - DinkumVoiceService is alive.
2026-05-16 08:51:20.907 - voice - ovos_dinkum_listener.voice_loop.hotwords:load_hotword_engines:124 - INFO - creating hotword engines
2026-05-16 08:51:20.909 - voice - ovos_plugin_manager.wakewords:load_module:141 - INFO - Loading "wake_up" wake word via ovos-ww-plugin-vosk with config: {'module': 'ovos-ww-plugin-vosk', 'rule': 'fuzzy', 'samples': ['wake up'], 'lang': 'en-us', 'wakeup': True, 'fallback_ww': 'wake_up_pocketsphinx'}
2026-05-16 08:51:23.394 - voice - ovos_plugin_manager.wakewords:load_module:148 - INFO - Loaded the Wake Word wake_up with module ovos-ww-plugin-vosk
2026-05-16 12:52:42.726 - voice - ovos_dinkum_listener.voice_loop.hotwords:load_hotword_engines:173 - INFO - Loading hotword: wake_up with engine: <ovos_ww_plugin_vosk.VoskWakeWordPlugin object at 0x7ffec9fe5010>
2026-05-16 12:52:42.727 - voice - ovos_plugin_manager.wakewords:load_module:141 - INFO - Loading "hey_k9" wake word via ovos-ww-plugin-precise-lite with config: {'module': 'ovos-ww-plugin-precise-lite', 'model': '/home/ovos/.local/share/mycroft/hey_k9.tflite', 'listen': True, 'active': True, 'expected_duration': 3, 'trigger_level': 3, 'sensitivity': 0.5}
2026-05-16 12:52:42.734 - voice - ovos_plugin_manager.wakewords:load_module:148 - INFO - Loaded the Wake Word hey_k9 with module ovos-ww-plugin-precise-lite
2026-05-16 12:52:42.802 - voice - ovos_dinkum_listener.voice_loop.hotwords:load_hotword_engines:173 - INFO - Loading hotword: hey_k9 with engine: <ovos_ww_plugin_precise_lite.PreciseLiteHotwordPlugin object at 0x7ffead0ecd70>
2026-05-16 12:52:42.807 - voice - ovos_dinkum_listener.voice_loop.hotwords:load_hotword_engines:217 - WARNING - No stop words loaded
2026-05-16 12:52:42.808 - voice - ovos_dinkum_listener.voice_loop.voice_loop:start:190 - INFO - Listening mode: ListeningMode.WAKEWORD
2026-05-16 12:52:42.809 - voice - ovos_dinkum_listener.voice_loop.voice_loop:start:191 - INFO - VAD pre-wake enabled: False
2026-05-16 12:52:45.824 - voice - ovos_dinkum_listener.service:on_started:100 - INFO - DinkumVoiceService started.
2026-05-16 12:52:45.825 - voice - ovos_dinkum_listener.service:on_started:100 - INFO - DinkumVoiceService started.
2026-05-16 12:52:45.826 - voice - ovos_dinkum_listener.service:on_ready:92 - INFO - DinkumVoiceService is ready.
2026-05-16 12:52:45.826 - voice - ovos_dinkum_listener.service:run:349 - INFO - Service ready
2026-05-16 12:52:45.826 - voice - ovos_dinkum_listener.voice_loop.voice_loop:run:255 - INFO - Starting loop in mode: ListeningMode.WAKEWORD
2026-05-16 13:29:45.870 - voice - ovos_bus_client.client.client:on_error:112 - WARNING - Could not send message because connection has closed
2026-05-16 13:29:45.872 - voice - ovos_bus_client.client.client:on_error:130 - WARNING - Message Bus Client will reconnect in 5.0 seconds.
2026-05-16 13:29:50.874 - voice - ovos_bus_client.client.client:on_error:114 - WARNING - Connection Refused. Is Messagebus Service running?
2026-05-16 13:29:50.875 - voice - ovos_bus_client.client.client:on_error:130 - WARNING - Message Bus Client will reconnect in 10.0 seconds.
2026-05-16 19:03:36.104 - voice - ovos_dinkum_listener.service:__init__:169 - INFO - Starting Voice Service
2026-05-16 19:03:36.157 - voice - ovos_dinkum_listener.service:on_alive:96 - INFO - DinkumVoiceService is alive.
2026-05-16 19:03:36.158 - voice - ovos_dinkum_listener.service:_before_start:372 - INFO - Starting service...
2026-05-16 19:03:36.170 - voice - ovos_bus_client.client.client:on_error:114 - WARNING - Connection Refused. Is Messagebus Service running?
2026-05-16 19:03:36.188 - voice - ovos_bus_client.client.client:on_error:130 - WARNING - Message Bus Client will reconnect in 5.0 seconds.
2026-05-16 19:03:41.248 - voice - ovos_dinkum_listener.service:_connect_to_bus:476 - INFO - Connected to Mycroft Core message bus
2026-05-16 19:03:41.890 - voice - ovos_dinkum_listener.service:on_alive:96 - INFO - DinkumVoiceService is alive.
2026-05-16 19:03:41.892 - voice - ovos_dinkum_listener.voice_loop.hotwords:load_hotword_engines:124 - INFO - creating hotword engines
2026-05-16 19:03:41.897 - voice - ovos_plugin_manager.wakewords:load_module:141 - INFO - Loading "wake_up" wake word via ovos-ww-plugin-vosk with config: {'module': 'ovos-ww-plugin-vosk', 'rule': 'fuzzy', 'samples': ['wake up'], 'lang': 'en-us', 'wakeup': True, 'fallback_ww': 'wake_up_pocketsphinx'}
2026-05-16 19:03:42.775 - voice - ovos_plugin_manager.wakewords:load_module:148 - INFO - Loaded the Wake Word wake_up with module ovos-ww-plugin-vosk
2026-05-16 19:03:43.271 - voice - ovos_dinkum_listener.voice_loop.hotwords:load_hotword_engines:173 - INFO - Loading hotword: wake_up with engine: <ovos_ww_plugin_vosk.VoskWakeWordPlugin object at 0x7ffeba8d9400>
2026-05-16 19:03:43.272 - voice - ovos_plugin_manager.wakewords:load_module:141 - INFO - Loading "hey_k9" wake word via ovos-ww-plugin-precise-lite with config: {'module': 'ovos-ww-plugin-precise-lite', 'model': '/home/ovos/.local/share/mycroft/hey_k9.tflite', 'listen': True, 'active': True, 'expected_duration': 3, 'trigger_level': 3, 'sensitivity': 0.5}
2026-05-16 19:03:43.279 - voice - ovos_plugin_manager.wakewords:load_module:148 - INFO - Loaded the Wake Word hey_k9 with module ovos-ww-plugin-precise-lite
2026-05-16 19:03:43.281 - voice - ovos_dinkum_listener.voice_loop.hotwords:load_hotword_engines:173 - INFO - Loading hotword: hey_k9 with engine: <ovos_ww_plugin_precise_lite.PreciseLiteHotwordPlugin object at 0x7ffe9d8f9160>
2026-05-16 19:03:43.283 - voice - ovos_dinkum_listener.voice_loop.hotwords:load_hotword_engines:217 - WARNING - No stop words loaded
2026-05-16 19:03:43.284 - voice - ovos_dinkum_listener.voice_loop.voice_loop:start:190 - INFO - Listening mode: ListeningMode.WAKEWORD
2026-05-16 19:03:43.284 - voice - ovos_dinkum_listener.voice_loop.voice_loop:start:191 - INFO - VAD pre-wake enabled: False
2026-05-16 19:03:46.286 - voice - ovos_dinkum_listener.service:on_started:100 - INFO - DinkumVoiceService started.
2026-05-16 19:03:46.287 - voice - ovos_dinkum_listener.service:on_started:100 - INFO - DinkumVoiceService started.
2026-05-16 19:03:46.287 - voice - ovos_dinkum_listener.service:on_ready:92 - INFO - DinkumVoiceService is ready.
2026-05-16 19:03:46.288 - voice - ovos_dinkum_listener.service:run:349 - INFO - Service ready
2026-05-16 19:03:46.288 - voice - ovos_dinkum_listener.voice_loop.voice_loop:run:255 - INFO - Starting loop in mode: ListeningMode.WAKEWORD
2026-05-16 19:33:54.652 - voice - ovos_dinkum_listener.service:_record_begin:534 - INFO - fake barge-in lowering volume to: 30
2026-05-16 19:33:54.657 - voice - ovos_dinkum_listener.voice_loop.voice_loop:run:293 - INFO - Wakeword detected
2026-05-16 19:33:56.050 - voice - ovos_dinkum_listener.voice_loop.voice_loop:run:332 - INFO - speech finished
2026-05-16 19:33:56.531 - voice - ovos_stt_plugin_server:execute:128 - ERROR - 502 response from https://whisper.tigregotico.pt/stt: b'<html>\r\n<head><title>502 Bad Gateway</title></head>\r\n<body>\r\n<center><h1>502 Bad Gateway</h1></center>\r\n<hr><center>openresty</center>\r\n</body>\r\n</html>\r\n'
2026-05-16 19:33:56.532 - voice - ovos_stt_plugin_server:execute:134 - ERROR - STT request to https://whisper.tigregotico.pt/stt failed
2026-05-16 19:33:58.227 - voice - ovos_dinkum_listener.voice_loop.voice_loop:_after_cmd:851 - INFO - Raw transcription: [(" I don't know.", 1.0)]
2026-05-16 19:33:58.230 - voice - ovos_dinkum_listener.service:_record_end_signal:660 - INFO - fake barge-in restoring volume to: 70
2026-05-16 19:34:04.246 - voice - ovos_dinkum_listener.service:_record_begin:534 - INFO - fake barge-in lowering volume to: 30
2026-05-16 19:34:04.257 - voice - ovos_dinkum_listener.voice_loop.voice_loop:run:293 - INFO - Wakeword detected
2026-05-16 19:34:05.650 - voice - ovos_dinkum_listener.voice_loop.voice_loop:run:332 - INFO - speech finished
2026-05-16 19:34:07.276 - voice - ovos_dinkum_listener.voice_loop.voice_loop:_after_cmd:851 - INFO - Raw transcription: [(" I'm going to be able to be.", 1.0)]
2026-05-16 19:34:07.278 - voice - ovos_dinkum_listener.service:_record_end_signal:660 - INFO - fake barge-in restoring volume to: 70
2026-05-16 19:34:14.045 - voice - ovos_dinkum_listener.service:_record_begin:534 - INFO - fake barge-in lowering volume to: 30
2026-05-16 19:34:14.048 - voice - ovos_dinkum_listener.voice_loop.voice_loop:run:293 - INFO - Wakeword detected
2026-05-16 19:34:15.442 - voice - ovos_dinkum_listener.voice_loop.voice_loop:run:332 - INFO - speech finished
2026-05-16 19:34:16.987 - voice - ovos_dinkum_listener.voice_loop.voice_loop:_after_cmd:851 - INFO - Raw transcription: [(" I don't know.", 1.0)]
2026-05-16 19:34:16.989 - voice - ovos_dinkum_listener.service:_record_end_signal:660 - INFO - fake barge-in restoring volume to: 70
2026-05-16 19:34:17.246 - voice - ovos_dinkum_listener.service:_record_begin:534 - INFO - fake barge-in lowering volume to: 30
2026-05-16 19:34:17.254 - voice - ovos_dinkum_listener.voice_loop.voice_loop:run:293 - INFO - Wakeword detected
2026-05-16 19:34:18.642 - voice - ovos_dinkum_listener.voice_loop.voice_loop:run:332 - INFO - speech finished
2026-05-16 19:34:18.993 - voice - ovos_stt_plugin_server:execute:128 - ERROR - 502 response from https://whisper.tigregotico.pt/stt: b'<html>\r\n<head><title>502 Bad Gateway</title></head>\r\n<body>\r\n<center><h1>502 Bad Gateway</h1></center>\r\n<hr><center>openresty</center>\r\n</body>\r\n</html>\r\n'
2026-05-16 19:34:18.994 - voice - ovos_stt_plugin_server:execute:134 - ERROR - STT request to https://whisper.tigregotico.pt/stt failed
2026-05-16 19:34:20.418 - voice - ovos_dinkum_listener.voice_loop.voice_loop:_after_cmd:851 - INFO - Raw transcription: [(" I don't know.", 1.0)]
2026-05-16 19:34:20.420 - voice - ovos_dinkum_listener.service:_record_end_signal:660 - INFO - fake barge-in restoring volume to: 70
2026-05-16 19:34:21.525 - voice - ovos_dinkum_listener.service:_record_begin:534 - INFO - fake barge-in lowering volume to: 30
2026-05-16 19:34:21.531 - voice - ovos_dinkum_listener.voice_loop.voice_loop:run:293 - INFO - Wakeword detected
2026-05-16 19:34:22.930 - voice - ovos_dinkum_listener.voice_loop.voice_loop:run:332 - INFO - speech finished
2026-05-16 19:34:24.301 - voice - ovos_dinkum_listener.voice_loop.voice_loop:_after_cmd:851 - INFO - Raw transcription: [(' Thank you.', 1.0)]
2026-05-16 19:34:24.303 - voice - ovos_dinkum_listener.service:_record_end_signal:660 - INFO - fake barge-in restoring volume to: 70
2026-05-16 19:53:02.823 - voice - ovos_config.models:load_local:89 - ERROR - Error loading configuration '/home/ovos/.config/mycroft/mycroft.conf'
Traceback (most recent call last):
  File "/home/ovos/.venv/lib/python3.13/site-packages/ovos_config/models.py", line 81, in load_local
    config = load_commented_json(path)
  File "/home/ovos/.venv/lib/python3.13/site-packages/ovos_utils/json_helper.py", line 126, in load_commented_json
    return json.loads(uncomment_json(contents))
           ~~~~~~~~~~^^^^^^^^^^^^^^^^^^^^^^^^^^
  File "/usr/local/lib/python3.13/json/__init__.py", line 352, in loads
    return _default_decoder.decode(s)
           ~~~~~~~~~~~~~~~~~~~~~~~^^^
  File "/usr/local/lib/python3.13/json/decoder.py", line 345, in decode
    obj, end = self.raw_decode(s, idx=_w(s, 0).end())
               ~~~~~~~~~~~~~~~^^^^^^^^^^^^^^^^^^^^^^^
  File "/usr/local/lib/python3.13/json/decoder.py", line 363, in raw_decode
    raise JSONDecodeError("Expecting value", s, err.value) from None
json.decoder.JSONDecodeError: Expecting value: line 1 column 2 (char 1)
2026-05-16 19:53:02.826 - voice - ovos_config.config:_on_file_change:311 - INFO - /home/ovos/.config/mycroft/mycroft.conf unchanged
2026-05-16 20:02:42.789 - voice - ovos_config.config:_on_file_change:311 - INFO - /home/ovos/.config/mycroft/mycroft.conf unchanged
2026-05-16 20:02:53.055 - voice - ovos_dinkum_listener.service:__init__:169 - INFO - Starting Voice Service
2026-05-16 20:02:53.083 - voice - ovos_dinkum_listener.service:on_alive:96 - INFO - DinkumVoiceService is alive.
2026-05-16 20:02:53.085 - voice - ovos_dinkum_listener.service:_before_start:372 - INFO - Starting service...
2026-05-16 20:02:53.179 - voice - ovos_dinkum_listener.service:_connect_to_bus:476 - INFO - Connected to Mycroft Core message bus
2026-05-16 20:02:56.215 - voice - ovos_dinkum_listener.service:on_alive:96 - INFO - DinkumVoiceService is alive.
2026-05-16 20:02:56.220 - voice - ovos_dinkum_listener.voice_loop.hotwords:load_hotword_engines:124 - INFO - creating hotword engines
2026-05-16 20:02:56.221 - voice - ovos_plugin_manager.wakewords:load_module:141 - INFO - Loading "wake_up" wake word via ovos-ww-plugin-vosk with config: {'module': 'ovos-ww-plugin-vosk', 'rule': 'fuzzy', 'samples': ['wake up'], 'lang': 'en-us', 'wakeup': True, 'fallback_ww': 'wake_up_pocketsphinx'}
2026-05-16 20:02:58.810 - voice - ovos_plugin_manager.wakewords:load_module:148 - INFO - Loaded the Wake Word wake_up with module ovos-ww-plugin-vosk
2026-05-17 11:25:40.814 - voice - ovos_dinkum_listener.voice_loop.hotwords:load_hotword_engines:173 - INFO - Loading hotword: wake_up with engine: <ovos_ww_plugin_vosk.VoskWakeWordPlugin object at 0x7fff87db9010>
2026-05-17 11:25:40.815 - voice - ovos_plugin_manager.wakewords:load_module:141 - INFO - Loading "hey_k9" wake word via ovos-ww-plugin-precise-lite with config: {'module': 'ovos-ww-plugin-precise-lite', 'model': '/home/ovos/.local/share/mycroft/hey_k9.tflite', 'listen': True, 'active': True, 'expected_duration': 3, 'trigger_level': 3, 'sensitivity': 0.5}
2026-05-17 11:25:40.826 - voice - ovos_plugin_manager.wakewords:load_module:148 - INFO - Loaded the Wake Word hey_k9 with module ovos-ww-plugin-precise-lite
2026-05-17 11:25:40.938 - voice - ovos_dinkum_listener.voice_loop.hotwords:load_hotword_engines:173 - INFO - Loading hotword: hey_k9 with engine: <ovos_ww_plugin_precise_lite.PreciseLiteHotwordPlugin object at 0x7fff6ae04ec0>
2026-05-17 11:25:40.944 - voice - ovos_dinkum_listener.voice_loop.hotwords:load_hotword_engines:217 - WARNING - No stop words loaded
2026-05-17 11:25:40.946 - voice - ovos_dinkum_listener.voice_loop.voice_loop:start:190 - INFO - Listening mode: ListeningMode.WAKEWORD
2026-05-17 11:25:40.946 - voice - ovos_dinkum_listener.voice_loop.voice_loop:start:191 - INFO - VAD pre-wake enabled: False
2026-05-17 11:25:43.948 - voice - ovos_dinkum_listener.service:on_started:100 - INFO - DinkumVoiceService started.
2026-05-17 11:25:43.950 - voice - ovos_dinkum_listener.service:on_started:100 - INFO - DinkumVoiceService started.
2026-05-17 11:25:43.951 - voice - ovos_dinkum_listener.service:on_ready:92 - INFO - DinkumVoiceService is ready.
2026-05-17 11:25:43.952 - voice - ovos_dinkum_listener.service:run:349 - INFO - Service ready
2026-05-17 11:25:43.952 - voice - ovos_dinkum_listener.voice_loop.voice_loop:run:255 - INFO - Starting loop in mode: ListeningMode.WAKEWORD
2026-05-17 11:43:12.517 - voice - ovos_config.config:_on_file_change:318 - INFO - /home/ovos/.config/mycroft/mycroft.conf changed on disk
2026-05-17 11:43:12.521 - voice - ovos_dinkum_listener.service:reload_configuration:1067 - INFO - Reloading changed configuration
2026-05-17 11:43:12.522 - voice - ovos_dinkum_listener.service:on_alive:96 - INFO - DinkumVoiceService is alive.
2026-05-17 11:43:12.523 - voice - ovos_dinkum_listener.service:reload_configuration:1108 - INFO - Reloading Hotwords
2026-05-17 11:43:12.567 - voice - ovos_dinkum_listener.voice_loop.hotwords:load_hotword_engines:124 - INFO - creating hotword engines
2026-05-17 11:43:12.570 - voice - ovos_plugin_manager.wakewords:load_module:141 - INFO - Loading "wake_up" wake word via ovos-ww-plugin-vosk with config: {'module': 'ovos-ww-plugin-vosk', 'rule': 'fuzzy', 'samples': ['wake up', '[unk]'], 'lang': 'en-us', 'wakeup': True, 'fallback_ww': 'wake_up_pocketsphinx'}
2026-05-17 11:43:12.577 - voice - ovos_plugin_manager.wakewords:load_module:148 - INFO - Loaded the Wake Word wake_up with module ovos-ww-plugin-vosk
2026-05-17 11:43:12.580 - voice - ovos_dinkum_listener.voice_loop.voice_loop:run:339 - INFO - Loop stopped running
2026-05-17 11:43:12.995 - voice - ovos_dinkum_listener.voice_loop.hotwords:load_hotword_engines:173 - INFO - Loading hotword: wake_up with engine: <ovos_ww_plugin_vosk.VoskWakeWordPlugin object at 0x7fff87d78050>
2026-05-17 11:43:12.997 - voice - ovos_plugin_manager.wakewords:load_module:141 - INFO - Loading "hey_k9" wake word via ovos-ww-plugin-precise-lite with config: {'module': 'ovos-ww-plugin-precise-lite', 'model': '/home/ovos/.config/mycroft/hey_k9.tflite', 'listen': True, 'active': True, 'expected_duration': 3, 'trigger_level': 3, 'sensitivity': 0.5}
2026-05-17 11:43:13.005 - voice - ovos_plugin_manager.wakewords:load_module:148 - INFO - Loaded the Wake Word hey_k9 with module ovos-ww-plugin-precise-lite
2026-05-17 11:43:13.008 - voice - ovos_dinkum_listener.voice_loop.hotwords:load_hotword_engines:173 - INFO - Loading hotword: hey_k9 with engine: <ovos_ww_plugin_precise_lite.PreciseLiteHotwordPlugin object at 0x7fff6ad93c50>
2026-05-17 11:43:13.010 - voice - ovos_dinkum_listener.voice_loop.hotwords:load_hotword_engines:217 - WARNING - No stop words loaded
2026-05-17 11:43:13.011 - voice - ovos_dinkum_listener.service:reload_configuration:1117 - INFO - Reloading Listener
2026-05-17 11:43:13.070 - voice - ovos_dinkum_listener.voice_loop.voice_loop:start:190 - INFO - Listening mode: ListeningMode.WAKEWORD
2026-05-17 11:43:13.070 - voice - ovos_microphone_plugin_alsa:_run:113 - ERROR - Failed to open microphone
Traceback (most recent call last):
  File "/home/ovos/.venv/lib/python3.13/site-packages/ovos_microphone_plugin_alsa/__init__.py", line 78, in _run
    mic = alsaaudio.PCM(
        type=alsaaudio.PCM_CAPTURE,
    ...<6 lines>...
        periodsize=self.period_size,
    )
alsaaudio.ALSAAudioError: Host is down [default]
2026-05-17 11:43:13.072 - voice - ovos_dinkum_listener.voice_loop.voice_loop:start:191 - INFO - VAD pre-wake enabled: False
2026-05-17 11:43:13.075 - voice - ovos_dinkum_listener.service:on_ready:92 - INFO - DinkumVoiceService is ready.
2026-05-17 11:43:13.075 - voice - ovos_dinkum_listener.voice_loop.voice_loop:run:255 - INFO - Starting loop in mode: ListeningMode.WAKEWORD
2026-05-17 11:43:13.076 - voice - ovos_dinkum_listener.service:reload_configuration:1154 - INFO - Reload Completed
2026-05-17 11:44:10.648 - voice - ovos_dinkum_listener.service:__init__:169 - INFO - Starting Voice Service
2026-05-17 11:44:10.666 - voice - ovos_dinkum_listener.service:on_alive:96 - INFO - DinkumVoiceService is alive.
2026-05-17 11:44:10.666 - voice - ovos_dinkum_listener.service:_before_start:372 - INFO - Starting service...
2026-05-17 11:44:10.749 - voice - ovos_dinkum_listener.service:_connect_to_bus:476 - INFO - Connected to Mycroft Core message bus
2026-05-17 11:44:11.451 - voice - ovos_dinkum_listener.service:on_alive:96 - INFO - DinkumVoiceService is alive.
2026-05-17 11:44:11.457 - voice - ovos_dinkum_listener.voice_loop.hotwords:load_hotword_engines:124 - INFO - creating hotword engines
2026-05-17 11:44:11.463 - voice - ovos_plugin_manager.wakewords:load_module:141 - INFO - Loading "wake_up" wake word via ovos-ww-plugin-vosk with config: {'module': 'ovos-ww-plugin-vosk', 'rule': 'fuzzy', 'samples': ['wake up'], 'lang': 'en-us', 'wakeup': True, 'fallback_ww': 'wake_up_pocketsphinx'}
2026-05-17 11:44:12.310 - voice - ovos_plugin_manager.wakewords:load_module:148 - INFO - Loaded the Wake Word wake_up with module ovos-ww-plugin-vosk
2026-05-17 11:44:12.751 - voice - ovos_dinkum_listener.voice_loop.hotwords:load_hotword_engines:173 - INFO - Loading hotword: wake_up with engine: <ovos_ww_plugin_vosk.VoskWakeWordPlugin object at 0x7fff20a15010>
2026-05-17 11:44:12.752 - voice - ovos_plugin_manager.wakewords:load_module:141 - INFO - Loading "hey_k9" wake word via ovos-ww-plugin-precise-lite with config: {'module': 'ovos-ww-plugin-precise-lite', 'model': '/home/ovos/.config/mycroft/hey_k9.tflite', 'listen': True, 'active': True, 'expected_duration': 3, 'trigger_level': 3, 'sensitivity': 0.5}
2026-05-17 11:44:12.758 - voice - ovos_plugin_manager.wakewords:load_module:148 - INFO - Loaded the Wake Word hey_k9 with module ovos-ww-plugin-precise-lite
2026-05-17 11:44:12.761 - voice - ovos_dinkum_listener.voice_loop.hotwords:load_hotword_engines:173 - INFO - Loading hotword: hey_k9 with engine: <ovos_ww_plugin_precise_lite.PreciseLiteHotwordPlugin object at 0x7fff03b68d70>
2026-05-17 11:44:12.762 - voice - ovos_dinkum_listener.voice_loop.hotwords:load_hotword_engines:217 - WARNING - No stop words loaded
2026-05-17 11:44:12.763 - voice - ovos_dinkum_listener.voice_loop.voice_loop:start:190 - INFO - Listening mode: ListeningMode.WAKEWORD
2026-05-17 11:44:12.764 - voice - ovos_dinkum_listener.voice_loop.voice_loop:start:191 - INFO - VAD pre-wake enabled: False
2026-05-17 11:44:15.765 - voice - ovos_dinkum_listener.service:on_started:100 - INFO - DinkumVoiceService started.
2026-05-17 11:44:15.766 - voice - ovos_dinkum_listener.service:on_started:100 - INFO - DinkumVoiceService started.
2026-05-17 11:44:15.767 - voice - ovos_dinkum_listener.service:on_ready:92 - INFO - DinkumVoiceService is ready.
2026-05-17 11:44:15.767 - voice - ovos_dinkum_listener.service:run:349 - INFO - Service ready
2026-05-17 11:44:15.768 - voice - ovos_dinkum_listener.voice_loop.voice_loop:run:255 - INFO - Starting loop in mode: ListeningMode.WAKEWORD
2026-05-17 11:44:44.654 - voice - ovos_bus_client.client.client:on_error:112 - WARNING - Could not send message because connection has closed
2026-05-17 11:44:44.655 - voice - ovos_bus_client.client.client:on_error:130 - WARNING - Message Bus Client will reconnect in 5.0 seconds.
2026-05-17 12:35:46.939 - voice - ovos_dinkum_listener.service:__init__:169 - INFO - Starting Voice Service
2026-05-17 12:35:46.952 - voice - ovos_dinkum_listener.service:on_alive:96 - INFO - DinkumVoiceService is alive.
2026-05-17 12:35:46.954 - voice - ovos_dinkum_listener.service:_before_start:372 - INFO - Starting service...
2026-05-17 12:35:47.015 - voice - ovos_dinkum_listener.service:_connect_to_bus:476 - INFO - Connected to Mycroft Core message bus
2026-05-17 12:35:47.670 - voice - ovos_dinkum_listener.service:on_alive:96 - INFO - DinkumVoiceService is alive.
2026-05-17 12:35:47.671 - voice - ovos_dinkum_listener.voice_loop.hotwords:load_hotword_engines:124 - INFO - creating hotword engines
2026-05-17 12:35:47.676 - voice - ovos_plugin_manager.wakewords:load_module:141 - INFO - Loading "wake_up" wake word via ovos-ww-plugin-vosk with config: {'module': 'ovos-ww-plugin-vosk', 'rule': 'fuzzy', 'samples': ['wake up'], 'lang': 'en-us', 'wakeup': True, 'fallback_ww': 'wake_up_pocketsphinx'}
2026-05-17 12:35:48.545 - voice - ovos_plugin_manager.wakewords:load_module:148 - INFO - Loaded the Wake Word wake_up with module ovos-ww-plugin-vosk
2026-05-17 12:35:48.975 - voice - ovos_dinkum_listener.voice_loop.hotwords:load_hotword_engines:173 - INFO - Loading hotword: wake_up with engine: <ovos_ww_plugin_vosk.VoskWakeWordPlugin object at 0x7ffeefa15010>
2026-05-17 12:35:48.976 - voice - ovos_plugin_manager.wakewords:load_module:141 - INFO - Loading "hey_k9" wake word via ovos-ww-plugin-precise-lite with config: {'module': 'ovos-ww-plugin-precise-lite', 'model': '/home/ovos/.config/mycroft/hey_k9.tflite', 'listen': True, 'active': True, 'expected_duration': 3, 'trigger_level': 3, 'sensitivity': 0.5}
2026-05-17 12:35:48.983 - voice - ovos_plugin_manager.wakewords:load_module:148 - INFO - Loaded the Wake Word hey_k9 with module ovos-ww-plugin-precise-lite
2026-05-17 12:35:48.986 - voice - ovos_dinkum_listener.voice_loop.hotwords:load_hotword_engines:173 - INFO - Loading hotword: hey_k9 with engine: <ovos_ww_plugin_precise_lite.PreciseLiteHotwordPlugin object at 0x7ffed2a90d70>
2026-05-17 12:35:48.987 - voice - ovos_dinkum_listener.voice_loop.hotwords:load_hotword_engines:217 - WARNING - No stop words loaded
2026-05-17 12:35:48.988 - voice - ovos_dinkum_listener.voice_loop.voice_loop:start:190 - INFO - Listening mode: ListeningMode.WAKEWORD
2026-05-17 12:35:48.988 - voice - ovos_dinkum_listener.voice_loop.voice_loop:start:191 - INFO - VAD pre-wake enabled: False
2026-05-17 12:35:51.990 - voice - ovos_dinkum_listener.service:on_started:100 - INFO - DinkumVoiceService started.
2026-05-17 12:35:51.991 - voice - ovos_dinkum_listener.service:on_started:100 - INFO - DinkumVoiceService started.
2026-05-17 12:35:51.992 - voice - ovos_dinkum_listener.service:on_ready:92 - INFO - DinkumVoiceService is ready.
2026-05-17 12:35:51.992 - voice - ovos_dinkum_listener.service:run:349 - INFO - Service ready
2026-05-17 12:35:51.992 - voice - ovos_dinkum_listener.voice_loop.voice_loop:run:255 - INFO - Starting loop in mode: ListeningMode.WAKEWORD
2026-05-17 12:36:20.767 - voice - ovos_bus_client.client.client:on_error:112 - WARNING - Could not send message because connection has closed
2026-05-17 12:36:20.768 - voice - ovos_bus_client.client.client:on_error:130 - WARNING - Message Bus Client will reconnect in 5.0 seconds.
2026-05-17 12:52:28.946 - voice - ovos_config.models:load_local:89 - ERROR - Error loading configuration '/home/ovos/.config/mycroft/mycroft.conf'
Traceback (most recent call last):
  File "/home/ovos/.venv/lib/python3.13/site-packages/ovos_config/models.py", line 81, in load_local
    config = load_commented_json(path)
  File "/home/ovos/.venv/lib/python3.13/site-packages/ovos_utils/json_helper.py", line 126, in load_commented_json
    return json.loads(uncomment_json(contents))
           ~~~~~~~~~~^^^^^^^^^^^^^^^^^^^^^^^^^^
  File "/usr/local/lib/python3.13/json/__init__.py", line 352, in loads
    return _default_decoder.decode(s)
           ~~~~~~~~~~~~~~~~~~~~~~~^^^
  File "/usr/local/lib/python3.13/json/decoder.py", line 345, in decode
    obj, end = self.raw_decode(s, idx=_w(s, 0).end())
               ~~~~~~~~~~~~~~~^^^^^^^^^^^^^^^^^^^^^^^
  File "/usr/local/lib/python3.13/json/decoder.py", line 361, in raw_decode
    obj, end = self.scan_once(s, idx)
               ~~~~~~~~~~~~~~^^^^^^^^
json.decoder.JSONDecodeError: Expecting ',' delimiter: line 1 column 1589 (char 1588)
2026-05-17 12:52:28.948 - voice - ovos_config.config:_on_file_change:311 - INFO - /home/ovos/.config/mycroft/mycroft.conf unchanged
2026-05-17 12:52:55.874 - voice - ovos_dinkum_listener.service:__init__:169 - INFO - Starting Voice Service
2026-05-17 12:52:55.887 - voice - ovos_dinkum_listener.service:on_alive:96 - INFO - DinkumVoiceService is alive.
2026-05-17 12:52:55.888 - voice - ovos_dinkum_listener.service:_before_start:372 - INFO - Starting service...
2026-05-17 12:52:55.942 - voice - ovos_dinkum_listener.service:_connect_to_bus:476 - INFO - Connected to Mycroft Core message bus
2026-05-17 12:52:56.598 - voice - ovos_dinkum_listener.service:on_alive:96 - INFO - DinkumVoiceService is alive.
2026-05-17 12:52:56.602 - voice - ovos_dinkum_listener.voice_loop.hotwords:load_hotword_engines:124 - INFO - creating hotword engines
2026-05-17 12:52:56.604 - voice - ovos_microphone_plugin_alsa:_run:113 - ERROR - Failed to open microphone
Traceback (most recent call last):
  File "/home/ovos/.venv/lib/python3.13/site-packages/ovos_microphone_plugin_alsa/__init__.py", line 78, in _run
    mic = alsaaudio.PCM(
        type=alsaaudio.PCM_CAPTURE,
    ...<6 lines>...
        periodsize=self.period_size,
    )
alsaaudio.ALSAAudioError: Host is down [default]
2026-05-17 12:52:56.606 - voice - ovos_plugin_manager.wakewords:load_module:141 - INFO - Loading "hey_mycroft" wake word via ovos-ww-plugin-precise-lite with config: {'module': 'ovos-ww-plugin-precise-lite', 'model': 'https://github.com/OpenVoiceOS/precise-lite-models/raw/master/wakewords/en/hey_mycroft.tflite', 'expected_duration': 3, 'trigger_level': 3, 'sensitivity': 0.5, 'listen': True, 'fallback_ww': 'hey_mycroft_precise'}
2026-05-17 12:52:57.448 - voice - ovos_plugin_manager.wakewords:load_module:148 - INFO - Loaded the Wake Word hey_mycroft with module ovos-ww-plugin-precise-lite
2026-05-17 12:52:57.452 - voice - ovos_dinkum_listener.voice_loop.hotwords:load_hotword_engines:173 - INFO - Loading hotword: hey_mycroft with engine: <ovos_ww_plugin_precise_lite.PreciseLiteHotwordPlugin object at 0x7fff8155d160>
2026-05-17 12:52:57.454 - voice - ovos_plugin_manager.wakewords:load_module:141 - INFO - Loading "wake_up" wake word via ovos-ww-plugin-vosk with config: {'module': 'ovos-ww-plugin-vosk', 'rule': 'fuzzy', 'samples': ['wake up'], 'lang': 'en-us', 'wakeup': True, 'fallback_ww': 'wake_up_pocketsphinx'}
2026-05-17 12:52:57.461 - voice - ovos_plugin_manager.wakewords:load_module:148 - INFO - Loaded the Wake Word wake_up with module ovos-ww-plugin-vosk
2026-05-17 12:52:57.884 - voice - ovos_dinkum_listener.voice_loop.hotwords:load_hotword_engines:173 - INFO - Loading hotword: wake_up with engine: <ovos_ww_plugin_vosk.VoskWakeWordPlugin object at 0x7fff646216a0>
2026-05-17 12:52:57.884 - voice - ovos_dinkum_listener.voice_loop.hotwords:load_hotword_engines:217 - WARNING - No stop words loaded
2026-05-17 12:52:57.885 - voice - ovos_dinkum_listener.voice_loop.voice_loop:start:190 - INFO - Listening mode: ListeningMode.WAKEWORD
2026-05-17 12:52:57.886 - voice - ovos_dinkum_listener.voice_loop.voice_loop:start:191 - INFO - VAD pre-wake enabled: False
2026-05-17 12:53:00.888 - voice - ovos_dinkum_listener.service:on_started:100 - INFO - DinkumVoiceService started.
2026-05-17 12:53:00.888 - voice - ovos_dinkum_listener.service:on_started:100 - INFO - DinkumVoiceService started.
2026-05-17 12:53:00.889 - voice - ovos_dinkum_listener.service:on_ready:92 - INFO - DinkumVoiceService is ready.
2026-05-17 12:53:00.889 - voice - ovos_dinkum_listener.service:run:349 - INFO - Service ready
2026-05-17 12:53:00.890 - voice - ovos_dinkum_listener.voice_loop.voice_loop:run:255 - INFO - Starting loop in mode: ListeningMode.WAKEWORD
2026-05-17 12:53:29.545 - voice - ovos_bus_client.client.client:on_error:112 - WARNING - Could not send message because connection has closed
2026-05-17 12:53:29.546 - voice - ovos_bus_client.client.client:on_error:130 - WARNING - Message Bus Client will reconnect in 5.0 seconds.
